Transaction Hash,Received Time,Receiving Address,XBT Amount
002eaecebf435e9bc3e2f3c4804ee6dd89c1dc342585d216394e1f447dfef7f8,2016-02-08 11:50:09,1L14Rw9G4P173tTZdMKsFPpMNY9WdiLKK7,7.48180409
0083abb19ca6ce1ff1dd55ffa6531fe4d88d3ec884d93ee3c3f9a03efb4cb1b1,2016-02-08 10:32:20,1PsMd9HzNxfyFNRQRxsjjvvzX48EmZVn9n,13.20340145
00934630d88a064f60a9d294de072d5fe49620f2d6d72749fed7d0728bd2dcc6,2016-02-08 11:42:38,1Pvw3xFhAS2i58fSdSJ7ZuHXHLSe62KcKx,5.71467871
00d4189eca25abcf1381bff4db78db8a8edf8f11c5deb095fe7aa7cddb09f44c,2016-02-08 9:26:04,1NCzDib1QNF8dRD2WErgV4HSZkgyci5J8Y,59.99562
0113e56efa662e7afb75ab00d3494cbd573e6334db8b6108d42df26c5381efdc,2016-02-08 9:26:04,1rJmrG2Ys22pELEHzRftdfaruxuTqU2qm,87.10104493
011c0366033ac9d0a5ca5a878a3f16f65495942b2a50d1c1f23f582d7d95477a,2016-02-08 9:45:50,1yUW75KTCyDvDLUG4fqYiZ9SoQppi1UUi,32.07933132
0150e23da5194fa499d7036fc9e56fea71427f7eeb075df05b1ffd390b906d96,2016-02-08 9:02:45,1PJZXZabndR9Qg882p5zcowDbm8VgdfzCf,316.9902
01761d53855d122c0a12e60edcb37db0d446d0d48ca49cd497cf26e7921c9fc2,2016-02-08 11:02:46,166pNsorHyGbsbMKKn4CEodbuXaFa3Y8KA,9.39057582
01c7cdfe8ff23da7ab14a1a30e84373fe3f0d45f428de3c5cbf72253ca807904,2016-02-08 9:13:09,1MiWBbynejkA7LG7x1x7GZaiCeKCUptJPq,109.0274067
020f4a7126f1e9043d130f8fb43ae3dec71f27c63627d817db0f972df61923a9,2016-02-08 10:18:03,1FwXSbaB9uZZE2fU5KyN6ihBpZ1iJbRNXx,19.8883868
02171a7b4d9f1b60c7fd3e4dc85910cf573a18a1587a2d475a3525c54a304ac5,2016-02-08 11:50:09,1JRuuSzwbztchRvfktJ7X92PYAo7PW6ifX,5.05245627
0246d5aff14be64827cc3d2fb3e029386060eea4ac3a6569c5f55c3a01333bdd,2016-02-08 9:26:04,1NR4RXVuBwdBxjpbh3K4a366VzhJCnDxLb,59.67411929
0296935eca6ec9e81ab6b0eb1ba3790e2722ae0bd58b1fa1ab7d52bca5c0ab25,2016-02-08 10:18:03,19d2cVH5War1g2LVdcMdYhfHvwqT3BcftP,26.33886504
02e3f1d6a3f7c7460698006086208258f1a129a69aef98d3a74bc612c8aa1263,2016-02-08 9:02:45,12VVFPYS7S9sguVq91vHqvHuLWP25911Qu,226.3702027
0332ee90999c56aed77c17964718540b164d1fd19bb9dec7a1a762baf2a841b9,2016-02-08 9:26:04,1Dfzu2HQ2Lgkx8nR2oNbNszEbZLJLH6TLa,56.97580753
03438d13f209d06782b0e22074355734028e603a2f2ccf207c9188ba70d3d657,2016-02-08 9:44:32,1CLMvKuPrdet13kxBCdPdomX4wybKAB7gp,42.56051068
03539846a5df860891cce4b414e6b1ae9b3e728350bc42cf43c35ef668fe9b80,2016-02-08 10:18:03,1U2WZsEWMYproaiUaRsevezh6pbR2bKVb,18.3512
037107a77b76ad45248749c5e0593f1bb9e443372c240397f1f452dc6e654265,2016-02-08 9:02:45,1FcPMKxEWiqA7DxmZW5hqbZGNGpByNvkJn,219.1836664
039ef9ebc4b4d252b84395a649d70a61bbf62dfd829336dc9244c9448035d642,2016-02-08 9:02:45,1EbL5mfs9TcVVr8Ycw1W8i36id2aZF57wS,307.4842858
0407b8619b27f8ae51509370a2554e319f577f302499c2e856b3316ab686c230,2016-02-08 11:29:26,16v9Pt4JQcDCsptKkfRC4FFzZLrB2rSFaY,8.88401693
0425a49d3b9e11fe04cf5cf04d8c51a435d6dd87a564f332bcb2b52408904fa8,2016-02-08 11:42:38,1LeQYBaJcedndKkb1d9jpAbYu84ng6ZNwa,5.97803433
0486cb3850e77c3e20ecda8fa9c50c4bc9fde2968c5dd48855cd15310e7c2cd4,2016-02-08 9:44:32,1M8qRtqkRuSiJ9ZZzvweCMbM7NsMCVmN2u,39.99648
0489b855df6bd28f8d813c2da9e2953f5342cf8eb61d2e2d1b84a357e3c822a3,2016-02-08 10:18:03,1FJp2nX99FwZVkAh3tY9Fxv6kCWH4h4NDM,23.62952046
049dc4b16dceb0a92026863fa542af0a03ee9326912e00654925d4af051f99d0,2016-02-08 10:18:03,1JkvLGQ4dEk26b56gXD6o1ifPnLDePeRcQ,16.0132318
04ae52943d98746c4e0777ef9df4e01baec9a644b939c3a965c3859778ca0519,2016-02-08 9:26:04,1vcAF6rqdgJEkjwNw2WzhyEAQizcmRF6C,67.30261488
04c977d554e9db53e93ba7cca073ec0a0261bac5e0261ecbc2f156252cea4633,2016-02-08 11:42:38,1MfYBA3B2J3fdExngfqKxtj6HWwszC2fUX,7.1190693
0518723932dd74f149bedb0a7ad6d179f4de72c865cd2dff60e464ca3916ea52,2016-02-08 10:44:46,14oZRvnGJwrsvMtJMJSBFuqEJnXYMkXxxC,14.50697447
053379ab593e05c0fd8ad2668f2b184c12628680df2105b76032f00063d57a56,2016-02-08 11:50:09,1F61jB2fkdmChVUkBFqgs4Pmn1bNyps6Xo,5.00655316
05384f4000a8914e339adbf9e95c1f8870c8c71c7b7504e8df521fb952e126de,2016-02-08 10:18:03,1HttqWBVgTBqASaMErtj72toF4QWVyxVXX,25.5300564
055bf18131cefc7cd0923996ff68a8a4e936f9267ffb58da3348690eb1c2c240,2016-02-08 9:13:09,1Ek8bEiPLEZPorTNUZWQCUU7z3e9p99v7k,147.8616276
056aa43356f0e260a60d9792fb64d5a98ee596e660f243a739ce9a08914fc1c6,2016-02-08 11:42:38,1ASBiunFq2qVjTLgZjj6g6X2MPEefpAEmk,7.7375449
06138d5b21986534f13ea222b31804fef518eb66695775bbdf4588158fe82fa4,2016-02-08 9:26:04,1PhtyiFJdnJPGNcy59XAaK55zseeJTe4o1,58.51730561
063481d4abb3aa24fd64d8c84feedec4a8201beb072ec308b2da70292b4312e5,2016-02-08 9:02:45,1LBs7Ni9314yH8YPd6y3dBV5JZDChZRUzM,416.3311896
064d27f0159c0c754a33595dfc46314738f023b653d6c0edd084f53070a7a6ab,2016-02-08 10:44:46,1GM7wj5Ubme7vc9JjzBh3di33Fq9SWNiqh,11.38888299
0656af6b9a65b4eac2e49e7c0dd7fd98295ad309cbe3f946f0cd8d468f0af3a2,2016-02-08 11:50:09,1JZRj3PMDdzxwdLmGTuDp8no966Sv41fFt,10.40672475
069179ae91fa2b30bd75424b266addbfc80d7f14f88e9723c1ad179b868e351b,2016-02-08 9:45:50,1379VJQdaxjLXGj1U6qCvrtteXeTubu68v,31.9343374
06b27267208cd0ca30ef6dd9cd66d059cd2ff933c3b87f343c19ca58d6ff0f8b,2016-02-08 11:50:09,1Bnvt5yU6dDDN2naYYmuMcvGqMuaNuQaaP,5.0144
06db46527f7549d8df53ff524c5cf5174b91604d950b533a2543c1e4b5bea602,2016-02-08 9:44:32,1BKDL9qWSE4xdbYB74LQ5LEc4aUd3YTYS,55.45645235
06f2504b97ec0cd94cd8702837fde218edaab28b6bcca2f2f5ea797bcdde6978,2016-02-08 11:02:46,1YAF4RZEGCGkVDT8gEMAKQpZdyX4efsvz,9.10286679
06f3e4c9e5c36422e0c72426cc0a56a43f86f464854a75cee1ba580ae602fcf8,2016-02-08 10:44:46,1FHXvDcWkBC7MmChLahWRJHZ5cXpf8mPEN,12.07752602
06f47b788261ae48951c7d38d5c6187f2c2a1953cd7fad2d07fe1ec0ee0350b2,2016-02-08 11:29:26,1MLPQ9iWCLN6f6hHrPQDpFsQY5EVoKJb8k,6.84245805
06fcab5653ecb12c4f3bf6cd54eddc3e84baab7eaf4070ecc9f32dca30717932,2016-02-08 11:42:38,184HCLN5tkmzWZRjsc47eG9BsTcXVrNvbV,8.398898
07318e873a25dbec69896319affff05cc035fb917d2664344b8440eda5e5b24d,2016-02-08 9:02:45,1NU4EVCF3nCF83j8LMs7vb5PuctnpLHaNU,234.2373146
076462eb4ca86d81d9fb889f767d262cc666cc1959403c09cd06a41ea56adbe9,2016-02-08 9:44:32,1EJ7oFEyJjg9wgqwXt2nxSVnsKaruH2Hc8,50.00380229
077a3eb48c36f6992e4533e6a4a09e96bb9b1fec957fa8efc921ed2096db457a,2016-02-08 8:54:54,16wVgJG3iC51C1UbCrCLp53Vy2EsvCRhWq,1343.910156
07cd1bc83f0c8d1135e088cff39835f427f068298ab6094d0941a2e520cca4c3,2016-02-08 9:13:09,1NKAtQA7G6Sc3iQ6wFyX66QWXv2CJQLtxV,163.6097745
07e4fee8f09fd60fb81054d688fd12c825932577f4c30c45392a75aa9b4d94e1,2016-02-08 9:44:32,1Ki1bTgMJ6ypa3o9gBsFq2hvQDuBt3dpA,48.33816393
07fca7857593adcafa991c76c0c5a7d8a93a6c329bb8954f2eeccb83182b5196,2016-02-08 10:44:46,1JckNQ1djX9Pd8TwiSCPKMiBUKr1LAzeRs,11.9104195
0821ab47b61e6f1fb63e4a785e0e42220cda7499e2c454083a900999d69e0046,2016-02-08 9:26:04,19G5DhHqvhngmM8XyTuaMX4SeSz2yz6Yt8,95.9662
0870aa61388154e2b32f3c95e4ef58022ccd2a9dd11b7c7b60c4d0301972e24f,2016-02-08 11:42:38,1NeaZUhwz2xoF7r2byHZm18oExPcZ6Bhsf,8.8261
093c30dde729358921c9f6c851ef885757375bdd7c0cf7acfe9627ce4041da7f,2016-02-08 11:42:38,1LTNMn66aNi2DZ4xSaEKWZAgts4Dh9Gc2g,7.98755267
09c289ae94d2fbe1102dcf4e09d965dbb06796b8004d9b736193e8f5f9f52d32,2016-02-08 11:42:38,1KNyv7sRCTuyW6iFTcXadVkBBTfkiKtoBg,5.99668328
09f16615cc74e75b5f236c0eb97373b51684a2b5460eccfe83bf669bca732230,2016-02-08 12:18:35,1HM4ZTVKgQWAMsjY7EpAbaDu1xkvvMJb2k,4.0461642
0a8778bc7e5e84ad3d1c93a2682670f4b8d84a13f1ce130c629f1148a5cdfe2d,2016-02-08 10:32:20,1DyQeTo1aeeyo6nuB74eDCvRyj6dUJjNRY,14.6226119
0a96290196dc77be3364b8fb7605425ec3ee10596312c661ae5e93520c43a2c2,2016-02-08 11:42:38,13C2uKWL15TRuTZjhtVYSktik1MpzpBCBZ,5.29141814
0a997d9e207c06084ab8d764c9ad75288584fd7cf8d4540f145547386185670b,2016-02-08 8:54:54,1NRP7kwVw1SEwNFLT53vVduB592WCFy7TD,951.855047
0b3bd53e38a50665721b1346d568527613a621e2e2fe294dae515e75ac87edec,2016-02-08 9:52:41,1PoY5TF3FYRif22p8LbxfQpKBs3LLuNgAp,30.2702
0b3f9c4429747b5129f80eed2676c7fdc5659f923e96f9bae3af50c84e525225,2016-02-08 11:42:38,18vupVH3AxenG62F9zngbDrG3v2FpXFTLo,5.4902
0b6eaabc841a3b9256da7c0f63a4f2f3d0ba43b4300c0232fc59e228c5c2f00b,2016-02-08 11:29:26,1BUzVDqvBM5XitTbxenUGsf6P5Fw8798cE,7.48333321
0ba074a0365a08caacf60cc16b596e281397efc7d4a0fdb5a46b1eb19934dbc2,2016-02-08 10:32:20,1EipS2KrHy35qi97Hc8xoWVSnBKjyjjpGr,13.02662881
0bc5001d9d7d20004f7a45ffb9170bdc4c3846e0325a5ea5f17bea09282e4c4e,2016-02-08 9:44:32,1pfMkN58NunvVFruawbjPERiJmArNneHV,52.61858643
0bcca5a8fc5166d2d5538b28d0bc3b4376bb7d3a9195f0273bea398047d67de3,2016-02-08 11:42:38,1BF3NLvw3VbRp7U56hzrQXGz9oG8yLRpbb,5.70923732
0bde2b8c062eca446926cf1dbed5eddd03bd9576a50f33c257fff656d23b028d,2016-02-08 9:52:41,1AaxJTo2srDJNDuESq6oE52xeeAWQBCzYD,28.77039951
0be720b0bb5e833e5e10f9959c491ad1f64740da353f6c5e24660588593c24d0,2016-02-08 9:02:45,1CHXYSJYaVccvRVAa4wE4bFkHqdRL5gZUx,399.5378313
0bff187236af7dc341c7eb859b7886f5820223421d724e1502e65d56ff7e324c,2016-02-08 10:32:20,1z36qDMBppj6wPCkuk2qtbqd9EhumCkHS,14.96637996
0c289f9a70e713017d193b57be89f2e6fe4b59f11e6e595120eb0f99c4f4072e,2016-02-08 11:42:38,1L7y37whkLSXWStashpydjAXLygbJ1AXU,8.36034037
0c6dca10501530f2242ba6c0074efabca8d1854eacd509757778453d2e60c503,2016-02-08 10:44:46,13pqdhgRASKwjWSYVPTzt6W5CfV47uCWQg,11.51083601
0c7d037681e5ce0bc3fcde8cf791b26a3fbdfb1b5fcebfdc0a76c75eab18bd4b,2016-02-08 11:50:09,1cp1vpuEtMuvwcSQiDA3uuv89ATXdume4,5.16938918
0c8a4bd37bd099f67946c013e2bb2afe9f7e2e97530d1f10fb9087929e96b4f0,2016-02-08 12:01:35,17muBjukbPXCwr9eyJyimz5SYhs4qvy6L8,6.8762154
0ce23713550f984b78206a08cd8a398bd3f4cde630a785cddf3a827d8d060f81,2016-02-08 9:26:04,1LzwvfzZ1CozdAqkXZKfRxaAX4hVx8Gd1b,62.44162823
0d073123854425c14933b80ed26446f3d0296743994b1212b7c4801763560b86,2016-02-08 12:01:35,1NysMuDppRGeJY6RbNJTiR78Gx7ADGCNvQ,4.6286
0d25284e8f7075ccd1be22777391203967dc1fd604373d0b190c57d65c979109,2016-02-08 10:18:03,1G2tocDaj9MZtRvmeDYRxdPocyoWeDwXb2,18.83958863
0d7abd2154bc706a8f970053705fe7bf46978e1df7302ef83cd00dd960107e01,2016-02-08 10:54:52,114PDfPopBBrNL8F8utnfze5WuovQPy5D7,10.44682922
0d7bda8b1930ae476d9b94b5d0ddfdf98164c5641ec67a099a61d2a7a25b365d,2016-02-08 11:50:09,1NoKfn1HKSLoVSCiqtZiMCgUVZ5r8cXdrd,10.15800902
0d8443088ecf6251bb91df705fcaf3a2f8042c8f8249655c639935eb37b0c3bf,2016-02-08 10:32:20,1KctN3WEELL2iJETBFZTj6w3rpesA8UKr1,14.12819131
0ddaf3ae0bd0a34f4b44d63b4fab97e1a87121af8952934752a5c89f77cb9e15,2016-02-08 11:50:09,16nNWSLHek6vbr7wvwgB1DHjbDuEfsWcYQ,9.29740045
0e4b271a8813c304b96d4e28b78fe0a1db2f8d645394ab0525ebc159f226987d,2016-02-08 9:13:09,18mtMXBciPYx4M4i4grv4YxncX23hyFtSP,100.9740662
0ecff875d9be41c5c9cb5c041ea0ee6d85f27a6f78ba0257b0eb5272f6d7c439,2016-02-08 10:18:03,13ABLFzCAksqEkpc7WC65xXwErDbHV6AZG,15.89155922
0ed9c492592b0b840ef8595f356e555eea3542ed3488b54332e5c14ae45afb04,2016-02-08 12:01:35,1KPMcuF5iEjivtHk6bEedUK63JGZ7ujASS,4.72199801
0f11baba716431b6981634cd735388e334216f1bd22c543cdaca4048c52f3971,2016-02-08 11:29:26,17YpTcbYk52bLvwKGQfbqqq3UebdG2n696,7.3277132
0f806be61e7991bf6c501cc41640c616ba3a5bffe583ac5fe2a566af16e87428,2016-02-08 10:32:20,1CpHQz9GebqwRThnJAh5cz32uEjpZYrkK2,12.8419069
101e0cdbe3f8fcc24618ac898f9ae7b079b94ea722780b807474d8a9bf442de1,2016-02-08 9:13:09,1Aztp22fRtX3K4oZH8R7B4ai1yQjKkCM4h,109.9998639
102f4b7d24f4a9a182d1896abce7bdfdce91249350b3cea097e2d93c336405b5,2016-02-08 9:44:32,19KifiaEXNC61CqxE3KbYkb4KVD6KMDqq1,41.51579498
10313f20c35676a5b55fc7fcff4982c0763575edbde65c750db4602e12230c30,2016-02-08 11:29:26,18mmaiKjQi8Z1iSjwnSMmjdgM1N4nLP337,6.08117022
1039be1466168bb80d3c52b7973e4bed5d13f1a71486d012423ba777a02e2447,2016-02-08 9:26:04,1MdigQC9JAQdJgJiYNWdu9t7q7vimdosqf,72.594422
104627dfd6e5ba9528914d8b131da558a77c16b0d31f2482c3072e65edd25729,2016-02-08 9:44:32,1LZhvkNg8oWzim6Y1LAtkbpaceNrRJMBq,48.44259115
10467c0b0b47e76489a11bdb36d04a19be2daa301599f58b638551f611472a8b,2016-02-08 10:44:46,11wMk3vhAQm6gbpiwP2A8UQ7ZbaQvcqc4,11.81644149
1048480294d0e51708071a2317c7d4ed24194478aa44d474bf1790be73cdde99,2016-02-08 11:50:09,14r2XpEaqMrw492a9ycys22NveJuE4MFGH,5.09160547
1051f3dc9718da8324e5f3b648bbedc57195370f661a893b8a7e35cb5165cc92,2016-02-08 9:26:04,1CvLPYDdC2pHYBsNogXCzcG6HAFKN4WCwa,77.1467057
1057ea0e4d70752d7a534c3e3c20bb3e688ad992a552fa3faa65ffa6d31cba6a,2016-02-08 11:29:26,1JmNUPhofhqQAzjB87auAuTPqNQ5JeHjwn,9.94367114
109a725f70cac50f444b4c0eae3b1eac6a815ee124f5f853aaba680a3e9fd39f,2016-02-08 8:54:54,1C3Vh4v2fa8Ahc8mLwQRdb7ByanJDsRCVm,427.064836
10b947aaf022662b250c458105730994f1f3eea0b09012a7ec0c2334ddc35ede,2016-02-08 9:44:32,1GMX6VU5EBTbnQVZZMAzfQWAzMKCBUxGTv,43.43419129
10d0c4c1cd423950a8f1d72e532101034bc9470e72021efff38e0e9663f7343a,2016-02-08 10:18:03,1EZhGmHefvQ5pXDretdML5jB6cjn1aNnBi,21.04682991
1126eb5c8755c0df2d73bfd3c931782a8ab931dd19864b38a15b531288989a4f,2016-02-08 11:50:09,1LCZeFWANAkB6ZdP8uoZegRxxvSvCFaZ9q,9.06868043
114e104a1c7c3202f196759952205f0584564971192ac40d75b26219f881e75a,2016-02-08 8:54:54,1DGYkf45V583KYesmgWBF5vHgggCnWYgoK,600.2230738
117cb20cebe170ebd4b452e5a5251e737ebcb31253137a7531a60e0286758bd1,2016-02-08 8:54:54,1QDBWKgfftwuraEasMGSUvj9PPrswZv19q,1757.321542
11a63964d7ffeb95642d3b24b66db12040e21334a6815e3ded13f1e09e84ca89,2016-02-08 12:01:35,1M16QJirV8Bh6CJZzchd4MJTNV1yoJypom,4.92383338
11e8fe2d46a87d4859ab1dda7b944ab4f815d9c9a59b6e5526fe8b3395ded664,2016-02-08 9:44:32,1ECWugEHmvypaRQa3ScuvSjewmsKn1deaz,44.98612087
11f598203a977ddde00a42e4ba859f3276d25ba8e65d23c2bdba430f13db6d55,2016-02-08 10:18:03,12NiPCNiFHPeYRYKDyHxkUVdf64Ka4WeHL,20.9802
12af7f2e51e1f43d6ed663082c9e6fc510953754bfb424973bf5540413e0f1dd,2016-02-08 10:32:20,1LYf1Zt42gMAM3CHbTB9rEkwAnJfCjVQ2g,12.86944245
13139cc86ea529198b321ee898d6345e1cd817e8563c868e438da60a4f9cd78d,2016-02-08 9:13:09,12JPA2xeiQNnXbdXDYCawrzYLUCdqBtYUz,106.8304123
13463427f7af120e0c8827acf98956140826b1669e2af3508d92a6da4ca2f050,2016-02-08 9:44:32,17Ay7dsgruKviD37fn3HvUanRS5FCxzi7D,50.11020028
1350b0ccb8820a400cad4c8b2371d14a373fe5bdd9a9db8b806f6cc029f98c96,2016-02-08 10:18:03,1FAzmZzdB1WghZsetxjGbsL6yy1EjQSANq,19.9958651
13648acd0feece368548b28ee2d441f44ca80c2014fa3418cd137614772060d5,2016-02-08 12:01:35,1EAc9bxCJHvrmMDayucidsEe656G8qHKbv,4.82801801
1367378033882b4b0cd0552c3da2c076b0d9f11b9eb7a66ae05b3a5a81f8585c,2016-02-08 11:29:26,1puGzAU2zkfK1jMc97c1XM22qPVb3jf6E,6.70063598
13685ca3c81a91a03f0e42d0946a9f5cc56a682b1f9ffc10d6e7df9ad1f9bbde,2016-02-08 11:42:38,13NuTisTnWRuFi6CZmADaH5u9Tm6Uaeo4r,10.09582623
13ac7ec644592bd9c955cf53d084746d84ab851894c82967bfe091eaf1cc5e66,2016-02-08 9:52:41,1E1HpeCHhfzMUpeDmQ4pjCy6fDeeV3khEA,29.21806089
13acd70bc42521febab3b8cefeacad68a302c82ed01c716c6142b182f51cd1c8,2016-02-08 11:42:38,1QF8gib6juHfW4a2niKzF33LJ9fTiT4MYo,5.41014061
13ed91e5e8ce4fe63a90b67660e997fd8b1623d51ef80e81fadeec5fbe36020f,2016-02-08 10:18:03,1PRQYsQWeX5ZTPt4U3smiCSSfti6akD39C,19.36418285
140234d75598060f81313bd55c079b28257130d13f87290016a9a99312565d91,2016-02-08 11:29:26,1BmJSxj3sYLpVESEwyDEa7NWF9P8n2RH4w,6.1226453
143313f3b468f0258edc2b1eea1ff6b7adae6209b5469625095cde04d2f584b7,2016-02-08 9:52:41,1Lyxoqwm5JBGfPCswtL9Y6zAZGLEhuQqPR,28.97795226
1439e640ca94a6bc7c7b4e23f108d6b4f65f3e1441eaf32a5ce159f507ed9887,2016-02-08 11:50:09,1GavFpA3MZRbdBqKbEs7UmzqTCiBFuZhkF,10.5663421
14eb77ebbb28f69fb3f537c41bc5d7efc1f31866566853c14bb0c7abf21cbf65,2016-02-08 9:13:09,1CLNXSWY7icg9YyMVyNNthTn2Hph5Q8Pyg,193.4664528
14f8ab63d949e7dd1f4478afbcbd5bdf83363b09c6b24ea4be695e9e94e5e647,2016-02-08 11:50:09,1DHXWw7sSiAp96oMVCjtwsEvvizomtuYjv,10.6045788
14f8c664447df8435df052301b552f2d3fe605a471a87a56e638305759bf5050,2016-02-08 9:52:41,1Eozwwt2wPqhKvxMupxR2ooZeaQj6u1QMz,30.28071789
1584a25cbce9fc0db152085f8edb95298848e3ef5fe78cedecfe7ca2d842f549,2016-02-08 9:13:09,147KNyC3D8yArnmTiy4PkVw1oSLCsaewAo,168.6701432
158e92a0e1220d3027283f698655057b8de7002c1ce6a473f0309a5c3b30a720,2016-02-08 9:26:04,13PXs1zXyLWCTZ2HXBV8jPxgxbv5hs7SrX,68.51622808
15b48ff48e6ced1b4aee2a3a8213094275ae4a34c10b2273ea8e6c0a0d19342e,2016-02-08 9:02:45,1C7he8kF2aUosWfy9WUePJbYC68ZZq2qZF,321.4033829
15e7717f815bf5347796567a80d0168c3dfd7662728a1060fa1a1d2a766f87de,2016-02-08 10:18:03,1GhgKPYq8k7jNeSvuvcptu4bgxMg6F1kg9,22.2093724
15eaaab00d02290d2de9c706e1da1a8f0adcf145d804ede1019a8ae7d1ffbc69,2016-02-08 9:26:04,1PSaeUAR4ibwnDKrGWNo477yU11egXd644,96.00802592
15eb67e996a07429be23245208ffd2b352d68ad8bf138682a78138b2278af3bb,2016-02-08 9:44:32,19cYodtUJVZ9xsFKrTduhx851ksrp7tiXj,50.90617145
160edcbeb1d65446b53f2ada5c14aa7ee0e20f706b6d88a50c7e832e7442ac96,2016-02-08 9:13:09,1jYUEh7sT3ekKnCBtczsRn1DjUFr8M45Y,184.8305028
16b7daa4b487bf58750b2d45ebe8587cd1101f64e9617829d80ac8bbccda9eba,2016-02-08 12:18:35,12adZPDwoZKD98kohtW7xgBtjewyYm9RE2,4.19321444
172ebfc512efd7cac19d84d137634c6207b8fa2eb7574f2d1d3033f674e1d75b,2016-02-08 10:18:03,1P7emH7ZdL1xZgjUyPsRXQrnJCT6MZpEpp,22.89235862
1744135b2ee0718f692a9c4bd26a3220d5aeb0fe8095d25f33edd666f7240e08,2016-02-08 9:13:09,1JSstUEAb3jwavFaf69DbPaT2Z6H6RjaaJ,110.0613394
176af53bedd190024befe1afd59c6e3f1a23cab4d52b70d6acec3c2e0daed802,2016-02-08 11:50:09,1JjYST4wwh5gcCK58iE5DXcsKM7hRVC1hY,10.39503861
178c693f0220261f41e1ed7a528740ece712186a18cc16d2cb24bbb28cc19d67,2016-02-08 9:26:04,1FGUk3YFd1MLpoMimgZfUkrhGGjr5ofyvz,78.34422674
1798e8dfef5a08aa5cbc9e428d686edc01ac988b6c315036f56ca80fd819efba,2016-02-08 9:26:04,18Qhj8c9e2iobLjsJ4KJsYcBBCfg1TbxXN,62.67083369
17ba0c40a8c3654a9857fcb51aa94ee3c4133fd5bb98361f01bda35c506796e0,2016-02-08 9:13:09,15Uumgkep7A5mMVzcXDvvBEPwkSeuRLFEJ,160.2134847
17c674fbbc3e42d340c8386f3e316befdedb8fd785d6b0faa79b2db60598cd6b,2016-02-08 11:50:09,16o93fd4bgRCjBNEVhZFyhqWPv8hAkHqcU,9.00718699
17c88006908eda081d8ac252df273697d092036a02740745c0d1fbdd6614000e,2016-02-08 9:02:45,13YH67TyNujmwbBc2JvE4GMv3B86wKU8nH,351.1040378
17fb2f677a6c5399afa17b2c053638ca438d05cd1d5bd86ad432d7a82bba65f9,2016-02-08 11:29:26,1PXQVEYk25DzQJQcL52z5Z4dstP8v8B49v,6.1225615
1833ad3f8d7ced641eaed5783a467733aaa791286dd6a9879f063318b1fc6039,2016-02-08 9:26:04,1Q2fiGJZtBnaXSMdfJZzYCvzpS6D2Xq2Zi,85.21313212
1869c9aab1f8f6650dfc8b716d4a5cee4c5593a8600509f9398db01d67ea0051,2016-02-08 9:44:32,18mjjJCCBcqSKWqAFLEbDcEr8NZAC69VBN,43.03182988
18c123b89832598e1af631e72c08a5491e836b68d047ce3434fa40769324a3d2,2016-02-08 11:42:38,19UVSVyDsBfGQXjkcNoLuhrHsLrh6hpLUu,5.5845
18c5ba886e6b53f18aa14ddde03c5347542df350ceeb07a8d0ed71818062217d,2016-02-08 10:18:03,191XAwnBJNeUKECadGWaJ93M62iwQ7SNYx,21.48328278
18c9e5b699f081385590be5b3011d9f439ad58797b8a834728e4c40dad7704c7,2016-02-08 12:01:35,1JCdovKuuHCBEYX7sAZaWH91PrYerncR2E,4.92853141
18d3507ddc2d8a6161386e629dfd9f460fa61f4ab1ddd1b68d6263f5fc06c96d,2016-02-08 10:32:20,17ygnqNxCt2bvtfux4jAmXHGSP18S2NATs,13.13022646
18d6f5e58d6bb0e32f1bf09b8c7a6892ba4c52ebb942bc0b2da159e65041a8fe,2016-02-08 11:42:38,1LBkdpYdBofA19d543JFRF7U3D5XjJG3bD,5.21912135
18fe8838ec236f74874896c31ae0865e9a655dd54453fb8e17c79a64883ed379,2016-02-08 11:50:09,14cREEcjbR2245471nteqF9yZsamHmb4w2,7.15875757
194434f295e263772c88433bd2a8640379c8f8a77b1cb902c93ab8e345e813f5,2016-02-08 11:50:09,1JTfsvmJPZgoWxoxFpHKgRZDZbth2vQNdi,6.99
199e674bd80dc05978c5c4341fb18ad9b33d4cc2b4e3a80727dbcc01119993ee,2016-02-08 11:29:26,1J1TYJvyD4NvBjyVaW1BkheM1YkishZVji,6.97974633
19a265f13ae34d6216bb061ad5dcdea580b5e9574d0409e06a17e6f559330e7a,2016-02-08 11:50:09,16Z1USubHzAa6WSAUyN6sA12YVG1Vchxuc,7.04081612
19e53619161794e182470fe4f6c68c9a6a94a8093703b740530ee5f674e30963,2016-02-08 11:42:38,12xsqCszmgYc2n7dehwjkRfAMRbKEQNPpE,5.33816422
19ee4b59b1d0a32375dd99b865e19f0e12e191270a783ec1564e5e5f5af8f42e,2016-02-08 10:18:03,1HQNZTLcujUnqsyS1CvLjHtEK1WScpVfz6,17.10347209
19fa68d365a4051ecf035100b6670da7ac11dd7538b24092b645f7f57f6c09e5,2016-02-08 10:18:03,1MYNTypBAgnUfjQAsJAbACUN59McirpVES,22.91621536
1a032641b175c2fccb59f557b159dfd0242055438015a063b9bd30c656a24d16,2016-02-08 9:44:32,163ECybdSW2mq5Z8hkaordzyyQgPifCpNY,52.61388949
1a0bcbec2f29074620558f0a7c4b1e94b5fa96e59615fc32e4167f73b9c146d1,2016-02-08 9:26:04,1FQYvM8RqQsrT9ZTZUXyKZDsHDCcptNzf4,69.55490869
1a3b4dbf43e74f07d96b772223b528a1157df1a5fa065c53fe6928ad706df089,2016-02-08 10:18:03,1HHcsXcpHFDRxJopYhfYqpPvsvVxuhzV8,20.02060748
1a50e1ec247d3f1adb5058c9ff95b8ad9eedf5f81690d2bec282cbf126f69172,2016-02-08 9:44:32,16nV7QSZ2By6bpEVNoXn9uaJk2mitdZANA,34.0133259
1aad14fc61054c86e8b346f77fe611d5dcd77e3d96d6d45873c0a23e88a2070b,2016-02-08 10:32:20,15LVwB8oPLtzWiq66iUwXEVMDxdfbD541h,14.65593287
1abb5ef67f1ebc982e2f703ba0bef325601bd0ee1d9ffe7a445c3ac3b4dfe99f,2016-02-08 11:50:09,1F6riDRpnRvTenzzgZQKwnfNXuRLEdqnVS,6.99093244
1ade9ad661037f45a2376fb6292526b6d64d7b9ee37b76e2ee2b5b28c6983c7c,2016-02-08 10:18:03,14sX8A48RB3vMHXoGtt3pKSSE5JVxw6N8H,25.10177806
1b0319a5c63a95dca07d24f7ad82529bd91595687c98d51db94ae6d10aadead0,2016-02-08 9:26:04,1WZb7HMQwrkEV5onDx5oKhq55rfyXjsKJ,74.54631468
1b3d4d6802739b4189c01184facbdc3e037a36eed17c7b4a9e49429b84ebb9bb,2016-02-08 10:44:46,1PDyrtLq3fpqVLSFG7Rosrwxwfz6arLU4m,11.45577182
1b93d30f98d2e435aefa0c46b2d228723d29f6c08c2bd4dedbc40a62cb64e0c9,2016-02-08 11:29:26,1AzoTLTizK5S5tFPhgZKiKmUL3u2usCoDa,7.0846544
1b963ef817a47e57237df76f4a22f92f9182ffdb4495011100e7c247768660e9,2016-02-08 10:32:20,1FNnWwqecxZscVBzVdhT8bZe2QuX9NoKmz,15.19209703
1b9c7c6c77611ccf186731f092576b3dc9335b4cb148662a04677a9d1052d21a,2016-02-08 10:18:03,12yZATYaijsT7SFV23xW4XwXnWTq8mX5XS,23.98909526
1ba62e149d7bfc3f39166511204d75ee8ccaf4505ecd011464c494654b00269d,2016-02-08 12:01:35,1ByesZydmHHUEdPypEhozQUhEc1HCqFp6C,4.8624331
1c3a0d72fdac17ac884af42ba34b45e07ae6481a99ad1e27ef0a7ce2fc42bde7,2016-02-08 10:18:03,12ps5YARmqkufe79M3LUaqsUS2K55zxzPS,22.99172985
1c5f8a4e36a09d14b8dfa366df136ae0769e2363b6e2366853bdcf28bb1f38e5,2016-02-08 8:54:54,1PGJvQHmETJggj3EycYukmP9SiS1WH4Vyj,492.4390656
1c7f4577f30e36d2e242112554743d3fb9bca95889e4e3f01ea5cbf9e08a1e33,2016-02-08 10:18:03,1LRUjfHGYp4TfA6LSFjFm4NHjiRvBuSvfo,23.79205366
1c865e69d748499df43094cf75f81fddf109b71775069bc6488b8d45f8e8362e,2016-02-08 11:50:09,1CX56QRKFp7bcwsuy8xzpdAkwjsLh9hn4Q,8.27879125
1c931a7c88cbb391e8e84d06fc39a3bfd5effb263a78dab640d4c5d822add660,2016-02-08 11:42:38,1GtgJ48XoDqEJuWWM3ehSrQDkBsUVeXYa6,10.11879949
1ca96975a8a2284d14cac13996ccf384053819b85dc99caaeb953a68fd8e0eca,2016-02-08 10:44:46,1G9taBvTy5EwaMwKF9TnMQRdUxvFpR8sxw,11.60884328
1d6e875bc1a51bd10388d25f227a82277d65346dfe73414a368efc849ece003c,2016-02-08 11:42:38,1NStGKwFJqgq2JjRKY5zbokkqYVLfWpM4V,7.46390721
1d8f47abd79ade71de96a8d5b12ae2be855faadd983f4bdb42b5811e6fa1bb6b,2016-02-08 12:18:35,1CLkuUHe2horwSASH2NXH6ZkE46vGzLqDS,4.281491
1dc1399f0ae92cec98924875e2eb6bd3e3efe0622b15a189553a13126e26a07e,2016-02-08 10:32:20,1D1m5EdCiXfNXJEXK3uCPr6ieym2nVuttG,15.0652
1dd41f3beffbd52822ef4edfe0578dd80bf93ca5299149fc5b8992dba7b28254,2016-02-08 9:52:41,18pTods3vbQi6ETxjY6YoH7fdLXhHkdwtb,30.29977698
1dfd5181483a7d2c54aedc2943cce8e8a96a32c56a9a6b7815c965d182a8f316,2016-02-08 9:44:32,1CMoUZQZW8SsUQXrSJjABQeoYAcDitb5ke,43.3643
1e0a0314c19abf6d03b3ff075bbbc31915f209d46fa394bb2af74994c1b07690,2016-02-08 11:50:09,1DmgEh32ytdyFrHnZ9VnbrrMyfFmGQoWB8,8.66405073
1e2eb0e37bb346468aaed6dd7cdf3b738841dd5d69b7fe1879de4c29167f00e3,2016-02-08 9:44:32,144zDgXyWw9raFrJh8zzdicT2eAt4XF1VP,49.99161551
1f2e61086149e7fc6e5754a0f7e61e8f4b0f9da60481823cf431136977db6c66,2016-02-08 11:50:09,13X8emGBAoNGz32k25YYMUqFkVNUWWpNR7,8.15053461
1f3c56481b0f0d53317c36d82decff2d3f478f8e2d8f24b713da3bab23bf8450,2016-02-08 10:44:46,12xMWrXrWMWnGLogTTv3Fit32bLkrWAv5T,11.58224501
1fc0cac7fd612092e27c7538c3a398304c568c4a5c8192c5f97a7cc80adae2e9,2016-02-08 10:18:03,1YfEmqkA3VeYoDAQhY6pS4hyXZLqt6DrN,23.39024278
1fd4a533b50fab3a3baaba0a0de2a41f61db833caf30f1dafb021512b51f699c,2016-02-08 11:50:09,1MueUh5chQYjGcvAa7Parp7hfqG4f5EEFs,9.98601416
20914a8360c8057dd9ac92ce961e9e57d43064ef991ed01a4be111f9551be68e,2016-02-08 9:44:32,14geEAazbF1vzPauPixuSSeRA6DBzakyuM,50.38015516
20cdec439bdb36b69174278cd9906e22997f592e0e6f44a326c58f25d64e2f76,2016-02-08 9:02:45,1LBbeceonhvxcivbVap7nJCzaeSnj3mofJ,221.2579123
20d97215eaa015d7c19aa2c14875802f5f0af9f3f022b9a848e9dedd3ac94d16,2016-02-08 9:02:45,15LpKN4JQD2mTDX9S72zEis1ZeSMbUHLCE,367.3373405
216c61887a7c95aae45a73c041e84b1d740e62c5bdb03e45eb37be109cc722a6,2016-02-08 11:42:38,1NcBdH1eacStDRhXE2o6Sd3hQFjyFDT33V,5.20443
21d7aa107bd73c66155e2aeae1840a40aef3402282de317e022a92b98b822338,2016-02-08 11:50:09,19PUA3U2TnfbGzaiZLjg9GkNvRUFuxYiPv,4.9902928
21f8b1708aff402e432946a35aba45b1253e92f670cad4e6a8b1a4edb626c4e6,2016-02-08 11:42:38,165BzSCzGa8R4jJgizzGmduxcxX4zqngz9,5.56905877
220ac8a96320da277de63f1a7b99de104ce4e7b478a3041c1c05b2372876b12f,2016-02-08 9:26:04,15QZKaxaJJ3cXApsBtDcPFLNs6hzHkCMgv,64.17821673
224672341b511a31cff6e9012362c4b120d30aa60a9542147029d94131b3689b,2016-02-08 9:44:32,1EjqatG8L5rh65hHhkBXdjUfWShwnzifW7,55.52183721
2283b7a65a214006ef2bbf10728ecbee21b307a44428881c9c3683bec69ef0f1,2016-02-08 10:18:03,1BDC4qRcD9EQ2gEzCpx3ATPFEaUmwFskKv,18.09626575
229ad5c67a7939cf176ef3fc1d40748e718f620e026c6bc3e39eff01c787b1d3,2016-02-08 11:42:38,1muBoTgrQgzEuBiesQ2kN5eQwdNkR59Y4,5.2464664
22a339d5fcc86c2130e9c0fd2672019034ebf18282ca540e594b0d8e607e7192,2016-02-08 9:44:32,15Gxz2v3KHsK6xeuFyNmE4FjvzJKFZ1YQL,47.14425467
22b0e2286549b90b8a4d7ceb4b30d08110978c81c03e4097ea2c00ae4de95cdb,2016-02-08 11:50:09,1G9CJbv8C6DHb8d2Jcdj5dGzquSWh4W7KU,7.99087707
23374a64298c7689801948112d6d2f6053a893bc4e79bacd4832adc1170cf0af,2016-02-08 10:32:20,1Gczooc2w3TmFfHEGUMLhj8SePAqY61WAQ,14.856693
2348e519d9f3b20db9adae8b873fc385ab7b9f6b30d4169e8d4b8d5068e9a604,2016-02-08 10:44:46,1AENMeDbXJ8B1V1ks2d6Y8RqyKPN3mDVi3,13.98375152
2379218950e77c52c798a6ab8d2ebafa346d01e50cba6c9a141dbd9abfea2005,2016-02-08 12:01:35,1HbkEBGwybr4yV747GtfBjGuuiCuMV5xKQ,4.3814
2386cdda892e8b431b2635013e9aad5ff0dc9e01c37d6c9e3afbdb5e1cb59688,2016-02-08 9:44:32,1MH3ajARxfXwKn41d7PJefckPjHrtQYofW,53.8822
238983e2e4c9c7bc791a5b350a4bd7e852dcf80ae3f9a1e8596a2832a3bc466a,2016-02-08 9:26:04,138AH1W4SZ2AWmvqcH6ND9Vq5wnstPoSxp,94.4392245
23beef34051d236bd17f1be4b0a33cd704010bc3c1a2d33276ae871f66c95d09,2016-02-08 11:50:09,185uyDFCh6aAXsQbc3kh7rNaTktUzy6j1h,9.99817063
23f9cf56bd082ad5427ecdde3606c2068499bb866b6e91753c155af9a991f2d6,2016-02-08 8:54:54,16Xxo6of7F3MpMjZgCmMRKp2ZPPyXBTU1j,439.284717
2403967c35fb0530ae0c735deae03e75c4b85fa66a469090526242102eb22f76,2016-02-08 9:13:09,1FN9cH67TMny3GBfvZyHRLsvpQBRJ4HYRn,100.8040427
240b2c7ebd2738076c91f4a4f3cfd3bb73dd423ba365952b8a10e3c02c7a3a9d,2016-02-08 11:21:45,186zyWSteKuuyRmTC1Kx2cu2gEYvF8vgv9,9.9802
2449155a00fda8da01c3e3db269adbb7ee02941f7f25260caab58e58e6cc19c2,2016-02-08 10:18:03,1KtTpqiPsnr5Mp8moUvMXnPy8ZRjk8RGrk,22.99805167
244b0dda090ef1920a98c758cf7540b0e2a6f45a8204c4fc542c9345261a0ea3,2016-02-08 9:44:32,1sDK2UeRyH5QsTKFwz5fKTo2yYY8Y1eHf,50.36145334
247ed14eb0e0cc0fa85dd4ff24fd3577261e05a54254704ced00ed106d41bbb9,2016-02-08 11:50:09,1B72n98zAC5cVDJV93S2hTbukXpam7T9W8,7.55931544
24f0205ac645e4fb2fcbfb85775517a4e43dd87d989f661b9bc46f032c44f4c6,2016-02-08 11:29:26,1LpV6A7reJLgQ1d9jfJrLnWViphqX66NfU,8.3813029
25cc395e639443dc95ef8536e020608e3468f3ecde124d3e9422f578e3b51f63,2016-02-08 10:32:20,1K58eN4YSzdxewqDXdUp6yVu3HoTDzAX5v,12.97886593
2633096b172da0ab2d247f69896925b6edc2bd852236c7b583c284b6d3314c62,2016-02-08 8:54:54,1NDyE1D1EWTd7ACaUSak2ycRANb1np3mBy,712.7347863
265101224d0f39bcdf756583acf2179ea4f936928bafdcf0200bd5145ea17ed8,2016-02-08 11:42:38,1JrzxXCLmgfR52Yr5advLm8NfqdwvMTGgU,8.81524446
268a90c0de6ca55d682fbf52975c9dc521beb906bdb920f965ec8dec8990b052,2016-02-08 11:29:26,14hPNFLv6PUjHrtYqD6y5dWHA6eKp3MYwR,6.18763249
26c76286a12dba7f0643c6396d3ed140a26a5606c9879ddc3c78f366d58a0c8b,2016-02-08 10:44:46,1Hxu3BkfMeeijpPEVZcqvckYdUXbWNm3bH,11.02913894
270f30fe0196ac62cd4531c425d92e562b0146d9d68ddc6be84373c4d0708a51,2016-02-08 11:29:26,18S8mFfxnJn27k478wQJVMdProjdQB7q1u,6.98881255
27146e479a375cf08d5914f342a26f61bb38ab1c0956c56d5ac12ae63ff807fc,2016-02-08 11:29:26,16rwb52rsHmMYm4EdWhsf67cJEix7K3dgW,8.42106515
27400767cd85e8cdc4aeb99e9bc1cfd98cd979508e64e5345364a891d681eeb3,2016-02-08 10:18:03,1PkSD8jGzZnJfjqKfqBrmHsQkT8KGpAYEV,21.971882
2758360a185fadc895b49f32627b162351838d89dafecf5e3745c3fb1f5c0dd0,2016-02-08 11:29:26,14Qv171N7S21TC3LNQLK6uTTsFDQ1qWMMK,6.23845763
27aa1289654e9d7e0defcc6e23a429444680924e307e312cb2ecd5d35a4e7e7a,2016-02-08 9:13:09,1Lmhc3CFsUP341AeEpPjkN1adbRBMxFM6o,127.4482642
27bdbc9b9dd24f19b535358bc16886ce1ea0dedfb310a12c9a47a50490f300c0,2016-02-08 11:29:26,1DtuGo8DibXTp14ff4we7kfvNGV2bYZqiL,6.3262026
27ff92645fc8349aed86a458cd9a05e26a46f46266c32bc30eb415862fe83cb7,2016-02-08 11:29:26,1AqoabX8kCiMzNCmFCR6qhjcKoihoq9R1y,7.61203693
2859c9557965ef608f7ad77e57556d753b51dbd5c452f3e351cb7ece67e8440c,2016-02-08 11:42:38,14xP85iqkcKnwyC2yzmi3AkFyGhkRm5f4c,8.06887084
28ebf4e59ba226558b68b4998467032e2b5b310495e5f6bf8ae20ba202555c24,2016-02-08 11:42:38,1FMFff3a4NbcFF64cwegcpQ5cFqV6TWpAG,9.0999801
28ffd73fec5388da9c988d95dbfe2bcbf36653e53ac187fbf0d265744818e958,2016-02-08 9:44:32,12MMT9N8kLUzQwFzGQ8mY2ZbESLphDnrQN,44.9002
29131e7ada37e9dc796fbb6ca6a304bd664aa502f498cc310743825997b2dac9,2016-02-08 11:42:38,1Lzy3AnrTbM1F9oHHyYF6tF6RkVzWuFCck,5.46049311
2956f1a38325f41f24ffcc12e19eab8dfaf65a7f22da168c0e4da11800c42c48,2016-02-08 11:50:09,1FXkv6Re4cKgDtEw8vAbe5QyvBSwJtmvCn,10.71095
299cdd334763e44efc709b8b43293c6c9b6f7b1fafdd9f6b506a3defd181474a,2016-02-08 11:50:09,17Qtz898wDUY7fdG8xkAQv8FpFxWnhYqCP,8.59502517
29afd6970136cd39f4ac365d9ea1b8bf1f47c49527f8e27d931db2dc94f78405,2016-02-08 12:01:35,1kJ7FTUePvfx8M9SXJ5gc8XsnkxDp8EBo,4.85929585
29e5a2ebd3a2f4817919ea40b3c3f60bc9e93448c012ee5b5574b2c90f9c7106,2016-02-08 9:02:45,1CgrXpGyVqGiPmoJLM8WdoWxYwJbckU8TB,199.9902169
2a0a534beba836c9bc041a0355f91b48e037b769c1239cff8554bb19d8d934b0,2016-02-08 12:01:35,1EQx3uFJ2mjUbRYXctLGAjyVgyjG1HUoe6,4.5801055
2a1b42c9fd09171ef9abd6de5a54cdbe49723bbd4fab0b8f989dc0d7d28e8e3f,2016-02-08 9:44:32,1DdjRZ72kZLYDsjbStwjyMqY1YNF1dSRxc,49.4260347
2a705b39f90f030f155890461d376d40629ec7d0f58e485d2ef39b9d25610968,2016-02-08 11:50:09,1B5P9Hzxd4d8xJqythjpX2XkmN1nUkkpd2,7.46664936
2a889ea1a5635c3ba25706e4bbd5acb8625a179dc481ae344eb35fc123dfe576,2016-02-08 11:42:38,1Cw6GHbxHgLnxvnxuwA8Bxh4MFkY9CQmET,5.97820982
2b1758cdb4d21126f3b7450681e01178fad13fb0931e09ee0f8c270f1a9f8bfe,2016-02-08 10:32:20,1AcPGacvWYzbChURwzub2GmWepG8iPAof3,14.48615301
2b2b6867911a7e4db8b0c459a5313aaa1c4449a12a3a97f6bc7e5012119348a5,2016-02-08 9:44:32,1Pp3sVuRLUxqwHu8tBYjrGfDDvyaRpf2pT,44.9452
2b31a913114136be5a614d16904b29a0e9a88c459141fe05b7e3348c26391928,2016-02-08 9:52:41,13ebd55XeThzE4x9M7C3wyU2cWd4oE27U4,31.14257554
2b50fec0054fea110176960f95a05f69aa3a8168f0d1727184a42c3cf8d2bbf0,2016-02-08 10:44:46,1NvMZoJyUFeSdVtCo9ysvt5Lq2va1s5hjR,10.96550307
2b69ac865593fc2cae583f3ea54df55ff3cd89d259a6b5e9c78b8e63a8c7d705,2016-02-08 11:42:38,1NYcZKoyExL5sAcREa5DzD7BAbYbM2pswe,9.05890605
2bacabf4ce29cfc5fa8b83d6ca9e04dcd67899f8a441d5363664fcf24a3bc6a5,2016-02-08 10:18:03,1MEpQovkSDWN3HgBSEgmaEL3KXXVUxf3Uq,16.54108263
2bbc650cde4e43b305206950af1e26a0893a4e185ef7f1d7719c9545cd3b7572,2016-02-08 10:44:46,19nFBrK2ZDLgez2HvVXtSqG7dGzWW3VmNS,12.53691852
2c9b50bafe6eb9220871a1be3865c204adb41dfc1fa05af06a6588fec29d403a,2016-02-08 9:52:41,18DXCGSRia9PBtKcoiLzK8xuqReHG5xR9c,29.11879385
2cd1f191a3a9687af3175ae113f2dc1d869ce92cbfd5531980f1258dab936f0b,2016-02-08 10:18:03,127S2AWNhdwsycm7eP6oV84NG3b7cFQeLn,21.55923101
2d168771db4870029ec0ddd429fc2e2c63d29df65afef269dfca50eb65676581,2016-02-08 9:44:32,1LkBonpmuNjVJkQaZG1TvXJYneuqWKiX1b,48.69371314
2d7e534bbf14db492dcfe652c4a2b4af75e81bb6df0fa1990df101bd7bf1a517,2016-02-08 12:01:35,1ERArwhkckiozU5yTN1u9Xuy51G6Sa1kXE,4.60573894
2dabe9486284f3590373fc34ad52370741fe97073fded2df68977aad0426e902,2016-02-08 11:42:38,1DtPFegVfD4qNHYzSzUxCQZ946mEqQ44b7,10.8690853
2db0b768b38a6e75226a6ec08c41291fdcdfa2c7bd8373e7ca9c337bf175de64,2016-02-08 9:13:09,1Jgtmo8NouVjoUoSSWApFUZU8uK79nY915,176.9581353
2dba0755302103dc9a4e8651d9fe5555efde6e95125ae97b66d225510c079027,2016-02-08 9:26:04,1FXCb9RgZJK6K4jxPg8cDkDD9XdPqAyzBC,77.4901
2e0b5901122b183e9ffe5d73e8b5f2062e0adef7e30ba8f2a6eb33b99df11309,2016-02-08 10:18:03,1GenJCBJSNSaHqbjiaV4ZKS8Ge8y7XkA7D,20.40855689
2e887d80924816c07ae5ac688926b908ae762054f3642560880d2fc56d568b80,2016-02-08 12:01:35,1H1xCcPu6mecQuj56bdkPcMrXw8unkczBm,4.67681526
2e892bcd4543359f735de949e9d494d2f7bacaea94848500e1664779ebffcf1c,2016-02-08 10:18:03,1LBAViExkifG6XNa3dTuqYfSWntmVu5aAE,21.04272265
2e92b9ee30f13504aab5cb5408cef8f254cb492e4b5ca9b4cc92187211177d34,2016-02-08 12:18:35,183AQLFgcd9BzL7FWq5zG2VTqxY9Kwrd6X,4.2847506
2f916c2e9bb1b9eed59c6682151023f8c1f3414c9ca1b9075f94723384bae595,2016-02-08 9:02:45,13e2syZfMGzEvqLe5LqyoWbXdWzkoig9Ma,390.8302639
2fccfa5358d21876d0209203df3b7d30a0a4cd0135f9bd5891f416afaa1e9706,2016-02-08 9:13:09,1AwqPGDWBizyKrnmbku9ECs9dh2RSmcZEs,158.8175303
2fdc063b3aeb1dd6f2f82a05175bf170bbd752860c474ff9eb5f4e4481fb61e6,2016-02-08 10:54:52,1EymZSkaNWznKhoJUhmia8kJsANgK8nbKd,10.26298877
303f9a411f3bd2a9acf908f70c3199db02e716e897a75508c58aa08231e73171,2016-02-08 11:29:26,19eYHKuGCXMXZhcE4xz1PZieMoAo6GzzZJ,6.74441971
307187d7ecc3140d5a32bc1b92722612df15008b31a9e9f10e73392f770c15c6,2016-02-08 8:54:54,1MtvzQMuuHVWj7qmfo5nqaxkQAeyeeXJzf,582.4237381
307b8ef58483e41443fc1fa97a49138b96d2628bf3d8f6e0c93c306eb409a30a,2016-02-08 9:44:32,1MyFKFiM2Rm9PxTpeRRtfFPq3hH23AQkzF,36.4924054
3099d12e1489bfca390ae9483c7355d432f50d1973343cf7597cdefaaba2dd4b,2016-02-08 11:29:26,14gsepJBemUA8TKd5hv7ikpmrBSvGQnQwN,7.57471119
30b2948eebad2c78ce7970f2a3b2225d3a09d4a92da27a58a243953bd31c0ef4,2016-02-08 12:01:35,17WXs3xaJv5L1bWx61Nqk5pSAjqvHob9CL,4.71873445
30be8682ae201a0a6d738d619ebd871dea6a8cd779a97a350b7a9871b583c837,2016-02-08 11:42:38,19Zur354Ra2M1QqVBpU4csEampZyRC7tK9,5.4063242
311fcd3157355fe78a4a1b71a303f91bc0fdfaf317e499c3b0f14de6d1a5aafc,2016-02-08 12:01:35,1exnxRTBvNLkgAqzDhr3imv3nDf3cnc4d,4.57118918
3136e9802e4e769057c0f7496224888ffe75623753f780b1b9907e848ebbfd9a,2016-02-08 10:44:46,137DwSrvkTWzzudxj3ceLhRrZEbWmHF6vY,12.25845412
3146b8507faed0f2c0fd74411c37d61910073e51b42b3eb56e177ce0daec1683,2016-02-08 10:18:03,1DrqZ6DNbBfKBmwZtzZJE3FWzCucfG9Hry,24.13134093
314ff8f4c4f272e5b66167b479818192c58ee07403b276af215028d5b1999f41,2016-02-08 11:29:26,1N7cYK4z8Lju2YARE35EqwzEtA4UVEciUz,10.45808982
317087d216f5eda1a18e6e02bbca05cdb46e10d25143b0101d0f2c6f4b0aae83,2016-02-08 10:32:20,1CnJpyfs6ygaEFnSAKuLiSzMEDFn7X6kSW,15.19445247
3187fd2eb641b12caca16a21025c8dd6c75977eab87f8e930dae5a6f912cb4fe,2016-02-08 12:01:35,1AgBJFiKa5h2bqLsPzjiqamms8FZuoW5Np,4.45870393
31b874d9872e6481eadc4ed6557694dec5d3703ce0cc528eff042ace9867f3c4,2016-02-08 11:29:26,18YLspcdPbtwerqCQPAajcDviTPiHcf6vT,8.34348654
31fe69de681182711ccb1f58de8f1485ec9664c45965a7e94ce6a85938e88a21,2016-02-08 11:50:09,1Q9zCS7b4T7Doub7BqjmFJZypfk6ewPbVQ,9.8898
320f0ff8daa4c8bf0dcbda20d9c87737787d9f5599f78026525daa9c7810f669,2016-02-08 10:18:03,17t244GRAkHZCpmkTDyJSaPSWnU7WqdC61,24.73678795
324bc730212638d318c1358465abe1f4de6913c19e177076b7b91e856e9b63d7,2016-02-08 11:42:38,1Ksj5w8qdyyimAVcyYkEn3LWXNa9UJXcx7,5.80875945
32880a9c7c5e0654e0e0faa06e49c79f4c9ca2b534bc6118918c421cef230ec0,2016-02-08 11:42:38,1CxxRRkFXyB5Z1s6DVgSQ92KbViQVY1rsD,5.85470231
32f1cfdbdcccc3bcc59f3e62b33ddbd34d67e10c6c257949f534289de8777ccf,2016-02-08 9:02:45,17SrKbMSYR1cbBBKvgvo341pUz4frdxim9,1356.464141
332114c6bccc8ccc6b95d5a1c6d9c9677d3fe17fc51e94903ed2b73ea879b858,2016-02-08 11:50:09,175Tw5VRh2bWzoQED2Jnfy9yuFhMJFwzoY,7.04536851
33588d7e0ddd8833d2e3128bee59d2acb0bb79cfb2f202507c003af750d6b2c1,2016-02-08 11:50:09,1BuN71gkf7mBGzep91sZ9dT2Q4JTUvhapb,9.98995066
339a3e214c713fdf873711b52f57a6fcd6201bf5e831246c2237f4097a1c2fc4,2016-02-08 11:42:38,19T8q6kJnejWJARDtpaAYMq35JoALTEA3z,9.82303061
33d396c59f273232d4f7e4059c534f959cfb14a54d90ee2ae37b25bd27cac4be,2016-02-08 10:18:03,1KPuVVwLg5jBpKyWrhV7Mn63qagSGeTGVN,16.91739605
34115b860b030c2710c99c9ae25a08911a5bf1a09cf4e89a52e30d554ca591fa,2016-02-08 9:26:04,1D3Px4LZWkHvFSKBkSpjGsi9dMBbFSQnpW,66.39383826
345bd2e4512f9433071307045e33eaa7c91062e34e7e266e31c63d687bbcf6a0,2016-02-08 11:50:09,1JV99DQVEFtB7ze6QDboCyTLAdEDofEwfX,7.39884216
3472a80a03fdc8605a6349e8d8e74976d8a14541412bde688c1e6d8e6777336b,2016-02-08 10:44:46,1M5bsd7ettod5b5zWktE4RwTbtuDqf8s4z,15.1145227
34826e1f8e79657d7d221c68f8296dcba1e472f34e1709ad4ec8ce606b56ca71,2016-02-08 11:29:26,19GLNxNwtBfppsFXmoW84ym3vid7TdHocx,6.68726378
34f7e0e3f3b2589360a4d5a23764d088ac24cf4e93aedef026ed70f9bce821af,2016-02-08 9:52:41,17G3CVQdq736DUseBPqxCJb5asC26A2szx,30.06390906
355ccf3f1c8f9e9a3657a815c3f26acf53c73f410efa6c08a7e42d6414065be1,2016-02-08 11:50:09,1NKgtE3buF1FyT9Rfv2CezhKJyssymCwae,4.99109686
3582c30be4626c2e8afbba598303baeb831769a27edc9c47d79003966a1c0e23,2016-02-08 11:29:26,1ZEER4ZHXjaFv3Z2MfW1x5jBGNFDZEXsn,8.48170539
35cbe9b3cc97842c648be2d7b7be56610a77dff324209e741c2c5e158037d578,2016-02-08 11:50:09,1Nx8YzyVARnYVyNMe8aRwUfyVSCtQS6qob,6.94179762
35d1f93399ad8bfa04986504af2b4636cac5f8df8edc3f69c58d15388f6208a2,2016-02-08 10:32:20,1LPYnpXxqXqzS9BQ5dyJf5UfaP7wm6HEtR,12.89749111
35ea82e910cf5d87b4ff45d17931a4d0d43ee98cef560b7fefad52ac680c592e,2016-02-08 10:18:03,1Mgm7sb6Di8nKWpknjbkbKCGjhktEwnM8a,18.92293986
35ee3bdf411f96eca68986aa015b63f3ba5e8a67c162725234d74a05b06b2e3a,2016-02-08 10:19:38,1DZZ8g3Kx1KpmuJVfQKrTa4KPRxED5dZfx,15.427264
3646dc23d256d2763bad66aa0a39d254bbe4ee9becf5584e338083920ad7c421,2016-02-08 10:18:03,1B9kLso8kz9RCP68seVdyWhHU7yRTX9TKC,20.60062948
36d43c78dc0582747a7d02643fa6a9632f86d36a967fbb0954026ddcea2332a1,2016-02-08 9:44:32,1D5k3cRiTM8nHge9952sXABEtwHTWEnRNs,40.05318558
37030f316bbc51f98cd00f516f3a89d751919a97da3164a89ea8e49a6ef9e7ca,2016-02-08 9:44:32,1D9RJZB4eF2QMDYXYY1eGKszyqxLbfCF3M,36.5236683
37661b24d4efeb9037edfd7dd51f824169bdffab548b706a508721ea8096c87b,2016-02-08 10:18:03,1M6sNtYqj8LAGJfpjsEcBEvspzF9PfCiXN,17.31046116
3773301c17f241576b208f5c89bb7efe40525da9539ed075f27475af9bb198b5,2016-02-08 9:02:45,1GX3LdjmDQFuTbArBnBgJZ2FjtezbNTt5B,1099.2282
378d4a28c12ca8c647fcf333e906835942cca75c7892c06f962fca3810640705,2016-02-08 11:29:26,1FSYXFp6fpv1xpitHXwdPoTCAfp5h7eVoU,7.43612433
37b3a0ef7059aaa489ca0074203ba25a68ddded551e254f2b1f9ec2b75efc898,2016-02-08 9:02:45,16RGKdfgYGnLocohjevsZTFnbBmSnHjyMK,259.7094821
3800a189f2d9042cb47007dc71269372566311fc04ba52feeba13d59119ab640,2016-02-08 11:29:26,1Fy5GudKufG1EG7RciiWaWLz8rTkT5Xnmn,6.98446992
383d409812b55df284772becc4c193956cfceb99e61809c511bf94e79003b671,2016-02-08 9:44:32,1L3WigeyuTVXgWRy5woYLcYSLwFQDiM7x6,34.77054628
387c495c9d6ff112f868f53203f0638378ff8c192e892440bd86fa4e1241a24a,2016-02-08 9:02:45,12LxQb7EHGvNAnT6QxNQTztdWpjrTFNKun,521.0627822
38df51550e8041d27f4288f343ffc27bf75a87f160008e40b1f55263d70bced9,2016-02-08 11:29:26,1E2gET1yz6nrBotnRTnHGcCzeBcXRkyLRT,6.3684324
397ed358ba28031557dad9b5e0c11af0e5d8a9f3d66a9b865b55732041d9096a,2016-02-08 9:44:32,1APegTd6uKAFeyzwxQcsj9dY9DxRUQ9Y6k,48.4732
3994c41aa0b3220bf0b2a2401df6713ce248e39d1b4772c6442d9b30e6a91ce1,2016-02-08 11:42:38,152Q88k5a3nFUMmqoVMX9hicEUsEb891B5,5.50366396
3a22cc51d7ec7e01d02a47e5be499c01ed16d4ccc5a96039baa89834594ef72c,2016-02-08 11:42:38,1FQAz17GdE8NbRRVro1MQHs99TtH8kaUD2,5.93321325
3aa9307552ba91add37d565d06d858a832223f9914088401452a746538528112,2016-02-08 11:42:38,1MENyqvXwQqJg1hwzi7qjRDnkkMyaAuob7,5.89828
3ab7520d3ca507dc7d8c2981653ec0f59fc0dfb4e12ab5bb73b7610b8d2c5d0b,2016-02-08 9:26:04,113PSzLgswqf6ekVvNdeS7Qz8GpvWbWvUL,62.55893148
3ab83d85e92b58bd3bc647873e4b3ea07488715bd6291ee23a1973a51dc9dbe3,2016-02-08 11:29:26,14y3a3zNiEPnzmacqmpe4LFDP52HE7epQ5,6.36316831
3b481261af50ca934abbb2f2f754d921a4097461ea5778b358a0d459e366f28d,2016-02-08 10:32:20,12FJnga4ftqEm4PbGuqyA7arFBCRQPqChw,15.14637549
3b561a6f2a61de8052ae80fbc684cd0f3442c660d41e3791d0e7b6281ff0aa33,2016-02-08 11:50:09,1KkwrFpCoitZG4N2iXwFveQpSqYDSktdG5,8.5446
3b60aa4826a4b1e82d387d0e7bce96f8316cc58d9c542e7da4459ae0b427e1d1,2016-02-08 11:29:26,13zfqJB3KC3EUV5wEBUHUnYQm2biTEo2UF,8.74457859
3ba9384b81eee1cae267a28bd0f72d46c4e7eb19ba1e8b7a374acf570cb1169f,2016-02-08 11:29:26,1JN5yatEqddXZpkS24TLBH8TLQzNARuwzE,6.92269735
3c0380322fa61a35c18a81d1ef5dc3520436ca5764d12b622fb2b48658d7f687,2016-02-08 9:26:04,1KcbC8gnjpx4YReSdSuLuGuWQAvHk8ihv2,98.0850804
3c3cf3650cbc1712a332c5f4caed6959ac428b5be1bdcfcec12aa57d034214d3,2016-02-08 11:50:09,1Hx3VzSyqqiXpkQnY1ygEDe2EJYk2nykaM,5.06576821
3c9b6f9fed3635320340770b69df81c2d231e9f4a0ed7eafae79ff73a8fb9a18,2016-02-08 9:44:32,1Lb53yNXCXuMs64PTQWzabKwvA53ZtZrgP,37.66226656
3cd0c5245dd3f129b6da74cc1087e19538f5c5fe70020e098b8a3a4a969a0457,2016-02-08 11:29:26,1NVQnb6EoFvsQircDfecrn9aCUdr1RTLsn,6.11957662
3d61a3aa8b938b9a455ba976e49856830da5d983a19704846dc70c0087e6c934,2016-02-08 10:32:20,1rN8X4Sjy3an5Sxmg1jj5sMqb3y5XVBBc,13.09580358
3dac7eb2e13d3675e62e5ed391707e397f2feb8b8e1fa02213566b515e8cc532,2016-02-08 11:50:09,1AVuMPHMDD9QxQ8fQZtn1LZRhw43YM3BQN,8.43592765
3dc04d6aaeb86ca2f24db3e106fdd9e43026c8bce22f88d47aeff4c3f9c808eb,2016-02-08 9:02:45,13SzkNrqdhf2SyfuhmxQs16PRQDntAYfwZ,209.5197649
3dc48389926e7dea9b177714fcf0e9011970e1ea60281dde5c552f12a2b31b18,2016-02-08 10:18:03,1BWhyF2xPLuA2knmGb5vdjJxzipKmn9sTY,22.86193835
3dd41f70ac933d1ab9378ff215a9d79eebe26b5809c5f005c0121724b6a420ad,2016-02-08 11:42:38,14H44C5qQienY48ca1E1scXoB3MMVCkenp,5.31568648
3dd5c18c8fb83b4b82c1ec02e89b72fc0d95dc50865518491a1271e37a5e1b96,2016-02-08 10:44:46,17UwqXM72yhxmjLRzQec3XRiAXQUmeAt6K,14.99386304
3de328a20ad94d7935ce1e7bffe5bc006ca36ba6dac484dbdfc8a119e3010b1d,2016-02-08 9:02:45,1J2Tem6ZSHnpppVhBpSq5pAZYmfjENqoD3,259.7448263
3e104f93081286b174f17a4c4ca5230802aa99beff309cb5d72ae2f8fec56f6a,2016-02-08 11:50:09,1FjVHTa1cmZqC1VnKdUmir1BdPPZyLQKnM,9.11315629
3e381cfed9cb848e34c620a5b6de4466db475618cfde7e63a9f4ed756b3344cf,2016-02-08 10:44:46,1EogbDtMJnNFegSig3XsqsgwENBedxEq5o,12.57139486
3e4e37d01cfc0360ed52ed0f2f7714cb0b47048590214c3bee7f2a6591ea81d3,2016-02-08 10:18:03,195Bcn9rbnSmhYma66FyJXesVD4i4DfyJL,17.2514596
3ed9ade4a0dc41f195cc187cba5234cc1dbd33b17d6a21f820983171ce6a1f5c,2016-02-08 10:18:03,1C5vZgVFXYdXXYEMbAbZEAbVDfajA3Qu9g,20.77777731
3f1f5aedea79622aff244dc3f93ca46625e365f5d55ced610385426ea3cc03e0,2016-02-08 11:29:26,18yHouSRg7uLM9yGYhQAk4PYT6Fp1Tetws,10.5634071
3f7c4f498b31238e876af9feb814ac6c8c91c6c4a317018b8daf9dd59d4dc3d9,2016-02-08 9:02:45,1ArwgMUNXFeAKrgKe1uPPNrNioK1fZVfPG,312.9435153
3f9766659584a9d9240425cd151ac7ac868b56c5c221530daccac1619f85c2b0,2016-02-08 12:18:35,14RRVvQtCwPDTc4ARaJaBQLW3Deo7xDA6m,3.9932336
3fadf6bebb9b0566db6afb2dce75feac3c13d029da3df72eab7719bdb0f8561e,2016-02-08 11:29:26,13iKT482RVnJPcdEHEbKuzVtgMXN64pYuJ,6.1295
3fe23541de344ac5455753dff321338ea1ab0aadff31c4511df6876bf66018e7,2016-02-08 10:44:46,15CEvg8A1Tvu6pD1GzJCYXd45eB5Ve25j5,10.87801343
4008b1341bf7b1c4fab60e1ea31ff72b14944864e0c0442ccabc0fd516483fa2,2016-02-08 11:29:26,17aEWbg2LDddLNMRcKLpPUoPRhL49qtnee,6.24622701
40126b02053bfc0d3839d6b22b7c491ae4b8a0d3c7b326b99aeaf310d9b1a01b,2016-02-08 11:50:09,1C7L35F78TpArcggJ3hFUhvaQfrbc28ybG,6.89419404
40920257ec000131b9183c634469a85e787628af370bec9c315e93dea1ce525a,2016-02-08 9:44:32,1MyVzGLLRoZ1CQpzhH8v91bMffbuNFaqfQ,36.57797432
40e17e6bb3dc7c0553840b2850666ec3df2e97b2532b25951a73561e4ff791c8,2016-02-08 9:44:32,1KbtxSo9jr2WesYK5HamKzfkF2VoYPoyrs,52.78437688
4114c5f0172a4b6752a5188b765f9877d1428dd453bb697471937db36831d031,2016-02-08 9:44:32,1HbhD6iJNovYVSqBkS31Me4WHtyzRgGLVa,40.0207179
4144e8d93a868f3fd3cd27f2efe5c8a59e1a6c41832bf95c9d7918af33bae0c6,2016-02-08 9:02:45,1FNX8gssnvmbFtA5hfSfkdEXSQTFokQf82,392.8863957
420d01f4a0641209900dc444a00f20b6b3dc848c6460f93bdb3549c2e002aae9,2016-02-08 9:44:32,1NT9GkQW6eYC5ddweB4BGkMY2UDrga3eLe,33.33874922
42364b74d42ec59b7c278afd51a437d4aa448df378435dfebc1e81435260f358,2016-02-08 11:50:09,1Pjoi7Cz1Ez8F5dJfdYbEJaBtxcHDUtWxj,6.84694943
43173bd2efe4d085b7d9528aa89117e44da1b546f234e471079710b14a043820,2016-02-08 9:13:09,1KUYqnTySRYQGibJnW7YYoLDdiPaWXpP83,133.6230716
436a30151169c43a78c6a3a8192c0a583b994db3f6fb10ccb93300d89a891e08,2016-02-08 10:32:20,1NoSehDGdU7mf3dFb9WA2YVeXjux1aGMjr,14.66147152
439da4d23d046036d056e8090dc3137cab9fd0fb17902a0543c62f5fbdcd09c5,2016-02-08 9:26:04,1MZfgvmcdJC1SQ5AwGK1q4dFX6Te5ZtJsr,69.42496302
43ad5da79cb57c7bf1187acb75b99846dc86e6b4d223a3daa2b572dc6303d4cc,2016-02-08 9:52:41,15AwBSBg9hfuCSss5KJrA3Lvi6LePP8RLP,27.4599002
43c9e0be554ef4f83e274ea1f5640163739e2577eefad3a60c771235293e8516,2016-02-08 12:01:35,13q4QLxY6FUtfF4iKF3ob91E98vp33wi5k,4.83410202
4408ac829eb0e143f050ad3195ad667a4dca9955a27d72d6f6aba62b5b900cfc,2016-02-08 9:45:50,1JZrner13nGZZvnvbY2BtR4AkUv3byVJte,31.37729215
44189e30e6202c633f9f3f273e6d443cf8e24af71d89ed4e94043585576ca386,2016-02-08 12:01:35,16cpxrn1rqLKHFU3eSfvzbJ9x46C3EJSCT,4.88828179
4430e72e722c18953492cdab0ff0e8fda7ba0dfdc3ad10c7c52843e43dd3c8f4,2016-02-08 9:13:09,16R51mmfg92dGP6FLEF5Vb45e2b7Yx8UaJ,128.5053116
443a77d77932319cd0380dcb01af41c824fedd36f87b025d4e668325607afc8c,2016-02-08 11:50:09,1125dWNcE73R5c5Stfbe5gtt4mSLJsCaCT,5.11346443
4450249ad04f539e7de0db4f93679b6d6bfccc967264efc0009218c816481b5c,2016-02-08 10:18:03,14kug2myQxjBcGdPJzwD8BMXL7uZ2TU9F8,17.48584597
4456d68590f61f2df232ff0cd14b72d4b179fe04885d49c1621aa458b80764ee,2016-02-08 10:18:03,1AtzSKzWCacTdwootdesPDzzSaFxA2qSpB,20.22636768
44578c7c24b379b7fcae6d2ebbe98f08c201760cf1a41c228a4960c9d43672c0,2016-02-08 9:52:41,1G1XDShJDoqdXZfJaSc86HAB61HJHavAgW,30.95501217
445b1f52479ac5fb940bf869aefb759bd258682f857fb28cb49629e4ff96ad32,2016-02-08 10:18:03,15813FdwZ4YyybkfGgAo8KEE99ASR6a5em,22.84139694
44629bd38b1e3453d3ef686d22e5be282fac218e1fcc9766bdc984a76348b606,2016-02-08 11:42:38,1AzNstVrMW75K5NVkHDuTWGXkYEp5DG8u9,9.15607201
44b91b821e9bdc584ea0ea6b50b8e4513b36cfecb15db7c6eca53d7c24113a6b,2016-02-08 12:01:35,1Ka4ymoXhQn5gEJf25w4CHVpW8kKSgMSzv,4.54754366
44f46f2b3c780ff91c77b5fc9479ec56ee5b9d7d5e2119f39a188a67576a3467,2016-02-08 10:18:03,1MyEwPiTvhMXnBwRSNb86aHhbYyCqFiikN,24.26228489
4525c1c47218a45fdc63007bae8ed479245f697b639e819e077cbde545bc770b,2016-02-08 11:50:09,14FRqT58JNRxJb3pEEL1rCzZvZB8hShzma,4.99132902
4538c73c4a61029da635059088c71bbf15d045946d7dee52b966a7e3cb2380bd,2016-02-08 11:42:38,1HvutVgFDsFL9T7aeH6Ym59yPtWD5NWEtW,5.28876596
45815e357a1af1d4ee2ee3a313af0d8f64bfba03b0fd3ec56d9ccc8c679330b7,2016-02-08 11:42:38,18ypXoMyBiJG542pyy2xabifHMqjFa3VUN,5.2152334
458743007fc4822109ea7231928a7d83216a8bf2714f91482da0b7c413bcbe66,2016-02-08 9:26:04,177joXVzhXtNKrHUF1F6qNj9Z1RC8SZEf2,94.18763735
4587bfb80e4c867ca9ac69e3520d8dcab631261bb27f00cfd3a16a4020a7bffa,2016-02-08 8:54:54,1LhKnd6VNrHEUj8LamPoLD6DcKfLqniyXJ,711.3982078
4592e93d6cacc8e8b944392a881d8ca55f0e1db116c7eec73bd799041b2f4027,2016-02-08 9:44:32,1ANnASWDWSWiE7EsHhVvoKf1ZGSusYBA94,37.76967268
45fa1cd0ca48a5f1d26eb5abd8b5a7d6eefcb2fe4b972e5b527036d154d3936a,2016-02-08 10:54:52,1Ld5oQiF6LarNSGKmrWjmekqMjAhky4Am7,12.9901
4628365e3469151bf82fcfaaf726b5fb01aa8a18c9ec730d818cf1a331958a13,2016-02-08 10:18:03,13FeNXLBFkzFKNJgYc6UfqQfZHVChAUR2W,17.01269531
4696a19df054e06d18ba253271b962c921a09f7481a40cabf71da1f4e702da5e,2016-02-08 10:32:20,1ED6ubSvoVpagHPCvorJinoBYMxWxepscH,12.7902
46972d540deb9a167b63c08329203886fdb58a981b2eb635e65e0af18652f256,2016-02-08 12:18:35,1H38LeQyeMTYzQ7EB8dk93JSbRHpk3BTnv,4.09023159
46b6c3b1a26ce252c6c2bc66b3e2b45588ddf5e0ba3777a935f393f0d2bb642c,2016-02-08 9:02:45,1GLNiiiqokwFGtVjfraNx9B9ovwqR9JPpP,226.9454724
46d7f650fa4205bf2829a821970ba627a61c073ec49f3f85a437616d357cb5ce,2016-02-08 11:29:26,15ffAdsqCAJGvPb7Gnw2sQS6nXo65JThZ1,6.27236677
46fbb5e0ee6e91b4e2d9ec3316c0fd857f2f6567e43df8a48670e6f3355d683b,2016-02-08 11:02:46,1AZmHx8TCXc489M6VYYsd9UsUmMDxnGVkG,8.84485975
47476df01018a9f530f09b81076eaa50d19a2eff2ad44717ef4cfc0eab949b5b,2016-02-08 11:42:38,18wAYYD8nZiECET1n8t2mB11nVP98j8r28,5.93920388
474c9b320ea0d3d80f330e900a7b058a4758091d2a173155b4f83df9f4040f3e,2016-02-08 11:50:09,1HebExk6qm3yH7cSpm4fzT6p5zk7xex863,4.9901
477c68110a12cc2a7d93192b295bb453e171f5588a56de05e011325924e2f4a3,2016-02-08 11:29:26,19z4UJ92CmS6NVyhDzDFCu7tcimaMD8d8d,7.04694622
479f583c3e66e7b711816045f4d1d46c7d81a8fdf2643aef23d0ffa2b67869c5,2016-02-08 10:32:20,1xd8Tdbc9RupfZZmkxnaVkyaKJ8V31NaC,13.09429968
47aa761064be5bc17c00e4e877a3245985d601b2fdf4ff38cdad8e536d0b63ec,2016-02-08 12:01:35,1862zZxRs9wpXzWvgmooL9JD7mEB76NzAQ,4.45152292
47dfdc27342b44af415eed0fa714bde9e366298a85f2042b4106b05f73c93707,2016-02-08 9:26:04,1KQon2zQj6ACMfj8kNcJJViSmMSe1yGNEb,77.29419869
47e69b8e626533ebc4c8118891c80f3bdc78b711d0291131ba2af81c9e12382b,2016-02-08 10:18:03,1GEt4HBmsFz6AWNSZPMDfuapKz7fX2Gt6V,20.28975
47ed92196bc89a9ae3fee56dbcf69a9f5437a17f1cfd6e938b78b836252b2b1f,2016-02-08 10:18:03,169fysNWRJGqbfDbTiVt5ANjJ9eJZTq6nk,25.81613552
47f73fe123b0f66df663d615354cd490fe95f55a98891023d126f50ceeb8a587,2016-02-08 9:44:32,1yy12HWpTsn9hmwJy9DHX6RW3hdaPPjcu,54.78189693
48485160d3b8417e2b23adba693750f7b03f8f8ef32747f8cd9f9471c7cbd313,2016-02-08 9:44:32,1DaHdr8QEwetB4PkganjEq1zjZ8cA3TJua,48.41674931
48673d704be1daf16990868dff51e9405db098543f9bd39e7dbebece3d6d470f,2016-02-08 9:13:09,1PLLSTY8KCkkuyQtBf9nRUsNjnjJRDPQ2T,172.8298146
486a78ccb2c9dd60ece0505e4f84c0288a417a8749ad2d3dcdbd7ba445945dc5,2016-02-08 10:44:46,1Bcq6HaJwie2KUwKdT6KYtESCCJeswr1La,12.15584043
48a47e8db59c3a3ee3f3b0221c72d1e92815dd6121340889aec9074560c77633,2016-02-08 10:18:03,17Vkew9wdr9mhRnSU7mAbmt518xamfhJbi,22.18934576
48bae17c6e347c101d911baa4d3ca0e1cb85894bf7540bdd787ef3d62fe9dcfc,2016-02-08 9:02:45,15SLZAF2ytHtc5E53xndTDrGCyBV1Cv3Wq,215.5421036
48f6de4fc96bc2054ad8b98a35a65e8aeeb05b0cb88e11c18c0ef46dd1754214,2016-02-08 9:26:04,1Ex5Z8UJ4LkRqsxofEMX6KXkcRshDPLbF5,78.36883421
48fbc947ba829f3f826c07109fd2cd6b0eb9d6a37ea3c12841e68cf2b7ba4e8a,2016-02-08 11:50:09,1CtXfRmuxk5JvN5jkyWnRHjjFo6fTajhhs,6.89498043
49266bf57f87413a8f9742d845d1a6b3f5aff92bae266e3c3f612bdbd5c00fca,2016-02-08 10:18:03,1HGux9LD39HkTYkGPoSBVpNBNmTpo9gwNX,21.1091432
493fa6a6a242e0be604a0c219da49b2886c553d0abdf75e5328d5477a01438d4,2016-02-08 11:42:38,15eUUEvsWL6NTyPCJ7arWoRrrTh6iCi5qA,6.98434034
49ea2e1a3b5eb182d83a20a2414fa58518712cb6a3520ff9b6d069e988f409f2,2016-02-08 10:18:03,1NJXCieT99Wpe7upZ5g2mpjQq14FuRwqwF,18.8319141
4a1a3ca80665574a7bf20de7c4d87f18e5736ffdedbd57821339fd5a49a0d7a8,2016-02-08 11:42:38,1A89557fRYRtT93NCEhktrbi5c8F8zFypN,5.44171611
4a2a6759900c7167baa4b0ec6be634207ba6b8e093c58ea2f03d416ed28981e3,2016-02-08 10:44:46,1E2Kgykv2fRyB4UK41NayNJef6j7UZAu3C,12.6321307
4addfb04cf5fc0b609f199f98097556b5e8964f2c9e93de670a231b9031faf70,2016-02-08 9:44:32,19fUTnfVwTWYQts45wM5YBo9asWLbTtahR,34.36887802
4b30be0122a8e91baebab528c99cf23db31f6e32acbe7ed0c7827870e1c29073,2016-02-08 10:32:20,1A2Mn3bm942u5Qxdu2HqT9uzHr5MqXpSyY,9.99034481
4b61a9a3e0e0659d10e867eaa26210b31ca6eef8843f8505e23102caf8dbc66d,2016-02-08 11:42:38,155Tz5bu4X8VR1dTXVLwiPaGC9aaRLBihq,9.98712662
4b7bd2fd77318b15c42d7405a788378125eccca213d9c55df5bf3a0dcc39526a,2016-02-08 9:02:45,1CVqo3DY9i5jLSf2HZjp5S5NynsrdLngCh,400.833238
4c12658c2444c9b975bfb5922a6b4b2dd2e7a56684d7a4e9d720cd954def6316,2016-02-08 11:42:38,1HF29JH5xnmau2XQS5R9KuM3ANWiyBehwg,8.87430541
4c5b9420d6bb91cabb0719e94142ccdcef3951ca835eaca1c9e71fef9a05273a,2016-02-08 11:42:38,1JBW54TrfFoW4PySuuHYMMbemBTz9WdMg1,5.22170052
4c6813041b7900894f8f5abe3516b91b364d925de712587c871011ea86ddd074,2016-02-08 11:29:26,139jxjc6UVnGwdEpqcZRFCZycKbBdTPFKq,9.50930207
4c7a2403d372a6dbbffbaa8f9cb5a1cb582f44d98e68204a8a48fbceab895b50,2016-02-08 9:52:41,1aCX9MsMdADMfzFyDxFyJMDNTCbVAMG8J,28.09
4c7c8cecf0f757547e0ed9a3b08c879b6b7638e674b6c5fa0e74f0d6bcfee03b,2016-02-08 11:29:26,18rDtcjs2T7YpqsLsdEoDGCK3DvnPH2PHj,7.64139249
4c8b5cf93855b8da0e5515af45e206ff0060c6a6a58ea670abe2125158c2d7cb,2016-02-08 9:13:09,16fAjaGNhYiXX85st4cRk26xwS5dxDH88E,104.6743333
4c991a6d8cc4c749d6a8f19b4676d2d10d05de0694ebe32d31942c849c715620,2016-02-08 11:42:38,1NZKXecU3e7c3p8imwmoqGhsk8zg81hU3E,5.18997065
4cec26c4f60a2f4a0143fff09ee0b12a66fbe98839788b7b3d20216e04594d4f,2016-02-08 9:02:45,1EmYchbG6niKR4rweNiXnW5n7BH6VvGxvj,322.6571076
4cf2a0250fd24795bf203cb4ad7aef5caf789b68fe555ec0825af8ccaf6bd296,2016-02-08 11:50:09,1NEZEZSHzrz7SHi2Vq1nQdBii6KxXqbr3Q,8.99021995
4cfd5bf56639a74a1a6217d01567699a876fcdd22cdaa528bc6286c636ad9cf4,2016-02-08 10:44:46,175d1Apbcjq13CssZ2omTTVBD6eVAzUHi2,12.5069319
4d7bdd07fb52e258c23cadea6784c1e4bf096e2fd87531640922f19b3067cc70,2016-02-08 12:01:35,1DXzLBVorDzKcs62WSfnT82FNiVDpTzK5w,4.4098719
4d8b15d49f95b8a6531c46b8f7ad926bf16ff84f02491e77ff23302939ae516d,2016-02-08 9:44:32,1BCaybfyZSxNUmRRyJg5BUEgzRtonFVdUG,33.15773687
4e0de4bc7c91a6f1f6e336817b0e2a3c9990b33210eadf82674a8a83781fc409,2016-02-08 9:44:32,1NWLccHUQD2JtbddSFeF4YzGMDs4FgvwCp,39.8902
4e15ce4722019e95fc1384cc29fca87539b4e7796243d670c2e5c8ce98bc2a52,2016-02-08 9:13:09,1Ba7x7F4RSb4uTdhpNBm3odsMEe6QoKwds,104.3141515
4e1cad82d1cf5116a32bef62bdfd2cad39b24999df80d12519b398931ed3b486,2016-02-08 10:32:20,19p5kuK19is4SZgPTTyH71uzhyPfyGwWCZ,15.1893408
4e3e4a0fcebbec9375699a6811bad0fdad09c6532014939fd2b9125232f359a4,2016-02-08 10:18:03,1JLpBJs19ELKCKbxkiZEQpGJBpPHJVxyiz,23.89649754
4e4dec8eb42bbf2b91420c89b119120d51b8950869cb73802b3a33cb88c6f819,2016-02-08 10:18:03,1M3nV4mEQRCUN8yXpdWiDx2Wo12mNzoZV6,17.91774393
4e6c250f9e053411fcf6d2f7623c51e54a90f3dc708eeee05588c3c88c05247a,2016-02-08 10:32:20,1LsS8B9UPtL2D6W7kuPZzYJuDYCghqPKB3,12.75904711
4e7c9434e4608d477318bc37684ec9deac917c9a186f2f7a2846481180676790,2016-02-08 9:44:32,1G8VW5Cs4oLRd1dP6rFj5JXyt1F3uHUFLs,39.85337995
4f4c479bb5f47f7847972fd18deb091ebfe755c50d434da9549c99018c5556a9,2016-02-08 11:29:26,1JfFryvuRdJuxYCBah6Z1uvnabhkwsAbeD,6.65402151
4f543474a1447bbabf7dd4820509d3d4cfe01169ab9e0e9ae25428d8e49eb4e2,2016-02-08 9:13:09,19V5vEDF9ewp6vnBpJ3RkN5RzSDGhw333R,119.7604904
4f5bb9bd52c9dbc9c0244063ae6fcf7bf96cbbe85b43e9c87f211c9f3570c713,2016-02-08 10:18:03,1Lmye4rFsEwf59TXS1yAooNYipUwW2QNF2,24.5408366
4f96b1731c21b27c99261437a6ec976698447624674a6fdba72a8dd0f59c7079,2016-02-08 10:32:20,1P4MZWZGpHTav86EaFC4UaewMc4nNuTuwL,13.56615605
4fd9d2e50aa676d9f9120008b5f57118c8c8ce3fcdd7bfcb1546ec74fddfc122,2016-02-08 10:44:46,1TZeb6A4fNmndvhAWwT1QVWuQxCJ4cckc,11.5402
50780ab82b342cca18edcb33c6f733b943787dc73e5aa34ca7fe50e6ee673509,2016-02-08 11:29:26,1HYbGshLXRVU89Ni7SSAiovE59oRAfsTJG,8.66394371
507eaa7b800bcf68f9c3f9b5f5a82bb4c29ace7fe14c2aa0ef6b9b4dc0e0fa97,2016-02-08 10:18:03,1774otQuKcgLdAMKkD1LGL9iGi7utzZKDQ,20.25388218
5088dba1df88673b578dccf0b4abc01b281e2db25bf8fab455b44e1de29b79ce,2016-02-08 12:18:35,1NZcj9Gqtj21q4XPdZYMx43HhJyPjE6GqM,4.01292409
50d199385322ce611f8278eee798640030dbd49b64699507d06d921c97726d5e,2016-02-08 11:50:09,1Gcqy1UFuz2gkTgnbSUetp2JkAPF8kXCyP,5.07419461
50f6c0e3b90e947393f6132b4025b041a81cdd39d27599907f7beb9b57bba6ae,2016-02-08 9:44:32,15guWE6inUs1xRkYnngwrHH1niU9iBKTmi,39.94484378
510ea61a85d06eae94d736003064dedf1b9dbf62246b913b4eaf10ca1f22c89f,2016-02-08 10:32:20,113rmntH58QEm82DUjENNKRj7bejCeAKnx,13.85275247
511c3427d5f3a7fa2863ed0b3582d9216d69748d5e4e7b29a65932fd9b488728,2016-02-08 11:29:26,1PMrGwk1Mor4GQ4SpkKW8GVrrxqL8RtGdT,9.60131482
51553983dbaeab634327ae96d0aea19f1524c7a66cc6caa922ca400b6e75c895,2016-02-08 9:26:04,1HtWGGRhKKKe2jeaDZPVTQv2wcTF3Doobg,80.93837872
517c634fcf802bb8114516bc32718acf8a4e360decb7d93859e913f958d7bb6d,2016-02-08 8:54:54,17bK4sTr1EXxeubEHiUK2zx2eZHdaiyJrz,680.6241356
5191150090a0b0dcd31c432eb8ee17bd98bc6bf13616abce4b2ed21810a0da53,2016-02-08 10:18:03,13YVauA57k44RA47jdNWb4sP2BNHAwjhJY,19.9982
519d174307a20e0ec4281648840135ed6d834b2b81127f21ecc8dd04ee5b097d,2016-02-08 10:18:03,15MCgn8XUbvmmUYDWeG8WoEYmdz997aBgF,26.12153147
526f12df96b6d094d01fa8425509ae62a0ac49572028e4dc4dff56d9b6823bc7,2016-02-08 11:29:26,1MysZszwv1L4mJ7NDm9ZNYMNB5Zv26vbp4,8.97231832
528a6be6a7113848f4f59a72be3fe2b0fcf9448eb52ff18cf65ac0ec12d177bf,2016-02-08 10:18:03,1PGvazB7ShREQU28cNKV7uTTLuDNoCYyMd,21.35907032
52b427e37bf7400b14242c988ef0ab850aa555a38e101eada4b327fd3bf0c43c,2016-02-08 11:29:26,16PjAfsDUa25f7PzuRpqYpDH4odARgx9gb,8.39207084
52be4beb07a83858ded868063a61190d162c1949436a0f1310dfaa13f8f4b9a3,2016-02-08 10:32:20,1H7A3nvkGPjNnhsFiBpz83AutNowrj48M4,14.69366208
53247d9ee12f16fc891efa0e4edc6d917f93e4f45c2d131a9fcc013d77662d63,2016-02-08 11:02:46,1Gc8UEoQQYovEV31twHmhP91EqUsafKddy,9.31094488
5341ed4c1906972b5797458171fd6fb97f49b45011b9faee1871ae7ee47456dd,2016-02-08 12:18:35,18jUaE1Bqa3KSRcV3S5Nq5svuMc9XhomgP,4.20860566
536653cfcdf04f85f992f33805dca04d3a7a2de77e0fedca2cb592786e5ebeb8,2016-02-08 10:44:46,1EWWBgQDbWiJpMSzka6e4rB8dP46bG6FNB,14.2708051
536d59243f3e36d9ac34e311453ea0ac15147b76317a078ec78f873e0fbcc41c,2016-02-08 9:13:09,1QK6MbtWu7nF5DcQAom6TYxb6WH85goXRm,121.2963058
53ba4eaa6239e85e611c1fb94d8115af1e0bc3ed904c5129313c15cb3b63f99a,2016-02-08 9:02:45,1CTsxZy8Wau564XDLe3r8dbWh5ed7Rpmir,199.9997
53dd9f01d8684a9ad40445fdf6f291749846857cb01a6642aaad5f109e6c9b78,2016-02-08 9:02:45,12MSFK8yEvktXYHkG7e35mTxyRXBx1cV2f,260.7115276
54ad9ca82b094f38c96d8293934276a2a46bd6620c6508d8b9c94f62de2a795f,2016-02-08 11:42:38,1QLRD4q1R89wwfBcywbu1ZEj3EL9hytCtC,5.52606028
54f17afa830508c058d59f114e6e9fb7ef5973311d3da7453faa04cc666f7998,2016-02-08 10:44:46,19yfQpiqw1Xhv4J5VigoF3tXWabqnpABV2,14.5976375
55a0c14ca77ca0daf40a04e6caaf1fa0c25870684f886a9c6d995ab4dfc9861d,2016-02-08 11:42:38,19rbGgbLsNpAJJ89rLa6XjD9EAwU8bSHin,9.79561602
55a2592225dcd8651e896fca8ea0389a643d51fa1919d1aec85bcb4a1719a43f,2016-02-08 9:02:45,14h28Gk9KVi3mdLqvBfh3ERecgT8G6LTSX,206.5166121
55a5a3141904e8aeec7f23a5f7879dd499b80e05e88278a5573a1987ad0a5fdb,2016-02-08 10:32:20,12ccc66WUkM1B9SDbqoat1NEEDaELs2MsC,14.99277359
55dfa5ee7c9ca90f8d225c0bb809e99a24b0c4ce8c9ed267cd5b8a8a816f0a98,2016-02-08 10:44:46,1P3bu1eojLfgPPxVjYTTDexU7xEj4ZNozC,12.58635112
565e6180efdb2050d25f868d4a92a778fc391b6d38dcd036f62b8e70a60c4030,2016-02-08 11:42:38,1AFBbiVFosFzkBBFvVkD7aWKE44xQcJqNL,5.49003674
568f559c2d9b253e0ce590a6fa817e3f95669c4b2f8c3bba00275999bcf07db8,2016-02-08 12:01:35,1MtoL23AkRqATW2P7m1D9Zvq4ZyZbK2W4y,4.97997395
569d0744075c7ff95d26ef5ae4993aa268533ce179316864b8ee3bd48c8ab4eb,2016-02-08 11:29:26,1H8HCiwVXT3bV2KXpJwAhcHe6qnLvm4jAp,7.57397493
56a9bba2193f3db65715ac133d83cb19afc75d7e9b7e4d4c3ab4a9266de62d83,2016-02-08 10:18:03,1L39yNj4prJLTpbj9mxsxnMxMyGZumhibP,19.9657
571de27889d3920774e50dcaf9c4652f62f59de7a4ab7f59c666621460f99249,2016-02-08 10:44:46,1MdnsYZzAbPRTEXhax9QWUq4FeYJBVDWHF,11.478922
573aee9dce42fb35de083069566216d8d59b2cc86fb2cd3d2ed8003ffbe0081c,2016-02-08 11:50:09,1MMMmUvnreVjqKkofAS6j2NsBKLpJZwPyh,10.2492691
5742783fc59327efb36fb1a2b11090606251ea4e252bfa8c3d2d951610be74f5,2016-02-08 10:44:46,1LzzEawAGUvHVxq2DAfjCq3KdgEqAsc8v1,11.55756134
5745389441335a98629ba8ca79f9bc74d6136cab9f05bc8752618ca008c7e223,2016-02-08 12:01:35,1ARhg5p1JguLdUMm4cWBYVMrbd7yEeVtFy,4.4637557
57604f0b97a110210e332612d6e4486ac4c076b86946b350839ee4bfa24117c1,2016-02-08 10:32:20,182mv5bagLUFDkUsKrtKe5375pnazk1LQa,14.42018189
576d64a4bcb3629ca36751c84d1ba692a07346eb5c566950511cb35374b501cd,2016-02-08 9:13:09,1DSVMZ669c6Lf8znL1iCji3UHTuZ3zCcxK,110.9548331
578e121cf8733c781d7dc6a708645fea86701a1f7827e1ad4aa11855e947fea2,2016-02-08 12:01:35,1EHEaMS3kcBU5TAmZeY4TPhSJvN7zA1C3R,4.35296305
578f1cd17ecdaaa75299ad87f73f2e5177fdefe76bd4b773c59315636eaca4ab,2016-02-08 9:44:32,1Exr4sDWAzGrXfwRT6uyRWP9DieWgpJnuU,47.55027765
57addfb78fdbfa4c7e9a472d70bda561dc790b24981de9bccaf4151862854740,2016-02-08 10:18:03,199jdBprtZaiNCWfAHuk6gMqgYztfZottB,17.73637913
57e4bca3cd687f76073e1cff0cc5a2eeb59d526b85bbe653649471e3fc3dc0ac,2016-02-08 9:44:32,1JhuHUsvtLJz7Bk9P6AN5cyygts5YaByMZ,34.4665378
57f529ac6f292f0a79a4fe88cb9f0aeacc671166ff1e8f53bab13d01a2c968fa,2016-02-08 10:32:20,1CRtH4c2BaSCkxHPQ2XhQyCrLs6o3soWp5,13.40774151
583a2bcf74c44049eec4f9bac34dba2d2c4862be117416bdbddb1a6361860e71,2016-02-08 9:26:04,18wrntPaV6KqkkYBRX3woNS6aoAxMeUnS2,93.11722782
585711dbd020a36cd7d29ae47bb32441adb8d19947f5088e5ad76275a0daeb9a,2016-02-08 12:01:35,1A1oMLxK2U5YWUVHsGbG6XNki93Z9Ma3EP,4.46803461
5922f73102ce6f9c7566b39dc5b517ceb73b97c7355651fc596275a6d50e9083,2016-02-08 10:18:03,14jZ2Aa48epEWHWRhGwSTL5btJwsMQ6PZM,26.69857636
596e8b256d0fb8cfbe132ebfc131b3f7a79e0f885c5f7808f0ba8bd7450b25a2,2016-02-08 10:44:46,1F2tMik981mV2eiMQMc5PgfAkvS8Up7JTw,11.95040769
5a21eca286c838d449b35346b08c36e14dbe497ff09998274552c6f2587e5bb3,2016-02-08 10:44:46,18ZpPgpEXVAoD85n9bFM4BSdFyxuTr2e8A,11.12421
5a54bcf532c5f13f26f74098954521a4739e9dfae55eda4fbde8067c5b7792b5,2016-02-08 9:13:09,1ECpjoEMuKhXPtT8aHYdAEm3yAyp99ujcr,100.7541823
5a8245e57979f2daf659d81c6d7cba28da3f892c390b307eb16d1447948b2612,2016-02-08 9:26:04,1mSFQBgRfvntUKRpSrRhATccHw6vyhgrD,85.52317585
5abc19c268a5fd488a133143474778954581b736b59385c73b0034182576ab7c,2016-02-08 9:13:09,1F2s3JqszCS42kiPtohQFndMYsxMYnKkZV,172.1863524
5ac252c907f11ababb85f3cd111c730153d2ad9696bf60a64f877ff988476f9a,2016-02-08 10:32:20,19zWd8WZtQ6vMNTtzUypZapNqmaoxJKVpT,13.68870563
5b4035b1516e9462631273f79180725a52da3fa2b72f0919c650b81fbab5676f,2016-02-08 10:18:03,183o2hBQTDBmQtVmzQyX5Yu89iSDyWZCUr,20.7698664
5b91934d0abfe4c8e95d872c6ad5013b6be7ce97a84828ed18d986dc97ed068b,2016-02-08 9:52:41,19Xs96FQJ5mMbb7Xf7NXMDeHbsHqY1HBDM,30.66807155
5bb41be7e4a8857b733c5bec2edc4491f43b42a8d34ef4cc9abece1b435aae87,2016-02-08 11:42:38,14YyLE6U2T7MNw8XTnVu8UuN5UAZibjpqk,10.50229948
5bd6cd7b31afb176017d1e74f622097ac437d5cd1e6645a28eeb99ab0b135188,2016-02-08 9:13:09,1MvpAewTorqUK4THQczW47CXyqunCmR7d5,100.6782
5be6bde697728c1dbc2a6cbbd955f12dc6eff2e795e6c4d177af882502b827ec,2016-02-08 9:44:32,1JCq2ZkngcQx99DvBpVgNT1m7W525mGRrn,53.003294
5c03fd00cca0215fa1bbacd55f1d6951674203e588ee6543bd68e005968f887c,2016-02-08 10:18:03,1FWigxsW7xgQ4P6edwASDUrfs6iY6kd6aP,22.4202
5c3583da17adb0327b1d2a6cbe286e5c864152cda9b954a9e2985318db7d8142,2016-02-08 9:26:04,1QyJb3pCzCNjUrVTFdghbo4QJ7U4mFXjU,83.37084314
5c554a99c629409cd8197b2c2ffbf410c3c4063c2b0198f5307eaf374a561bcb,2016-02-08 9:13:09,1G17A9neAuKphKQd9SD3o449PBRLaCmDao,140.4608015
5c698b9279445005cb03f8af84c5e4b50c25cc124a4458b5170d54a9bc186b1e,2016-02-08 9:02:45,18xR5fcA7g7kmd44HhQiAux6DskikcvHjb,379.5988222
5c6bd0f26db68213813b154b3c98230e57dee69c06d5b1858f372d0a1a550f8c,2016-02-08 11:50:09,1GLGSGog5nTdYTmg7XeZYcNZ1zsRBEKNKp,5.16346197
5c7134d4dd030402a9d1315e2f34f46a7e6ace6bbfb572974a83359e3b8fa700,2016-02-08 8:54:54,1CGA4srJbPWhtJb7ezgY6GQf4PKhFuzD9w,567.4805586
5ccb330e299e2a3872f2b43683d7c63d68930a75c79778d8d889ecc842b30483,2016-02-08 10:44:46,1H3myTYrg8iBGgvwvKpJSj9bp6CPpNNXR9,12.78927735
5cde2323e2469035daa62cac341bb3d1d361cbe4336ab98fcab8459c5090b5a9,2016-02-08 10:44:46,14RHTiNaH7MmSjwWCBhSdFcSjp2rds2Uq6,12.08691335
5cfbbeb2a06be45d7f17339b4d7fa2a7e1ff359e534ee51f5e4d3c5e7a7b6852,2016-02-08 10:18:03,1KB4CaTnAqBB64ogyAdN8zwDAGWQsXomEr,20.01787122
5d05b5d3c354a9c171805ac4a4ed072b2e87207e7d0b23e542e579b2cfe7f23a,2016-02-08 11:42:38,18WKPmmapAjmArjKzTUZmGjgxY4H5NESeu,5.55106215
5da3e5baccb0b88809f9f75a0c2826f1f6667e76f56bd89651b8f52fbf6945a8,2016-02-08 9:02:45,13xc9j7mvEWBcvWTNQFuwfbjzm9BxbxjgQ,235.9017332
5dbfa5d39c0fa34c27d0848ff15174904259c5a7b79e7db4a1967d3b0eee9e78,2016-02-08 10:18:03,1MjpjMzd4srknniz1VNdwGGiVKpWrKhDhi,22.4313609
5df3f489540df2eeeb85639951b10452651aa3f419d0e2aab1ec4b91afb4a683,2016-02-08 11:42:38,1FbS7jh6Lt67z8GzZDcLE8vBgRaXYCAFza,7.1010145
5e2a4d2a858081e214ec66a8ddc8a23a315bf4df1faa98177a9256bdb83c45f8,2016-02-08 11:42:38,1DkrRXZFWcYfQ8bqtmieBEDnJHKKyc5ed2,8.52755791
5e475a2eec0fec39e551ff03febe8844260ef0aae3087428c2545d69d24738fe,2016-02-08 10:18:03,13d2XS5YxKbhuozQxVdWG2dK5XxvjrExg8,15.9999507
5e4e1a4e825970c6c20f88aa1057e38cc516131b65d473882948cd2405d9fd1c,2016-02-08 11:29:26,18nE8wTJ4z9HyS6Z1Yx3UN5toMiU2oK7bH,10.12132248
5e98b641dafc9802f7722aac0b7df88c1a689db1ac1f47b221c1a375f023f5a2,2016-02-08 11:21:45,12ieFHi8fZfo71gCwi9tJHeBnDm5bDLEQo,7.1351479
5ea5c0bce5717d6a04a3ac50bbe8fae64698393152079522155cb539efb6b15e,2016-02-08 10:18:03,11V2qENAYs6anaVYVACgPVU9MTZx8zeZ7,21.90458015
5ea72eedc80e85d33c5794b6d4d667086940e3bc73b3856efe7677d47456cd6f,2016-02-08 12:01:35,1FuQJJnaB86xwdvq1Ym1ZoQ9QMd2Jp3k7L,4.4443644
5eef62ccbea5b8bbfca0ac69ce7055c47d434d364dc0af1d197690354e2ffb62,2016-02-08 11:42:38,1FX56LmA5MpzxdUNqwyrnqNRnf8c3Ba5N6,5.3739109
5f0d914bd852d340dbb84bb17bf0c239af4d9c61d0b906cfbbbe785da55422fa,2016-02-08 10:18:03,1EZM1Wmvat8W12qppKFQNfrPKNk2KgrjiP,17.04262874
5f1c3a903e8bd37f0c12201e4d694bec031fb50f6c8e67e94d7b8cc81b2ace9a,2016-02-08 11:42:38,16wksURjyQ2sShdaaYVVibVVpsEto7Qcp5,5.52579389
5f1d916fa780d2869bdf1b5b80cef20bba815c8e0a3f7793d3308ef98e5edf7d,2016-02-08 10:54:52,1DGrK2YUWkgwTyHWzjhNWzvgijHACc1P9h,10.83525957
5f837497ac322328e3a9948417d152d302c0f2a80f96ff84a5832f9c563279da,2016-02-08 9:26:04,1BjevwC57t9N4NSEibrjTxVKpKjkUdQd1F,63.6704229
5fc18e943c7f8675e5cae923f26a47b88bb84c3aea4435430439232d8b55a30c,2016-02-08 11:50:09,19UDv4m49Pz3Chk5Wc6fqSP65PTX24Z5f1,9.66610859
600aefe0cdaeaa302541e0840b0373d6a0e65ad199655984fa91edeb6bbccc32,2016-02-08 9:02:45,1L5wP8EjVMjVKSEvdfRd7UR2K9D3C4tPSc,248.8327916
6018eae60a65282bc799ae8465ffa106899da37f0b80c59ed64eb10e169d9aa0,2016-02-08 10:18:03,191KLrNDnbe5Bi7BJd2iXXGzDeu9az4imq,19.99
60407b4db0a1f6b7af0b10b39d96d3391b9aecb470b319a65231da8a5ff8af3d,2016-02-08 9:13:09,1MUY2Xbr496Tuq6bckWfEBivJZDt2UVkhw,118.1864983
607b1e40032d2fb1035254661ff854eab77c30f95ac6780e858ba12e9192cc3e,2016-02-08 11:50:09,1Aiyrpw5mJVK8iVN4nYh6F8jN5NP3daWgo,10.72445313
607ef982d2fb361d755ebf0b6792f432e84b5cecd2540b9a4c8c45d85d445716,2016-02-08 9:44:32,1JtaK54MJFxRa59557dzKgbqDR6JRksYi8,48.44398844
60bc1d779fc16850fed5a76b2ae3c02431e84e59bc6bf42e75be9c644e940380,2016-02-08 11:50:09,1DPNzbjBmhFkCJS229VAYgcDsTr5U6M1PG,10.52125067
60c354283dfef39f2427d67b67124263b54292eb328a4c355dd22886f3522ebb,2016-02-08 11:29:26,16P99gPniLxRSu1dF4wiEVQ1hsc8kp1V5o,6.74520042
60e76490b8be5d12175ff8bbf85ccf9769668a3cd13cd4e22533905c22579d64,2016-02-08 12:01:35,1AQmmdBGciv3RHaA6xbktB8Z6ytEJwCzbj,4.41010337
612cd296ad260569311947daa26d56d47b938752d7c08b493cae4bef5cb2212b,2016-02-08 10:18:03,191xabsFcXcZK7fs4GEdR9kHPmxcUCUNDu,24.31435886
612fde45f0ea0dd128e7723c7a99441bebf170b24fe384163d6bcdb01a15fc29,2016-02-08 11:29:26,12K1Myk1vH5DYSGfsXfF6TifJfhuuLZCRF,9.66380715
61548fe00c32142013098e038eefdf8a1a9b3c2e0d127b75b8e196bf839181c0,2016-02-08 11:42:38,1Bf2D9vbxML2bJwB7TTKD2qydzx6UDw4v1,5.68365465
6161703f3ba1ba642267f55a197896654fb3ca0bc4ddd4d4bd1c9ee43c081c28,2016-02-08 10:18:03,1PZbeTzBMhHzkwekuesEvb22Ayu1FgMD13,17.64501165
61cb9b5a4bcc28bf7da336f72bf6d20adf39238e25499bb160ff54b0e3b55443,2016-02-08 10:44:46,14yDcKD5BBf4knnheoWwT2TgMcvQSPw4qQ,11.88712764
61ee8e6f5d08d35d954117d8ff618cbea95fc0245e3d983affd9f3aeef701062,2016-02-08 9:02:45,12LBGJEfweEBfMHXGqhwuRV2nsFbj6zdtF,279.5032976
620c8c07d3f3084d763f3538de707a014258c69904f2415f46de0c4fc0580321,2016-02-08 9:44:32,1PdKHZhP5aoBvVuybRyoBpNN4kNNfPxFK7,40.5122468
6248513fbd3c24a32b172387a13072e1c11bf2de9c084d1248b8bf04bcdbd33c,2016-02-08 11:50:09,159kacUtcgSZNu3PDJTC264zD98x7c8GAh,10.29601779
62878b94d443843a46fb9f511fdff7ef96b90617b7a8d83f7bab62673bcf8c97,2016-02-08 10:18:03,1JhUGTfcZqRC93viQ9axdu6fRA9CzCDi2x,16.01291792
628f6e5953472936a899c6d8a6848f7574fe4a670451f2c9d74a33a39b023840,2016-02-08 10:32:20,12ebMCA8b9426g1oDAwY4YDHSQCro8DVUk,13.91539512
62bbdd6cad71c45a6f41b312e51e3d634c0053896f779ffa658f5d09178095a3,2016-02-08 10:18:03,16XEC7BSJsAkP75AdsEbkW9g4TtUUfFSrh,25.31147214
62bf99785b3bd86c99148bd59f7a74ced114fb7ba472f682ae3d713a9136bdd2,2016-02-08 9:52:41,1MVVr2RMRW4EDKcV226PbBs2gc8pKfCG9X,29.54482213
62d1e5f8e75e3ca8407964ad7cf656cb7e98a7ed0fe882c0939fb5781adc3309,2016-02-08 12:01:35,1JSKhXoH6SV8tyVKX8jerPaXuvhTeUMksD,4.58844025
62f4ce2e4c237c6f3e00a54c8a648ad0dea093496525d5ff987e932b92337a6a,2016-02-08 10:18:03,1DoNE5xEYwi7wz3gPhXUReFCrmLj7YwC3w,21.7943412
62f74a5396f1c6f89f9b1fa0da67dee3614920211e67fca64428884dfe24d59b,2016-02-08 10:18:03,1Niv6M9xV9WJSz6YJcmSLwwmc5C7GndV5,20.2702
630b904e3cbf0c0d4494d1b6266f019ce1b9669e0a9f4ad65e1a5d75f74e1689,2016-02-08 11:50:09,17ZGQnaDde9JrScWN43S1DygdETCsau9G9,10.66195134
63103f2bea1cffa08b67a4043273567075043c83dab899f7ac224b049a270a1b,2016-02-08 10:44:46,14rnB6TeALE1vMMKucDRgkBSQN8BMZK6E3,12.34559999
632fba94f3ae73fb5ad24d191e45549bc52f110f75b53d43388eeba856de348b,2016-02-08 12:18:35,1Ho9TGLQNRs8RyhWDLEUhJyGjL5YzSm3K8,4.0387834
633a7c06dfff557344b7eeb026007254918f0f91a00da46b385a0a3dba595b37,2016-02-08 11:29:26,1Fq5d4JxE82YHiU4ALjAgn267HzU9KpYYK,6.54559145
634bc0a3dd225d9a2642e7667915434a708ec888597f4bfb302913992be1687d,2016-02-08 9:13:09,1EszaQhXv8xpdqmjVRjfxReHAHZ7Gb58dP,103.0832752
6369ef98d49aa56e865ff8dc9fb134daa64746fe95f58ee8da2afd649fc91cb4,2016-02-08 9:02:45,1NjtfaxSwaSigxfVRftUqRGgstYAhCsPBH,364.6713065
63d365a31a5c5a9335b2aa14b572376ab8707b3eebb0dea39984db4c49dc74e4,2016-02-08 12:01:35,126VVSWbUJLSzoTucVhgZcyVceSQVedNFH,4.532434
63d6d28d8a9ce15969f8ad7872542ab0976363d251ca0573fc662b79fd6b6e0c,2016-02-08 9:26:04,14NxKfnMyQd46zpk32psEV4ZkrggAvLeDT,74.67637949
6421b0680cd7fa54b241dd191ae7cdb633f0cceb9717e67540277fd96fdf787a,2016-02-08 11:29:26,1PsFHjC8tfpu3BMEKCjh17bWkSZfJsXsex,6.1289978
646f4c382fccff01c38ae01d413072bc91889912417a0a9c854c4dd68f26af96,2016-02-08 9:44:32,139xnT5z5TasRrJ131Nfdf9AtY3HwqcQDr,36.33088223
6471739e7a3e0aadfa7136a39dba28207d62ea3b4d5d34157f7b1d3fe54a8384,2016-02-08 11:42:38,13wLemetzyVeA1shK5jKaPhYatPtXSfub5,9.094005
649b1c8273be43d96a85ca3a510455edf8a0e8d6a8d985a42c6334c71a4d0315,2016-02-08 12:01:35,1CbQo6BgHp2YRvedGHnV9Ssr863g4VFQCn,4.49733948
64abf6ca8e380435da518aa275927f304d3eeebdafda89ff4b634dc9c0eb6457,2016-02-08 9:44:32,1KX8hoYf7v2tBitkeXsVQq5nbcw9je17TY,49.38988164
64c8e901fc76d47a1a3578602acba8e15cb966fc13cfaac9793c36f098abe033,2016-02-08 9:44:32,1JPJMJ9ad3A6MbTBYFFmCa4iUPVKthY8zM,41.6360089
64cac11bde21b6369a347e6f80c3c38d4fc4d3cb1288e2fd8986e4d3ba1647ab,2016-02-08 10:32:20,1BrzjwLSKNPEA459vF7oQGDzeA67XJTAZH,14.66449167
64eb886d8ebabbf57d98add79cf4c3b6e71584c94deb241c05c88157d4f2ccc4,2016-02-08 12:18:35,1fTRMysWAZAb7Eqqc7EdYVZXKk2zbmzfo,4.30787584
64f6af79d9994d7de93a22dea0baa1a62800afcc13adc0a0053bdc838a53d0bf,2016-02-08 9:44:32,1ARBTDbEA4qsgfJ6YpBdmQShoszBn8HUW7,32.65416905
65240e55ee179f5f249820ef46b551f0bef6a8002cd3dd5d31b3a7a30217ce53,2016-02-08 9:13:09,1GnFVgxU5xNa6A8zgiPoSFqT77hYP58QmN,143.6895502
6538233fdec68c7960e9c7220a3ca455c06542ac609a2e9bce191a480c4ef375,2016-02-08 11:29:26,163oyv2bjcmu8Ng1ZNYBisBzU9ub8E6cmv,8.23477999
65435e5e298479cda91c5a213ebdf0057c514849b975f08a7b352e22e5f36fde,2016-02-08 11:29:26,1JkC9rabo4wT2hmuC55cFZqLW3tRPjb9Kr,6.2702
655b915799f985995079c6fea0277fa7d12f076abb21e4770f9e278c792a974c,2016-02-08 10:18:03,1AZhLHvhUe13SqESoJjd7L9rkRB2GuJgeY,19.91716761
65a4097c413451570350e4d8af4066977868e3a0833e9204d110042defcc3feb,2016-02-08 9:26:04,15CSX3jc1ycmDHeCWzKQuWnNUJko9iaZK1,83.06260901
65b0b7b8f47de58f7651303671b1a5a28aca7756b16af45162feb7a755bb030f,2016-02-08 9:02:45,18gCzWYisCFJn67aH2eB8GAcKd6WCwXEyV,446.4550622
65cebefc321cf12b5c8ee641ba524c8cd482fedfe96a833f069cc7c220ba8824,2016-02-08 11:50:09,1LwcZe5fn5dusuf2SLUkGcNMUSxFxUE5aH,9.19185092
65f358972abffefabf741d79f19ab33e5e11ebdb4ea9909da97285756d879939,2016-02-08 10:44:46,14P7T7zuLyJdJBpbmdaUd58VXmYbK29ryq,12.36855675
662c25993ed78ff701e624e6cc541a579820980731a903f870bcebd3ce952b66,2016-02-08 10:32:20,1Ke6ujLjX8xiASqKYzkhELr9DjncsETxrv,15.21828685
66393f2e279440b80017d1b0b5c481e1e1c65ea734e7e352bb493ff6651e019f,2016-02-08 9:02:45,1NmcbQnpr9Nrh3bguvTE8rGZoVtkn5zLqK,216.2234232
6654c8b6e4f1bfdc231243a85de94dab3422717c435b093d036133012e6f5652,2016-02-08 11:29:26,14WtiE21BrDyTSJ2vbkVZrvgGkfvtj1Fcw,6.40574706
66b9c5b31906e1ebfc00ccbb1b48675cf76581a7337e967b66765ab70892fe56,2016-02-08 9:44:32,1PQHiUFPj18eS88gujLp2dLnGnXCSwF9nK,32.66570328
66dfafa4cca7f5cdcbf073469f5a7770dca2c1b00751644f0c17b75f019ab1cf,2016-02-08 9:26:04,13rqpkXmWHAbRww1hXs51ZUhyTr1QFMCYp,120.144961
67162793fa39eb3df0f973a9a7b10594436f17e7aebbd5e6c6d8302aa77015b0,2016-02-08 11:42:38,1B8APVvNEemxmGz7BKdKYfcRQCgmPciM9Y,6.019229
672becd7c7f62b2122c299d6204e6d8d95da1da786b74290893ed630aa2dca4f,2016-02-08 11:29:26,139oQ3itafp3zs5Di597Zarpxd1UbEYWSm,6.4274672
673850b8d421e6055f56d4f6c2a31301301e466528eb3d78c9072a0d921f4ba1,2016-02-08 9:02:45,1gNgLLkEFmW2McpxQggQRZ1WZgEyeRSH2,200.1120552
676fff275fc4ce4dc5ebde99f1a7ccb0c1772ac5d260a9357e6ade077ab550f7,2016-02-08 11:50:09,1CKKvAxEbTbDWA3m6pvm5ip6gHwihGvz2i,5.05272245
6782c80845834cba9f68b7c2cb87d91b9eee013e297117651fbbd834f57cabec,2016-02-08 11:42:38,19egAG8B1f11r2GB1Y12vQHJLv2HzxTo1b,5.41511755
68479b01c4f9320b855715181cbf6e2aca672104fc1b691d1f8507d6c89c7980,2016-02-08 10:18:03,1xkPrApTV17zaMnCe6pe3dvCTUJpW29wA,18.53886218
688a621d7b4963ccac416ba24a327779e9ba68e3620cfc3397f45410b47a684d,2016-02-08 11:42:38,16GVLk7UJDzCbAo6wHTcw1GCLt2jdkCBRU,5.33482802
6892e1421d0719ce29dfc48aed3a385e40e400b6d3c9911491e3929258122896,2016-02-08 9:52:41,182JV9Z9E7mTvq3XcyQV6XFY3Pj1LiBtwV,30.35129789
68ca148839990c00cb1f32767cccfbd2e6d7c6ff10147b40c9c84c59020b82c1,2016-02-08 9:26:04,1JoQAcNSAAVqdGouACFdGufraGCcY4WLvs,70.2910646
68e4f2702d7a0318eb8bda8d65c0547aee8494662b5f29a8e94dcd5f35ec774d,2016-02-08 11:29:26,1MdFQwvtqYxqY62DzL6PPuEM6dhFejQ92d,6.42358942
68ee8666a9682116c4a43acf0d3f2c8adb90942c98e054c08e4c01987d985130,2016-02-08 10:18:03,196YVvhNKn6SYLRcnyq3zjvjFAC5FkAaWp,24.35074874
68fffde16045bd471f68c20adf5b4ccef285ed9456b0bd12847822435f9fa453,2016-02-08 11:42:38,1KvTxjSWqbGRwEnpf6PXDjbFaQuXkg47L,5.73882625
690d4b4a2551277e9f7b679822fe6ec1207afe0f618e450dfe52b96974430380,2016-02-08 11:42:38,12tSnGfFKbubgSg4jG2aQXJ6NSZToXoAEY,5.4598388
69100bd5dcc328349a6d655e03c5994d2d02512e518ab75dae93fc418fb74348,2016-02-08 9:44:32,144C5UrfWRybkcbKXSequFnwCxVBvuAojM,44.89899179
6918b00b7eba416856d382db4ae9212d782051a06a6288e4c0373455786ecfb9,2016-02-08 9:52:41,1N24HsE7FuTCJtx1cEH4vNyhnN4EUJUSWt,28.94243318
6925681a6cea2a529f22a7d145ac6dc23234d47ebb0d27c3fd2798e357589f60,2016-02-08 9:44:32,1D43BEc7RgVy5ip8cVfotUDkqnD6jntAix,55.7328698
6925b74d074bef08139656f454f5479e873c79eca517cd78b163efeb00b018ec,2016-02-08 11:50:09,1E1opyxPuJaES1D6F9JncD1iHnvTvhpkNr,6.79049464
694d155d37bd6365415d082186b68276c717285408970ddfc9347c263d271a22,2016-02-08 12:01:35,1N2PtLHdqX72LZG9mdrUQUJeBeB9cyhwWu,4.37481
6a748ed5ced17c3677c676803420a3a1ca0b6931ad7b74cd3379cf1d26879662,2016-02-08 12:01:35,185kDcyhwAdjSK7bEiEtEwy9oDE3NdLgrz,4.90800238
6a882dcfbf5a7b084012af47b988540ce5d719b60ce046128b5b5f9af4ae0f20,2016-02-08 9:44:32,1982zHWvz6HtwekDnbT3Pq5pxFvd5dcr63,39.89019999
6aaf09fb3b2faa52424f1e318ac6b9eef566dc0f2e2aeb73f2fa0d9a0ef8c19b,2016-02-08 11:50:09,15Js38oB5aUQcqiZfsGQKBq2vU1smfhNdH,10.84501365
6ae3500e16d35869df3eb21639f9745f1eb628763f5b474cdcb03ed191847e95,2016-02-08 9:44:32,1Ka19icSmKu9kUTwrH9pFwPSTaeXDzzZpJ,32.96694755
6b1dae33e8a14b74e5db2deb86907dc178fea0e634902573f807a251ce15dd3b,2016-02-08 9:13:09,1NAYSdWnFcbME68p3Z7Z4pSjRToYpX8i6M,120.007354
6b3391773214efabbc0022902f8110eccd231f54175b167e012f4ad069be29fb,2016-02-08 11:42:38,19N4d4HRra5fgnPzBC6PBnNnVXKHHCx4zG,10.14476583
6b8473efdb3409e8f50c427e978eaaa1f5fbc7b220740469a0d3e078f99e964b,2016-02-08 10:18:03,15NudRcjH1CXj22RBn5aeFLj51w7S8Xo7b,17.13863723
6bf9b1a4dbc5b834fcd16d1cada4c787a8f0a05ed0e6495ef2b2711ccb625409,2016-02-08 10:32:20,1HHihbRMDbSEDnxvtZLic8dcShHEW5H4Cm,15.17303581
6c653bd2a5aa102947e8056df8d736f93222fde17568780647bd37c6c15b5f5a,2016-02-08 9:52:41,1J7N4gnFRK97zCrnCPi6fmCUWXbBgFL9SY,28.99283774
6cb50afd2443dc68686f7d8953503c5441ab796f2ae503bb19fb0e6b9cb85e13,2016-02-08 10:18:03,1D7VjbnkXkycVpmpiemHydXyXL2WcTQL5P,20.08915203
6d1638c76320897928d6ac7450b4b002e8cb7a794f4cbcd527aa4da304b3b24c,2016-02-08 9:13:09,1NBjNxqkzSphShv2tS2eYHLCqW8iNDvA1X,128.3604036
6de99e1d654da7d440265a42c30e12da680337706462e10d707a7edbe305d7b1,2016-02-08 9:44:32,18dziTU4qTbGncyfFD7RxUniDVzauPiuHM,52.41075001
6df8a07c1cadb13265667afdc3b68e59e58015133ba7b22ec63d434da8d19379,2016-02-08 10:19:38,1P2iz9iZMZFoWkmJh8J8MoMDQhZkRH94GZ,15.3997
6e490729cbf7d8bce6ef3a0ce7b966fdcd6627fd23aa544e335a5725d7f286e9,2016-02-08 9:02:45,17B9FVciyZC9aiyFc6qaVWWZLWVQ6eiiYx,238.1204441
6e7de7053f5b940e0000410015b783790f0558293459dc78c38eec80d204791c,2016-02-08 10:32:20,1JUXQdrdjxgZafFHMb2ykpyGiFyqL3nmiy,13.99353046
6ecab4005ab9092a0861d72c56ac6bc934109bcd4ceeb9e6cb07d30137058849,2016-02-08 10:44:46,1CPHALkBjPos6C4JSxs4LZsjuCpAXyLeBm,11.45870124
6edd519f9847a0e9d9402f5e8414af04519e854fed9e674655a478fcd9c1ec35,2016-02-08 9:02:45,1AkYj7Zudq51PXxStowDmXz9XG8JndxiLp,205.9902
6f160eeb71358152f6adaa20839d89027965451bf1db24ca440deaeecdbcb886,2016-02-08 11:02:46,1Kq2VTrZnyJZdmRZAa9H5EAiJQjASnxkzJ,10.24171165
6f606d7ed3a609ed028885400cff0f17793c9daa60ba4431a7c5a13bb81a125e,2016-02-08 9:44:32,16WDknJqayR7B7n2k1ptfJ2PTe9UbsPRy2,39.1871988
6f8923888bb4115897f1176ed53c0caa3227e3a651aef4c8689d6fa1af8605f4,2016-02-08 9:52:41,19wsGDD44SoEHao3DGAUgC8qXmJevwowx3,30.72498037
700bd390c6b281663c2e87d515a8f267f442981f37e6bd24b3aa4a9c49d49841,2016-02-08 9:52:41,1K5GYExVbZruzLfKS4EtfuRWaSUEq678di,27.93420001
70308593fee48210e710218fca665a949237275035584da49755e82625830423,2016-02-08 9:26:04,1BEGX7HLMDVrNPbTbziLWyYxY5DBadw5DK,75.02651323
7060bcc6ef96b3bc7bde3d10030a77fa91950737643ba6353d3e156e99be8db2,2016-02-08 11:42:38,1HmvSuSvjofcAY3dVp6EGkDRtC6bMXTTKe,6.02493905
709d2a73625261fd843f2482b01e4aec25f0a71e3599f193f7304dc4422a3aa0,2016-02-08 11:29:26,16cgzrD9eujTzEuPj4WW7JmsttqpKVbBrv,8.10075247
70a79fd1843210fb74d0deb5b8dc713fc1051730e6af1d5d511e1483f3c79497,2016-02-08 12:01:35,1L4PfJjiWdCPLGM3guum2KajMmUhFCcRzf,4.44373868
714a9b7c4247f433f7916a49ab05d0091b37602b8c9a7f0eed910dbd55e19658,2016-02-08 9:26:04,1NTL3R7SisKuNpAojLjwL6hSwuBy5P8QF8,64.07342826
716dd19ac34e88b8504aff331877db6680c441db61ba66864166fa6fdbe918a7,2016-02-08 11:42:38,16xqz4QxRnt8fWAnVoAYXZRN1GEBhYupp7,5.44444074
7173dad59554d47e4e7c1f04fc3bc70774cb2f1ba7f19b85b5f5c6c394098fb8,2016-02-08 10:18:03,1AegUyze18ZYS9LueaQRLFgFiNFD2yaUva,24.53632157
719d5b3812377bcc2cf74bd2a70de6ac7fbf4f49a2c4b7c20ff3eb0e27a6849d,2016-02-08 12:18:35,1541WECECozj4peyN6Esqz4fVu1rN1qFM4,4.09638976
71e84ab902a4c3458a27d4e5ba69e3cb866b51292cdd853ebf7aac8df3c4aef4,2016-02-08 9:02:45,1NzFVjXXC7npoHjnYpUz3bhTa7djybhBr2,815.9896
720d05612047708e92c43a0eb4d14df02794d42f421b156c264db09c9d26ea86,2016-02-08 8:54:54,1LJczLLCHmuqaFgWLSfC4g3m6SUPbJ9TsV,443.4702
7215f7c50ace8b545ec79661b9b845c5f37003c1e0e5a8db12b533736a04fdfc,2016-02-08 11:50:09,1584KkxinxUdUd5uar8fGWuskND8WQFzb9,5.09130607
722a21c355fb53e4ec36dc9664802216ac5fe49b99ba045a68e7f04c37d394b4,2016-02-08 11:50:09,1LQjyVCLmP6EBbSTwiTFb6TAhWaTvtovYV,10.35173369
72ec47de4c518d0d693c236b52c7aa73db5332dfddbfcdd4ae049e8b290366e3,2016-02-08 11:29:26,12kT5r7H7Zu4ghK2NuaNL2C1sgKjaRZW39,7.02283098
73067989c4caa5746569e356bfbb227c75c97440da4b03bb23e2244fbd8afa26,2016-02-08 10:32:20,1DyFQfGHaBTkQ4tdHBNSXoqc7PZiETazRi,15.37187275
732deb7ebb7ecaa83afec271bc70b2450083ff0e0342c5f89712f90b351d9b7c,2016-02-08 12:18:35,1CQibCFdCBdcLEnc8AR49H9rgf8uzRkuZB,4.2701
733bbae52c941cad194cc44d3fd5e2047867b5ec16b8ae9befb9bf44e388ba37,2016-02-08 9:44:32,1Kz5SqEFgmhJ6i7pFJA3EQJpK3kwd9Peaq,44.8664971
73ab4681765f495133de07d6f9c5f3e174e9d0e8d5ef3aa28e43795d5c3af2df,2016-02-08 9:26:04,1859V2jLPhd2sHfZYf2RpCZmZnBe72gMyJ,57.77010497
741a587ef2df8c1f27f63314ab00648642a6ffbfae9c9897622cabf454424d11,2016-02-08 11:42:38,18oGtT6yv76EoHpBH2EJjrXvLyRgDz3BZL,5.99642521
745280eb3aebd997a5242b1a45b32bd3e9fc2c3acac81df3bde8952d2cdd8bec,2016-02-08 9:26:04,1DRgFDUAuRr9UToRuEwy95tcVysr3aGay9,95.58341163
751277d078f08a096225a2f8bbcd4e146289fc5689a5001f8767b3d7f8dc8823,2016-02-08 10:44:46,1Eney5FquobP4AMCNMvRPKYdh5bDU6VRZz,11.161034
7513195abbfe96ec451844b6d93d2d2aa260801c19a7c754f832c66857f097b8,2016-02-08 10:18:03,16ngJWgG7ehx5sE1wFsVZSCJLaXsHiaTRF,21.76721494
751df28d847f3eade3fb22244cf910881e03cc47d79e3797bb31141019a82d01,2016-02-08 11:29:26,1F6gc2kT9kuBDrX7bf5kEVi3WCTHhVdJy7,7.51385435
7533a59a0998663bc6546a9395093666c411fc89886ff6c500ac51c81d7efdf3,2016-02-08 9:52:41,1LUXseK8eRar9hr93xdbW1EqjMHM9FsHWS,30.71740052
7538247224267ce200b5b68436f2ea92df1ddac03fbb2c70a35c23f022f36062,2016-02-08 11:29:26,1KgbNwmwnFXP8R2Hqs2ZNGgwE3JMRAonXr,7.99615852
7554201d3ace988643f2a0df68fbd20102b987b10fd113ad15831d40a97ce08d,2016-02-08 11:42:38,1F9k4siejaRP2EL4qNEmgCgK8Bd55mnB7,5.72478607
75c7b14b379bdd0e6be89587bce3fd09c8aa9d93d16beaf4ee4469ae68d74b03,2016-02-08 9:26:04,1KGYBLyB3ogXYGF8sden1wdLZJ324ft2Wt,87.56855822
7643996d17c354629aa4f208e1c420e01c52a99b0944a0ef8030d1325a5b722b,2016-02-08 11:50:09,1KgQVy3K7JUgkcdFL3NT11cXLjt15QAQNr,9.57635609
7650f3225d129e00bcf2ce5b458f0b83fe2b102cc4059269bff9cb75ed1e986b,2016-02-08 11:29:26,1JgtSGrCvxrA2oCpPgkgxWHxFrHZbDSKkr,10.49827559
768298530e889f8a3d72e4c6659283fa40e88c4037d317d7912415f55370b819,2016-02-08 11:29:26,1CD9nHBA73tEUdPiRNN1rFeU2Mi3inahme,9.08543466
76df9f33f15b263a070c838af9b4aa7bc6d0aaea88bc19cc055f17c24d34dac6,2016-02-08 12:01:35,13NLGNFZAibyRyuyAVwTkFmeVTySBmMsfe,4.44340396
76e052da03f1f81dddf6e8f692f011a07eab9d7f6af4d0c757ea25d97bba50d7,2016-02-08 10:18:03,16sUKsUWnTFCKeWa5G5aJdjsrWmqwtYk21,19.0750538
7702205e75db12b6b6d1f1563673ad5b7d824bef41ff9c4c16970300e846b835,2016-02-08 10:18:03,1CEXrrA72WKPEscdPU7Nhz827eRb89vekg,17.24806183
7717e14cb5337acec139f88d20721b018f0594311ac6e97bd1a2d2a9e9fa4f85,2016-02-08 8:54:54,1KAAoFqyaThQFo9JRJsPrd2jHZ4cPKnTPN,473.3241697
7720619b6aa61f5dc25e49241ddbba3337af0769684e9039cd5b6404a709b729,2016-02-08 10:18:03,1B97SL5GFy4YWyou8y7GcdBWsgbyM4LGH6,17.34218293
779f3ab59eada649939454ee4e259d4b31807f569a429718fd3f0649f3ae6001,2016-02-08 9:44:32,1PQ76fjs2iz9Q6LRyWS28AjrDtE93CRemq,32.63455516
77f340976f7f7f1a8753093828eed4e06b2a7c4b930b1ef1c866336109c85926,2016-02-08 10:44:46,1chtDVqwWbuJCoiZcjcP3Hi9stsFprt51,11.801571
7824a165f3bafb01949d890d88c7a187ba1ec93fdf7ed2eb495e920a6b99c3e2,2016-02-08 11:42:38,1MidpxVpSDatLckxhPmHFhC6Y513SWSRBP,7.954532
782e1c67a71349cf48c37a38b23b3d4c4e04162dd689b9a25379024d9e06ac61,2016-02-08 9:44:32,1GxvcUzV4DjaedcarZ8EwDFvJfMZMkGSF3,34.96465198
78c1bdee23a41e0604f7c0c83b907484da948ebe1c5822d22c1742bc1abfd64e,2016-02-08 9:26:04,1AnMJQis3bjqMtBEErv5FgckAvgc4d37XR,71.3766112
790defc504d64a16c4cc98b0cbe0b2b284fbda01847a0fd37e98f20d5247aa25,2016-02-08 10:18:03,166DtLshSoT3F23oVxfaqSm4bLtEPdPi2D,18.47765165
793a77e1d24ff22f068febfc6f46fbc12bb83d87cbdce7da24c8aa1e1f105b79,2016-02-08 9:02:45,17oV4fbRBDZEuUJUY62VtPQ3jTxPDdoSpx,299.9661937
79670d2d8b3994513f24b36965c2891c24fa7a5246d37f6741a9cd020d110544,2016-02-08 10:18:03,1EH8c7XoQjVitxaaYtUT4aq2WeyhAgZjFp,22.89656968
79ce9903e53e3e2ecfab411817cffe0d98b6180dee6d7bf6b563ccbfb5109977,2016-02-08 11:29:26,1N2e6yVGC3gJ8KXVMwi2fwkKF6CzBqcVcc,9.12712025
7a6aad8a312790b74bbf25f263a35950245559c8c9569cf37bac3355879054e7,2016-02-08 9:13:09,178oUi4XD9XSoyFn35pjfLjZepyfAK6QKu,110.9976847
7a91f0c00eed6591d4df487a9cb68aa98065257e70a756ab67fc86431418c130,2016-02-08 10:44:46,1LESwcYyA1deRGq31cBNT8sLKX1U83W15z,11.6110969
7acfbc6da4ed637ec2a5fec012f56f1eff6bf09b2036279b2074d0025dd8b22a,2016-02-08 9:02:45,1EBUMRx1Z8cHXGPrRy2Qvpmgvj8ubLPKku,209.0243566
7b11f63d228b5301a648d5972e13415407f6cfc4baa0ce5b2265212cdcc2e911,2016-02-08 9:13:09,17anHUAmVJ2u1FvQUNqtFMGpDLgjWLVrkn,143.2447137
7b149042667dab977fdae022e40d54353658481bb940f4906b1df426e572231e,2016-02-08 10:44:46,1EnZZtGbgttGtsDguZBwo9umxz4ePDRzRz,11.15975464
7b153d3d70f492c0881137317d52720ca0d3d797ea691b22ce6e40f5bd400c2b,2016-02-08 12:01:35,1CWXx5GSy8LtLYxG5oDf2ksCJct8pAPZwx,4.68545868
7b6fb4ee5585b20edb797cca54849d75a6c9dd0a2ccacba9c533a11a09d6021e,2016-02-08 10:44:46,15NxD1jViRpmagYHidATmaeNfYyXvRgeEv,11.68528331
7b728946c7b80f99d54c7755b2c4b0763672d18e59d292494f205fe52fde9b11,2016-02-08 12:18:35,1BmMgNxG4J7Fg7iCcsE5dKpW9sHi66zGZo,3.99330166
7b76f2d4f093a03fff0e48771fcedc2b871437054dafe11c66b2496186d08955,2016-02-08 11:50:09,15zTYnQXtYRfZnR85xMVEuDyejhX4vbz1P,5.14131596
7bb9070cc19dac94622f85e407dc4f548804f579ac061ce15bd69a2ffc0cc7ff,2016-02-08 11:29:26,19bkdGE9JCymE6W2pX8pJHQceUQeCcVxGY,8.27979634
7bbb03bf85f0d93a7f6d8ddfcc2ec2a7dd60a7bf2ba8e36d17eca6a792167836,2016-02-08 11:29:26,1A9MtHDjnLpE7J69W3dxCbq9xSj9WvQLX9,6.99563743
7bdd9c343bb70cff222a9dfbaed6283797376bb859223979f771cfb977461190,2016-02-08 9:45:50,1Uz8Qhvj75qNM6AwbpfBqor4R56CgxZL8,31.4844148
7c06a09a39f5edad6908a6ca7a1c6e3f224ef36f9d54f47d3264583fd28adf2c,2016-02-08 8:54:54,1A1p4G7jD9QZxhgxUaNjvoY9fMQv2mBHAZ,924.4713509
7c07bc909d50f6e9bfd84f21d6b788d67501ae89912752eac599267df50ab777,2016-02-08 11:50:09,1HwHrH5wbctrs8PnwDJxDchUGTzW37Tt7D,7.9901
7c281c7eaafc3c81a87bdca152a9f1901ae6b1e4a195faa371b834de5ab520dd,2016-02-08 10:32:20,14kvqNGJs9guNgfjkiS6XoTAxbKXxGvNoB,13.38039858
7c425b5aa5591adb17c43a8f966e8cf9d0d3a1128c298f8ede0cd4f0952b358b,2016-02-08 10:32:20,1CrwBNeRwRzJurMf9iCxUSxRx3kYnDm6iD,13.30482089
7c47acb3c2ba13a4224ebc52cd22ca107932a666e066a8d1044489b23f7713e4,2016-02-08 11:29:26,1KdtebBwzpB7PF3pBSWEbmfkCAN9ZkbaTo,7.74655725
7c595eabba6530b45b1a99144275948674607e1bd7ae45b6eb39cabafab7e44f,2016-02-08 11:50:09,1FbcRJLhUgDMBcfn4FDw2mMvbbPAmt5MG1,7.87995701
7c6b527be3d8a2546038ae04b8dde72a182fba8de8b0c1ceae784460f078be4c,2016-02-08 10:18:03,19TXra96k1xzUphpGRNhRKrL6aMFqx7y7B,16.1182716
7c7622fcd5f8fb07a4819e8432e6294cf428f4739d80c35568318f4bf1551ada,2016-02-08 11:42:38,15xQQhG6h96pQZZHAgc4F4VQdLAikyuYry,5.28993488
7d3698ef6f85d304b16609ea4e7f1e83bf9115d41bedeec4c47a53c5c10cad80,2016-02-08 10:44:46,18H6pXKn79kqbXNHDP1YsTsEiHxcabKwLB,11.50880967
7d9dbb35edfdf177602f5fdde66ff8d855161dfe0b6ff6c6734a62fa8b1385c1,2016-02-08 9:13:09,14VG48mky1vcVg2dqtMak8z47brSnFTa97,146.6516818
7dd1f07f02205e0081088f851524c5829eb3bc416e2e516f3d0e45da25afa024,2016-02-08 11:50:09,1EiHTddMJYjQ2hnu5iPJZuPhmuCTcm5c8d,9.1899
7e2767b482527bd33b803265bb5f4adfdb009f66c6091bd0d65f8833f6d59385,2016-02-08 10:18:03,1D2HehA8571VgEk5EmKwnFSiqUTNDrs8dN,22.98135634
7e39a81c3161a292413186edb396e345596e5a05ba2b127948e905bcbf047619,2016-02-08 11:50:09,1DKa386m8XNL2Jkn55yTVL2B97geSQD34R,7.78331721
7e3e183c7f9c1c3eab96880957db31f04a9e7e8d71cb2fc2bd8affc0a8683712,2016-02-08 9:44:32,1GVtsRmCitqVjgkmHeUbzya3zoCnND4d7W,53.68149149
7e5acf85193e9afcb4f862d20e68dbfbf1c4ea2d9ec00c74035b6debf77b5f40,2016-02-08 9:02:45,152RQtx5UkHTQuEv5vWydgZMXfRzG1WjjP,328.4186753
7e68341135dffa6ae79ced7e4751165ace73152356e87a1dc24b4ede1f215081,2016-02-08 9:02:45,1CianrsSdqkdtMCnjKYosRzhdV8dZbuweB,391.6778871
7e81cc8385d78cd61fd441788118bfe395e41e17fed93dc377bebe4421daf489,2016-02-08 12:01:35,1ASEVw8VpQvfTqWbErwgVdSeww1K51xwsT,4.43503725
7ea49e266beb5413c7022d79987abd3ca10a54a5df1ea98727864a5f9640b14a,2016-02-08 9:52:41,1EK3QxruaRrLMUsbkSPTCn1UBeZH1gyjC,30.18077348
7eb9f9ec404e21dbac6a0af6e4b9226a3c67eab023d2e5b76d8bd1ed93876a30,2016-02-08 11:29:26,1D2HkEisYgXZXLXdisVzuxnF6B7ZXcsEhi,6.42769279
7ed629baa0c9897fb17cba5c9f8ca8d86860f22cb24281adc34d6cdb7e63a872,2016-02-08 9:26:04,17tiieGNxYLikEi6NYudiJJicFQGP3PkJa,95.53529463
7ee7863b35f818890153451ddd064b6f86ad5716be7eb853caf13d3fc1b8bac3,2016-02-08 10:18:03,1GVi1KnbuSmdX6tyqkWZzQwH8ptFgQDXMF,23.24904664
7f6a58cacbac5342eb8bf1af499eda3042f6fbf7289fc8472ca8590c37836f81,2016-02-08 9:26:04,1MDPuxgSr6nXDqALqYSSr28hjfTBwHPhbU,57.83916425
7fb78897c015baf4517b2590d1301da98dd04e18ebedf7c555efbe7d8d2d4e8c,2016-02-08 10:18:03,1C99Kgp2kER7D9TY8N1Xa1AcriacsouKrS,20.04071519
7febcb153500ff5526612ed55fb4b69cfcec78b8b0da15848394cd2c9b7fa262,2016-02-08 9:44:32,1MdoZTfHhxRbWeifPCo8BA4RgnjmynRst7,50.15095368
801a27421b90a6b64e8af46b78b4625c45e618c13914cbefaece998226e6d5c8,2016-02-08 11:50:09,17bk1f2fTxahGKk7cyuFwAztT2CTtB4afd,4.9902753
804aaa49ddabf5fe4b8ea62d579d21df7b2df69cb6297f5d9a2997b48830ce7d,2016-02-08 10:32:20,1DdePtjSrxBxMaZ2qttSWkUssnHSoxgciz,13.36251757
80868dac295a76c0898ef142b1893fa53840098bd2a0b339af1f00833a4d1030,2016-02-08 9:13:09,1KkzuPTB3Bv9NaDzuyGuxEZ3fAd8gMZPPz,109.9907874
80c16bd56a4a48d080436560a64e04d749eb6f3a9ea3dfad6f67528e0dddbde0,2016-02-08 9:13:09,1F1jjuTkRyP6Bb4xnQMZznRH9crQqr6GgC,100.884971
8258148698555ca5211af02ad3d683a041319ce65529fc1354ebdff486e9b67c,2016-02-08 12:01:35,1MfSReRd9cFqgjQokaBd4orVumTtkofNCM,4.46228268
82608afed27f363068a963ee956dd328fe219f052645e276dd5d048e55ac56a7,2016-02-08 9:13:09,1G4RtEoDvjKTikvwYanoNAYXXfmSrDsWkE,130.2717313
8286c807709b24291a064dc04a418bead66968ed6c34a32d7d6a0da7f3aa97d2,2016-02-08 12:01:35,1JicMZi9e4NkE4Q8JpZAwaE84kBam9ngrQ,4.8295554
82e37616417ffb45fd231954da25756bfc2fd847d82f3d88615082fa84fc73f6,2016-02-08 11:50:09,14LRzQo3XrtddZQWmDd25RT1puiytEcTaa,9.4841
8386781d55440c8e368009b336eb069a36c1ec8a3a597a75446932a35456bae0,2016-02-08 11:50:09,16Ju9aiWJugDmC7DhEAYSSDa9Tn3v5Ezhw,10.65526176
8387d30ce103b2aa385505408e1bf538b6e619a433ae98eea24de907efdf3033,2016-02-08 10:32:20,12DrGJeo6EVhHhV1Dca8Kg5f3oh8BMBYuH,14.12373879
842b4ffd3a9b29f49eeb81d8e7229b3bdbb337fd507b9126a867226e29494127,2016-02-08 10:18:03,1MasovUvXVrzhQrR8PEsndXumJqEgzR5ft,18.3963517
843cf2d8451f338fcaa4bd4b2eea5a2927de0388b279f770b8598336a6309203,2016-02-08 9:26:04,1DPrrMJfbwjBRWTqRWYViB2vC6yYbMqZ5C,74.9152
848bf4785ae4d8950157870335b54a4222f3d89f5be5ca9a1ff5a312f5225037,2016-02-08 8:54:54,116Hd8oTXeN6y4LwtM9w7mSrPLSRJtTXQ4,999.9925243
84c8c82de77555d826f9b03a91b0f5913a761360b9ff40330c9d9d6c83cca8db,2016-02-08 10:18:03,1ExikKLMSsNH6Z8XNghm5raCRJuykoE8Na,16.59873388
8547cd496605fe510ba506839d936156ab4bfc4f548e2da9e3b11c0854753090,2016-02-08 12:01:35,1LAVtHeeGHx8bjbWUHBGfhgpwarXc9zpNW,4.87945608
85946e670e3b22dab2e40e0dc0da3e733c758ae1fab24fc5203911b1ee12dc19,2016-02-08 11:50:09,13UXZckgVUdSep8xkBSmXzx76CP8fRm1it,4.99329756
85eeec8f1192883259da3bf4afe09a2d11be7aee1a55b54840637a5f4f6a8ffd,2016-02-08 10:18:03,1NV5wZosfjrffXpTW9M57gBC6NRLkEJnyB,17.0292574
85fd3142647947b43368a26d705f1c00fa74fe4362352c4f84bc6848355e8c58,2016-02-08 11:50:09,1EQ5reA3sbttArwt2e4gjj1iSAggmAcHBR,9.02093203
86c65ed220a7c30b13d407c033419f6011ac0d515cf3954a0cef30fb20755e69,2016-02-08 11:29:26,1AFuMGXCSnKSYPS9dy2sTPEqEYipZM1ejP,8.52561306
86d60653bafebf6a0e03c20e43c8fb0c54b3263fbb690dc9e0dc3d744d5916b2,2016-02-08 9:13:09,1E5CNisvip4BMFr9sCvnubLHbPqLyCSy4d,115.68159
86faf97b7388c0d72cc889dc40f393dd6f8ee822ff7197ed4a60c8c1ecd640e6,2016-02-08 11:29:26,1HHgD4HPFQ7wehXHNcKmhpLkjmf8F2yV1Y,7.3137329
871389cf4ded7d5f564d4afeb8da9b1fb9dc39068706b70a74f56e77ea41846d,2016-02-08 10:18:03,1Cecs9zttTHJkTaWp4G6YAPtdToTtdNG5T,25.997405
87225d3867c0a762f84b83989471bcd2fa19270aa0bfaa1d220bc8be9e04e430,2016-02-08 9:02:45,15nfJ21guPbcBHBRov6y3jwcczygKfxZEJ,228.8103453
877248040669ddd8887f2cbc44ea2518333f3bd5aa1ce4e37c905c840e935722,2016-02-08 11:50:09,15E7L6WryNCmne7kyWSwGkkLJfkXiRnUmf,8.55212534
8784f6850331d5339049ea779197107d6d89c0cb2ba1c990e5e7b173befd6425,2016-02-08 11:42:38,16dhztbNUvDW8jmAhAs5c4LMvzWDvvEQNY,10.75697796
87ff22e1ef08ea58853710b894e057aa005810ff7f216364e0c9a7ba34c0848d,2016-02-08 11:42:38,1CRNbAyHkCHaLcWpPRmQQDazAgJyWgh2rP,10.35578312
88b3bcb04d36011545e7168d32f976ddf310c88133b89fb9ddfbd998aed6eade,2016-02-08 9:44:32,1HsMyq84RY8bJxkvhSNHGXJ2ebD9imGhGC,55.30084402
88e5a9ce3b18fc8d9db54f4cf3b2441475392494227ba6d2497bd28b79d30e45,2016-02-08 10:18:03,1QFpoqaLkeP9ej8xnFrGWEqxEKtdfgwq9p,16.70243009
8902683e968c42890773e12325df832800f149d7d7de7460e3c143e9d6b84c87,2016-02-08 11:29:26,1G4sg7Qw46HsA7HXVKCfR3McEma6jXhdak,6.17452089
898be6fad04ee2917bd2a4a77307d52b510e5fa47947b21ea746090f2d5f2c07,2016-02-08 10:44:46,15yscMbRwZqiTSswz7sHVcWD1Wy75v2vk7,13.33975703
89ac68c3e3404cfb9b1ee095dce6e47da2ccd183ade7dc3c4e39b81f36a2fbc2,2016-02-08 11:42:38,1LWUFxHv51ZNUndGYDF8gVDTUmRbEWN3YN,5.7059215
89c2fc0d4d06c34711749d2fe29e683cecd368e397c6708f1b8028d7ce310240,2016-02-08 11:50:09,1PzDcKHymNVrrrZSgTWjah5xxn46cF1N2e,4.9897
89c8a39e9aec1deb6416104d59d800b33de1e6bb34937ccc36fc6a975cb3929f,2016-02-08 10:32:20,1MbBVUaUrW44YBd4h8CDzYRdJeszs2x85,13.45923257
8a8fad7ff709990ba97fa1a80a72aebeed9c8a2e7f3dea03fe80de65d4adac09,2016-02-08 10:32:20,19QBpEgkvKqd3VDHFGwoXqz2oNF4pr8eZV,14.96453463
8a9aa6db6a9efdf68252d8a1d08c8f84182c7fd7b1000651895a06d18e9e7d8a,2016-02-08 12:18:35,1LhjxEXf5SWYrzK92ps57MxR5Ubbszg4T6,4.13926463
8ab586b707d0db4f38a7288c53de991f7a01a6bf96cb736ca770d57c0c285524,2016-02-08 11:02:46,177YQCBmPq4Q4aapV7YDd7M2hAqi2zZFnh,9.67754168
8ab71602173d0413730fa9207d8102587029c540090caf234495657786a97b2e,2016-02-08 9:52:41,18kntJCs64wsqQ7rmfsx12ycMCsHcaQf8j,29.84102492
8ab9a49aad7e1b7a225b85a1b67c54de753be71e1729aa9e6dcdeaaa8e9624cd,2016-02-08 9:26:04,1Hm7z5ZE2cutuNmyBZf9XAfrFmTJC2zt4n,68.39748396
8aebc40fa2b722235256217c7c856e4374ce909c8040fc3a1381ceea0d3284f8,2016-02-08 11:42:38,1J2gcWZ2Z2Ap1Gz54gQMmipC92WVSEa4oy,9.11347002
8af57a6b1d2937cbe1ee8877fc9937f2cfcbcaa4d69562b018280da3e4ea2cc7,2016-02-08 10:44:46,1AvKCo4iVvkdMxWZikqGNo7tuk3cAHcWNq,15.10663168
8b10f1136875247721f3d6ff7ce1e455bbf6bb532e775ee4a1efc5d01b2188ff,2016-02-08 10:32:20,1ChMgJfmcWj7FfwBpA8GHNfUL7uGr4Kex5,14.73411251
8b20355daddc97183c8a7b514a8e7fbda0ad775c57766ad4bc50252b04e35305,2016-02-08 9:02:45,1CxaTYC1wKBqXKz8XsBPwf62S9PzQHH8nC,298.8006707
8b5cf4e88c30d950482f046f9e0ba3847019734ba06a1e5231f40fb5941c5ff1,2016-02-08 10:18:03,188SRnV77CUvwrMELc9FRX6FgE7cR7Qch9,16.11020193
8ba29b49b923e42c567851aafac479f37dc77fbef4563d61712a0fd0e6d91962,2016-02-08 11:29:26,1Lkj9mPwqX5NbeczGE9XwmnomErCt1PeiW,7.01442166
8bc6754d017da54f705fdb7c22ccb5784707bc0bce36bd430a84bd1bdd4793ec,2016-02-08 11:50:09,1EtKT7cFW1wdu3oVvNzNUdYc8qkFdr8x9U,9.9935599
8bc8ed12794098788928156efc5b377308210051d28d3bcb41749e5e00362bfd,2016-02-08 11:02:46,1QAVFEcWBfSSq36QVxvQ9pUSzNGhLMdBAq,9.15069487
8c720d1857a3bf40d68420961bb459a20677f0e797cc089f5d12d81402f3fab3,2016-02-08 11:29:26,1B2ERFPdjGjxvKNigtyycBEjpUnEU81vk3,6.24711736
8c85e63bf30128c085916848be9b1032ce48977c8acdebfae8abb8052a39ff0d,2016-02-08 10:18:03,1G4WKakJzs1rVWiJFXw72LDcp4qEpAzRzt,19.99132741
8ca4d86cb8ef2400a68b3ecc15cc744960e418e40f9b1bacb07cc233e85de2f4,2016-02-08 10:19:02,1BwTBKE65JPjWSVacvbykXHx7PQFKGvgji,15.82935002
8d091a20984b20f43a18da15d608e9b6e6609c912488bdf14d03df609c3304f2,2016-02-08 11:42:38,1E6pmkA4fyg9V43pAS7EJzhwjpUHWd2ZtM,5.9782
8d1138235f8a93f02cc8ce53a1bfbb85c81cbfb060d635031f380103b5480a17,2016-02-08 9:44:32,1HUTgMXpG2JhrnNPbzQzWdB39RHqsswU2e,34.9902
8d63d41f9c2c2ac14e9e17bc5f2ad0db7cf241dd26d035f42bf79b98be39d0ae,2016-02-08 11:50:09,17Lrz8LTDe82DEr3cB1F18vVeEPmKZfmAk,8.99011149
8d717aa96ff08dc8836ee3a54de6c4203834c4ce5d8fb3ceaac8de78a3ccbe70,2016-02-08 9:13:09,1BDcHUdKFV1pmUkbBqdLtT39bL5spKQYGT,122.3653333
8d75c789a6cfff35deca51aaf21f5228c6bead929e20cde57e39345e48dde540,2016-02-08 10:18:03,1FZv9VZhfmJQaJhN84hDJsD6KaZ4GjX8zZ,21.62542498
8ddbed1399faef71bbe607629be5b3c7d164be4dd920f46d020c9e6b093a1366,2016-02-08 9:52:41,18TAdxGZcQ8LM8XFTGc5Mfo5CdtdSGHZex,27.57791321
8de56a5cb5cab0133ba9a30d9a1202d4ae81145e2f9ea1fb8d5dcc0b72c8cbaf,2016-02-08 9:26:04,19kB5dwoxyTmCCFmYMMcqBiXc9jsoUGzx9,63.31052081
8df43c54f39d4dcd9ef017133a1fb84f9f5456bdc15e81a63eae68eed19cb1b2,2016-02-08 11:50:09,1BQ6GVWrZv8xf6p3okYJgarwsC8qyoq6zN,10.60981091
8e25c11980fe4050bc2a4ea5129bd8f6c00fe2ee065c9c8d758fe1447cc354b8,2016-02-08 10:44:46,13KivxHxV5ZGyq9xyeWHG2CwUkdu8G7tWu,11.9384571
8e3cfc922ac33987d515cc53e8bb5d6dbf351d093e440d59c1d4d74fda449726,2016-02-08 10:18:03,17smkPTaCV7VGVb1Jxvvb6bdy52d5pwrgx,25.42541465
8e46ee78bd569f5cc42749a231df59c006bba610a2029c099b42ea709a89a930,2016-02-08 9:26:04,1DtfeDizvTGSqSZ11RonLofyrVtTdqNAWA,59.79648712
8eaf154fe2e5397a49f9164111a16224ff15197b573e86e9718ba1f695e4ab3c,2016-02-08 9:44:32,1DHmpnB2B2ZcTjMLsxbVMHdN5q7WZwrG9h,34.99
8ec4fe0e5e118cd9c0dc45a1b30e71ed04a29215e8f3e088f7f93a1b3350d9dd,2016-02-08 8:54:54,17G6VmEVU7bfDVt44XbPpH7mQ9ii1TK8sM,941.0454968
8ec6b9d5bb83fdd996522d84a9d42ed60b8127cb4c2cfd24ab69118573d482ec,2016-02-08 10:18:03,1JLFwYVVF5z82P85joV1S6KjhLv66GdzQm,17.12706741
8ed3bd83fd43c0b6ad59ca5232ea1fe87f3710a21a036b19a4335b6458444d99,2016-02-08 12:01:35,17BNXWntqr33wxnahfhyibVojGwR4pwosA,4.38163049
8ed4205c751b84b497945647100b6be6af06915e38b508aa8ed63ea01113fc3b,2016-02-08 12:18:35,1NTfDT1Q6qgbp6oigGiMwF95AC3nvAb4A7,4.15297719
8ee2ed7e30ae6db7f45ecb69f301dadc020b580551e74e215e527168ea01e00e,2016-02-08 11:02:46,18iZ2UCB3KwAdvdUQcTQRFKkF4dFknmokA,10.09657654
8f1dd05b30fe5ec5bd95af9e009ce1af12b09d9a6b6edbc90a36f70ee1f20b47,2016-02-08 11:29:26,1M1APR4tubqAYdm2AbjWbwtFTYBHahiJtf,7.03782645
908cf2ccb7bd18f272610a8dd8b80606dcc61eaf071f0318ba325eb721859a39,2016-02-08 9:26:04,1MzkZDBWMJatPkUA17J25jPDNoUeEUVxhx,55.74410579
90a38de5d3835d8fbb84be0fad6177a0f5757e71d54701b948fc865fed5802c2,2016-02-08 9:44:32,1NAoo77TsDwdZvpqEjZBNRghtzCGf95msW,42.738
90c0152539ae51a1574d9705c72f21625b0890975d18396e4b5616904446acd6,2016-02-08 9:02:45,1KtmtZnMay1cugaY8ivay5Vor49CjYVJJ9,210.1995527
90c2e30a437e8affd067f75ae0a20718fc91a50e03c5d08677ec905c5a1816aa,2016-02-08 11:42:38,1AEJSqvuYuL575WHoMqE2yXG57A3LGYo4d,7.53431918
90c485d0803bbd21f411f6b84341f8cea2526dc6d17e9467e7ded8e25f5780f1,2016-02-08 12:18:35,1PYXEJi9jVtBLLF19vWeZ3mWxw6ebDHm9u,4.1389356
90d58a61c3f62022723c0e3fec9205e6cb1fcc177ea5a1ae098524e113784a23,2016-02-08 9:44:32,13YALvHtN6Awcqw94xuAJ69Aj14Dzyda3c,54.4647246
9140c8d18770fbfb86f8771d43e32bbdeebed5ab1e4e10cf4df46596be7a7acb,2016-02-08 9:45:50,1LzzucWg55RcRs4dQ38T25KTWXcpssmVh,32.41762125
914b8660139acab6cc896a97eaa69f4a189b408d616cf4789959b9b0bdf64d8b,2016-02-08 10:18:03,15pMAkMBfjepXWkUCe3wULvAEYhXL68Ke4,16.23367998
914eb0dc7348091818966faf778cb05a113ec9f5905cfb4824cddeac219e1f83,2016-02-08 9:26:04,1LKJcZyW2jpPphJBCaAq58FkGZ6RgGiTKN,64.01704805
914ec5e3a1fc9b038d581c01ec11c57aa4e424f151741f6b9d2ea3cd08dc7ed7,2016-02-08 10:18:03,1AfhdgvNL9KA5cvEQExex9fimSMxEozr3b,20.64603264
915956e93c64273f1c38a341b58bf9280a4dd49052fd553051f831c905dd609a,2016-02-08 10:18:03,15pdZdkmUXpMcyjWTtpm5Hact5zbw6dgmm,26.37156933
9175085b508eb70d68706889835d4425bdae950fff3ae37d512dedd91e40686e,2016-02-08 11:42:38,1KSfvhLUet8Yd9RtdZnKpckgHyJuouPjyN,6.02944695
91ae5742b991c2e8d6c887b2f4f862e58a0231311d3b0bfb2cbb9f2a33cb0612,2016-02-08 11:29:26,1BgXHFg4nMDbF9VchgCEbuReUot215z6zz,6.5051651
91bfb4b99c36fd248951142de626d0ce238d5550decb806f75bdbb259059aab1,2016-02-08 10:18:03,1yhwWaE1EWFh5Tag61GqQkHPjSNLxjgkk,23.07199534
91c9ef1813226f80633585e65fcde30325bbcb22995c784cb17bf18c3c7dd94f,2016-02-08 11:29:26,1MPYd4K2k8Y6EAGhQNkXysFGHrCmE9RokH,9.29018399
91d1f1435e3fb5f11bb6b3d9796af0e0c5b6bbfdef02b47f60a73bfc4794749c,2016-02-08 10:32:20,1F2YdepaWHjDDbGQnL1iWTtnFyKiyoYjHg,14.85617392
91d203570c34b78286b17d7613f50ccd303710b76b2bcbc21bb5d42ce2481342,2016-02-08 9:26:04,1ChpyYSfLvEbyJ14BV1erMCL9tK97yKr25,56.9998002
920718695be38089839faebe0ac971d0691a463043d51e73dde5b31abecc3c17,2016-02-08 8:54:54,16JTUwCuear4yNkXWceL92RmpGbVCCAd13,1058.653618
920a4b977b02d51162177c3427c429c532583b0459d1327bb732c5c4582ef3fd,2016-02-08 10:19:02,1Ph4hiuRsqzL3b4Vhx4cqWLkUd2BmDvRiZ,15.59240721
9226059b8e59ac4547c9d1184c96b8ff447a0fb37db8da8804bc7fd155bef379,2016-02-08 11:42:38,13wacQsdw4evZkCy1Xj1e6LcyC2atM8RNb,8.67325558
92622e575d3de6870718ae7e274f87c971ea479fa5a3e9c4a8fe361387554f4e,2016-02-08 10:18:03,14w6Gdxny92BZ8F8mpxQNMtkmu7HxsYkyb,18.09251536
92753ea24b291b6c61b4a32ca0c55c502114e5e9740ca0331fa2699b68e453f8,2016-02-08 11:29:26,1Mx12sRsQLYSjcgeoMcT4vuu38Yap519dJ,7.37183682
92b75020eaa46e28485959504200e489f3f00da2c0516b317504ba5d853f8f0a,2016-02-08 12:01:35,1LMBSCzFWLaTDCWsUb2FuG4wHyLJmN3Wa3,4.78094563
92d1c0e3d508e25034bd040bc6cc88eda6bb89aeb2bc2bc71dd020d73565b6e4,2016-02-08 10:32:20,184bwGdtykPWfPS69vziXCsj3zDCQvzvSb,14.52210589
92f381a1517b8a14bdbcaa386b4925935d2ab7c67f1344087104d23d3cb39bde,2016-02-08 9:02:45,17SiZuo63QpkrsN9EynQdUvsfFwBFRHtaL,399.3156992
93225fccaaff79f3af39d4144b3fdd8e38264f4c78d55c5e17a614d148abae88,2016-02-08 11:50:09,1KENUyJqF797dXvAE5jLSAMqUwfTh79hdL,5.07271906
932901145632211b9b516831e28f327b96976ed2e634094f788a284ad9ddbf10,2016-02-08 11:02:46,1HiBDSXR9Y1FqxCfHzg8vk99p5aHfbgnrw,9.99020049
938a4f87a156705bbb67b864b9473bf9992b24e435d48c9dcc5e5e2eddd2a2a7,2016-02-08 12:18:35,1Q4TVaCiaPmZGycEU36TCeW1P5EcepvwVX,4.30618559
93a073f92ec5de23054f63b5de0031a5626064a4c80d7dc008c338a95d861f8e,2016-02-08 11:42:38,1gqAPMZHhBM3TcYyXAinm2Qug1fpi53DR,5.66064117
93cbed0e9cc0e9d3a4539837750227c5f24de0bbd680146811bc2b5f1ff30150,2016-02-08 11:29:26,1JZFMMToa5jtrLa15bcEkyakUTHa8RGofk,6.88398799
940ff72b6e1993b437d09a3c4a866af500096d06da83ff3e091e88de191b6320,2016-02-08 10:18:03,1PNpEKfGfj7cRRQfPmquuABXo1jtJtoeZq,24.03806603
941b2c8f3217da30bd5d879b7d0b5d596a40acbd85b9f33cab611d873642a2b1,2016-02-08 9:44:32,1DHrBXWvY2aV8kdCTvBAH8WrsyW2uEGTmT,47.7589438
941c683d22fb595b3a5c9c3af0fb6c4cd535cd1f5b24c8aecb8cd737689308a0,2016-02-08 9:44:32,142wgDw28Hy2iQDKBfpar1b31z4pXG5jBt,38.6564317
94513a4ff9189505753abe303704a21e41595a56b9a888ab61f656a6eeab8b3c,2016-02-08 9:44:32,14fsNxihEpHgPLoNdpYLaGTareh1jpqjsZ,36.49263449
94b49873ed06827ca04b349aea0ab541f3bf8639a25db372556f772a94428b10,2016-02-08 10:44:46,1B4rAb2ZzkpCCMHdSfgSPQ69EURvHFPhmj,11.79342342
94bff8bf558ac37e6b0352299080922248fc85166be1cbd4c1c83c3b631c9fc4,2016-02-08 9:44:32,15H2Wj6HoNh8YULE5km5MsjsNnFEz29Ez1,43.70264127
94e439a95adb20a46768dbeede4c020b408cc78769c7004ff8b96c5a71b0f09e,2016-02-08 10:18:03,1DL7E1aYQrZ4mACsL6byFKGJWZS5dCWNdH,21.58357391
95065401d9c3f50ad79b2f5b34b7554cdf67960865ff03a228f9d3b724654b16,2016-02-08 10:44:46,13DKkUrEqtfoy6gisnvKQEgGB88BYN7iBs,14.28069546
9511337c201422f5e9984f570d5ee81a746034cd01a9ba868dee500776bf0c91,2016-02-08 11:29:26,15HK4iP5PcuXoaeNn1xzwyBe8ET6XX96FZ,9.55669206
95146ac9860e350df0d25430786e1447752c90371a2c59461f1b726cdd8e8852,2016-02-08 9:26:04,1FYCBsj8nFAztcMixibmwDchrTmjN56L8B,65.76455175
955292b14e43ab048fb80786fb9e4f8881899aa6d94ec669f5a13184a188b9ca,2016-02-08 9:26:04,15H8e3bmAob8sRhSZKWbN1eaLcun3Yz8vz,99.9698627
956e8103ee50f39fccf7ca0623aa17fa5250b3b45c22ea28111efa0c9fbce326,2016-02-08 9:26:04,1J7HvuKTRC4wzCjGCr3iRs89kcbWEW9wVS,66.90509528
95d9a2f592f7d394cb4e6c06fb292ab53d71c4ea2b06411e887fae96adefe196,2016-02-08 12:01:35,12ttX3cgAPNaVR2dvvaidVuBoQwUTVTGBf,4.7885053
95ebe69340053961c87e79ebcc5c34285cf8181d97f65fccd045ade41a07389f,2016-02-08 10:18:03,1CFaNiFRra6C8qa1JYou3GRCTJ9CJjtY9R,17.85196781
965b6cd22d4f8a587ab53b62f0adafbd149e168f8e5d4d72287901741adf97eb,2016-02-08 9:13:09,18DZ6UCa5ie4zPS7WmpM3ErmNG14mEn3Um,143.7270279
96bcaff12744ac3e0be12101369dbc36d37ef5ceed1a00a286400829a2456e1a,2016-02-08 9:26:04,18JuVucQE7eQAz3nFNPhAa47E4hc33Fcx,81.76975149
96e13d81c309e4631711e733699056f5da25c78bd4260f01610d7c1e5cf7d532,2016-02-08 11:42:38,1HKeXB3JCcEjNsDtxSkJjYG4BNCB46DY2R,6.05888567
96e1af2790f0673f834bd9c0b3e26cf1c5e5a48e4a8b26f4ab8392d827617645,2016-02-08 8:54:54,1AKqJQz5QxR7PbTuJNW23huXE7MiCKTpUF,487.7815977
971556aba5b8bd57582264d641c5e43ba79425a2f98ff7c63301d79a5f7432d3,2016-02-08 12:01:35,1aU9uozzAFhmetqNE9oKDiTEgniiYNFvB,4.42036084
972a7ee3484b990650bfaa156c6f39fa5f8cba2f9ee5e783a3082fc270b4c48f,2016-02-08 11:29:26,1FfstHwtzDzX163ePwdcP64ho4qoDLC4yX,10.04038597
97354eed0416e662895befe89a88e626b52e170574b88faecd7c32360e4075cc,2016-02-08 9:52:41,1EoVmec7NippGbkdjH1RAECDPmXwjsKWhr,31.08012179
973d374bf0696ad0b82c3fa6e3613d03fee82e6536c2e552198b3e5878b4946b,2016-02-08 11:29:26,1KDWBqjQVrYg75ZyEDNcfBCDq3cWN318Wb,6.90105134
97bb7a991a2cf3b21dc5da8baac65d0eb225aa157cda9415a1ffb84d733a2fba,2016-02-08 9:44:32,1CJ2KdYrg1JVZrukdvZ5KYqkTKRUrc5upu,39.9902
97fbd94936bd4deafa5f45a05f97548b8f2e43a615b5e20853712446802b9587,2016-02-08 11:29:26,18pWS21bpbCFnMWc8ypVYGgExKT9ZCGMD5,6.89889534
981aa2146d648afded3afc7d8db3bd6fcb5f195b658a6820216df0f4ae1c51be,2016-02-08 10:18:03,16DTxdxhrsNYGbMMpPhwK4wH2PWnFXpKu2,20.32772861
9845cbf3e74c0e6efe643952aa932fdad463f4a68ab86d6b10c109913d8b6e64,2016-02-08 10:44:46,115PevrQ2WYPJjeWGcvGSfVh15r7TBF23u,10.99913992
9849851df4ee257080b584ed1102d271b5084fac5ddff8a0e1ed85ad135e87fb,2016-02-08 12:01:35,1DqyCfpSWypezz6K1hR5q4J88kmVdfuosg,4.9634663
98a86bf251e23de6c4c73207deaa0cc4968735b8ac4106f3f34f4ae3387f9875,2016-02-08 11:21:45,1EXptatSsdZhw7bYVrbuLZcp7HsMXr53H2,8.34457499
98ceec76682d9e691db65b320f1a55ba6eb95b53b382ec52cb1705de7dd31e81,2016-02-08 11:50:09,1F8ujMc2S8SatJwBDMAvNBbo6XpB2UwTsj,9.3711485
994350e5ec302390a0f32d3470ec77d00b0ce41fe25484280f508a41d6b07439,2016-02-08 12:01:35,1DTbSm28AJnePwzFXzCnNasVF1xi6XrVSQ,14.36516332
9956f7011db6de4f41e09117dda040c4d11a7d4fea1fed55e7d61c29a8af91c3,2016-02-08 9:02:45,153icqHrb2HUyDvqxNoHrW4VDckm2wyEiX,400.1598877
995a4f78aa86c4fdf9a9fb3cc75d3b818af1de21f9a5dbde17e43c5201108e64,2016-02-08 12:01:35,16wKtMtDd2VonNMBWWNadpbKzYwLFxQBk5,4.6194611
99649cbf61a3e099464d5caf70ebd02ecccd05e6183381cab7178aa5894403aa,2016-02-08 9:44:32,126qBpxSUyrd8kNHR6e7i2WnHm44DVbxj6,38.8139324
99e4e05e816d300277e215af8303b50c2a86cc4dd98041380c215c39c0709fab,2016-02-08 10:18:03,1MBD4qGJ5FuSWgA7ULXPWdqRQfHHe32WPZ,18.36511993
99e5091d8f11d8b03848502edb27bf8beaabb541a88df8df4a862df9a3c3b120,2016-02-08 11:29:26,13ExqcgsuXQHEmkvDspCbQd3nawTMpcTGq,7.21003182
99fcd9f61916449cd8e2984c21ac3a348e202cfb326e0b844784562a65b07fa5,2016-02-08 12:01:35,1C43o77tt79Uvk4m4GNgjXFepugUAo6ucy,4.69434343
9a2af54ac4396618293827038f533be14fb47f72151247ce241cf26ed6886e8b,2016-02-08 10:18:03,1HkxSo78p28x6tqVrYg2uLQ7W4n7bpK6Gb,26.99634486
9a348c682b864b7635b32b41d6bd57cd5129d4a0fa324b23324d8fa0485000a9,2016-02-08 12:01:35,17BG2GupGLJwjPfNNkwz7yoZXBuG6kyVWk,4.48
9a4aecb2ef618df885f9e469e40ec906f659670c21a6bed79276da3610ea9c39,2016-02-08 12:18:35,1CKKkHeHCPuSP95ZuoRPb5zYSFXvZaTr6u,4.02723908
9a7e3610bbbd99a30f8bee6caf07bd464a979b4a46d0c0a68f60f613154bb989,2016-02-08 11:50:09,1LTxjWcKxXS6aryRjbLenNemAvGGrHHynn,7.31581417
9ae9e5af73d801ae7e5d8717209ee1ab4f8060b9a4b231b56d23e21e7dfc1e60,2016-02-08 10:32:20,1PHaRYJAB6trZ6joRm1VXxwyYbwj3goE71,14.78799052
9af09137e0d60a44a07df67b8692115c99efc62218d0f8c8a79e2c19b183fa95,2016-02-08 9:02:45,1MyTa4ajVRAmAouKmS31Hm2ZtXuYM8Gt5E,409.7537986
9af3fb01511e7a73130bc79306388f232f3bf9bae3a417b3176087b806ca3119,2016-02-08 9:44:32,1Kz3YFmqrJQNh99uUFAerWtmHQvj6nNAC2,36.85572285
9babc8a9ad0a511541ce98ae96d2953ed1b67d0448339348507d26d8c21be155,2016-02-08 9:26:04,1PyYA38hnc4EQW1v373qJHrWbYbDy9X9SZ,61.14595246
9c04bf5ea6a871400af7f8160a01f826a1da10d06c19fb87760db5e76fa8ad75,2016-02-08 9:26:04,1N34yZ45omrMpAkC6Jwe4pDyoCDXCnq9Hu,85.36331937
9c479b7e39c86c7d80d9068950afb317461deb76655f5f67630c321f18135b48,2016-02-08 9:13:09,1CzsURkp2tKDJ5WsBBu418TeNzFrXqPSvx,134.6536099
9c719ebeeedc24f76ffb6ab5a7bd809ccba173bcbc53a929aed6ef15d4929619,2016-02-08 9:13:09,1FT9i9eCnw6NtqD4ednqtUfdrK9q5JWKAz,187.7033034
9ca8f76777be2dd24b3d84ee89bddf82f8541989f7a6426adb32ad03b3e5b1e9,2016-02-08 9:02:45,1PYeZwFr2XAa3mV5dsJWCTKtvkwSRJyjsA,320.3461171
9ce913a78e199cce52d0fc6a7a8da1226b50eddcb63c0d01dd3179bc9695002e,2016-02-08 10:18:03,18vDnnv8iWg2ERiWhxS9QcaYT9rS2ZpW93,23.3702
9d1b67e371d49c0c992f1287b6e0d66ffae002bbd2b68d4c918b4162556db7cf,2016-02-08 8:54:54,1PjbqufSyPhVafxsfGep9GNFZGUYyVVNdU,739.1216461
9d1cf10d8fe02b587ebd183b6853d391fc1a8e29c2df5955799ea2165dc37e7b,2016-02-08 10:32:20,1AGKiVPupTvhHMrRXWqksrEoWK6KjwbQic,12.87469906
9d221bb2bda5d48a811bd61ce49251aabbf158521a04c193fa6c3ba9ade5f34f,2016-02-08 9:26:04,19q8F2HdNmwDm65WTjGVHDvZkZpqzqyxCF,63.57146953
9d3ad2c6b5a4bbe8c85fa6b394102448915e1366c4590a92f5c2695b5308547b,2016-02-08 10:32:20,1ByxxHRSrGV2WgURhviBRntKjsSrq1Cswb,15.212
9d3d6f27c242b170a685a205675267edaa95e43b9fe6624016ecf5e6a61c8de0,2016-02-08 12:01:35,144GDgUDzXaJ21N2PEPc5p5MoC93HRxMnP,4.60533913
9e0b6b577522ff73af9d8dbb0feb03ac1c5f202451b07f255eaf4abea3d5b0ae,2016-02-08 9:44:32,1MXPSFYzEtCqZ3u6ZXiskjbd1LQKosbLCm,36.663914
9e29e475f11c42cefb92e1986334cdb134b37ab9b76a84603bfd1ab156d6f8a9,2016-02-08 11:29:26,1EFcMe87stPAeYkTgk9c8aRtVHLiE4U12y,9.01172687
9e577a8ce45c5b6a00c56e66e0cd519ae738cdadfcd7646392fbaf00efce2ff3,2016-02-08 11:50:09,1DzZ5PuDRcs5QmytibxKhPe3KzFt7tVxck,5.13830597
9e5b5918fd0780a31664f8b9a6c1aa9e93bd621eafab03d26f0e10efe4228e73,2016-02-08 11:42:38,1J5w9xc5mkQq3sth6fckwxyyDaVN4cAK4r,5.95287654
9e86fe4594bafcd38feba8d77c37fc3ce8cc8977a56cccc6939b8f1ca1aa3144,2016-02-08 11:29:26,1BZ8sDSVb8RP7RZmB9Yhowretmu8aiDWEJ,6.44058975
9e9c1ef3419a81d7eac7987ce8606f5a40f62f7cb4ab6725c0d783df1fe72818,2016-02-08 9:02:45,1FJc1t58D3m24U5NeXxsUAaj3hX4PNMBfR,230.344722
9ee4adeb12836cb7719d0786147b39a4bd86df771be5da1de8a10ec5dd4a9601,2016-02-08 9:44:32,14QstvdgffrjH4gZvFJCoLpuU1cvaFBCXN,33.78282434
9efadac6197681545768f1f86584d197ee00a6e43a10005326ce8557b2a6ff27,2016-02-08 11:29:26,1n7AsVrB85Wt79gefgzxs7MFdQZH3DpBp,7.39604029
9f7d2cfb7e40bed5b3793219fecd19b2057a1009252adb4b979368f9f998d18e,2016-02-08 9:13:09,1PPswYY9TSU5sQwP3yWhVeUGZkr9kWHgoZ,104.4416508
9f7f00ab491228421f9349a04cbe910aa1c022f34942de6aa721d5cab4848c02,2016-02-08 10:19:02,13S8cboukXPkcYwyZowfGWemAYa2NNxTVH,15.59242751
9fbbf75269806f665c30b4372019f7b5b4278d0cf858f742afede6714fe42f02,2016-02-08 12:18:35,16Ui18tTrtrDqBRCwJHVGYEJcCJ3nYLhsq,4.1199642
9fc5e31c2eda8b10d4464ce177a15ca97ec1baafba5a1df04bd50553899d3974,2016-02-08 10:18:03,1GEMPFDrkgbqiyjsKptyyiGMHVprydatMd,16.8703508
9fe5b7b88ee353db3e77741c28bc968658d8fceeb24cdba03bdd7c542c8338bd,2016-02-08 10:32:20,1BooYwGDn8B7aECRnM86LpwhPnvcWNhbiA,13.1803481
a01c192d9f2d7e65f58a5d4007dd3fdace28d242a2141095c2afc1fee632fcda,2016-02-08 10:44:46,13TKoH5TyZyc5D5RpBaPDDjrU3gu4MkwYn,11.80367281
a07eb64c27535998e526c48d0bad3d3cb72197aef52810b395401eb1f768c622,2016-02-08 9:44:32,1Hbe6EVxkiYz2WGNY9Rn9fBS7xDWArd6DP,41.98503059
a0b81ff2f65f173bf4606136866e9386c9e428fcb530a1547c1725bd90bdec1c,2016-02-08 9:44:32,1Jt57w5pvwHZ51iyj3TK1YmsWS7BckbNaN,33.14316454
a0c19022d4876d20c18a68b54e227f73313302fe468954a52ebb95eef8cfa6fb,2016-02-08 9:26:04,19XCuipeMThEeR8qRMKYZTNjAKSFEj6QuJ,92.89029796
a0d838d68d707d3ff09f71facb1cffa1e0f0f102dffb55358ae94e16865991de,2016-02-08 10:44:46,1F2KhnGTaLAFi7ShMpoxo6s3qZRe6isK8X,11.46591599
a0dfc17af5b6cea22501af1412b5256e404efa66cb298b97b5ac6e6ef5d222c7,2016-02-08 11:42:38,12CzdfdBHTUvhbTPuu426vU2R8pg6wuCFN,5.9822
a0e334597ef385039d2ee666e096ce46a1ca643818806dc689d0d1ba1f0e8bb0,2016-02-08 11:02:46,12DpWKHVT8JT63U6M67z1E8cngvbGoZfN2,10.09826153
a1700346e2a232d46f70590a4d20e2f8d201b1c00c7b9d8b87f53fc6e2342ab8,2016-02-08 9:02:45,1L6xci9fmjhjbcU4bGKCLTYvdZnamzSbCC,497.5767157
a1f82196e8a06c91d1db468cc406228e659a55b5287381379d7ae25a81632435,2016-02-08 12:01:35,1ijgcG1TbVzUrrEeDh7NebgqD4dMZ6HNH,4.4119123
a231ef7ee3b2d84abcb5406b52eda044b665480eb5164a804b3a51736ae4292b,2016-02-08 10:19:02,1LWBfsooo4nMz842scwDveKzUVwuJLMLbC,15.62386572
a23aa149afe3cadba40e9d926b576f662c79ca68266a594f49db9ed83dea1f05,2016-02-08 10:44:46,1P7KhpYsWkpJymvvEkZ2uTeKCJHKrWwGTg,12.22867195
a24f3839e261180c13b312b4b61704bb5a0d374cf2fd45a3cb241ae394d0c091,2016-02-08 10:18:03,1FfKS7fGo7xSP6RwBw2R7wt1QnnVziJQBx,21.68126864
a2c06e41ae6008db476f26bee9fd82e6ffb83e6bc3ca6e66b6cc1f30b4368eed,2016-02-08 9:13:09,19XJeX6kgex72s5pFnb2MFpu2zDpXM8p7d,146.7146238
a2cd2250a0be16dfd3d715e684a13ef182017825a19f968affe4a6846dd999fa,2016-02-08 10:44:46,1MFsesJTuaSJXaDk6Zj6ZY6rsQ8UJihuwD,13.18319236
a30b09af6df4d5f1d1339c222480c9c109d41818f4e4f5f252a9ed319f8d09d9,2016-02-08 10:18:03,1AiyGD2LyvkADyME4MZ9Vknhd2WLAKaPH7,17.88067175
a32a77c65109461c887327ff385a1fa8738bf869f67f34c37387a9b7a4c8e9af,2016-02-08 9:44:32,1C44gVF9seTF5yYwPsUX7XHS2RZceMEB6p,45.76783805
a3757528292f751cd4c8c6ecaea979cba6aed8ed7f9fb1373101a3a6f91cd56d,2016-02-08 10:44:46,18Tmw8dTovugvQ2ZQ5jDEkZ6YR5LFwtBLB,11.97003016
a38649710efe49a3ebcf1c1fd6ed60a855b10a7060b49ec1b0a589d5c0d2259a,2016-02-08 11:42:38,1A9S5McPQAUb9cQen5Kz6orUoJaETQbSwm,5.9842
a3a2cd431e17bfa4370ba84433f73cb65b7df8d1e1fef635767eb0bf0e3bc21c,2016-02-08 9:44:32,1DxyMHAu2wzjhJ25wxVJvBTDLURMvfSmMS,33.4809334
a47189ff9d08a6e1a91a1161307db8272b281cca92b7a6324d78cc9b9c1dd261,2016-02-08 9:44:32,1x8Vfb2eTzbAgnpZPVzP6cth4bJRuswKY,49.99005297
a4a51426328b143212be8d9ce63d5d10220d762b2b13a32d5a4ff3cc032edbdd,2016-02-08 9:44:32,1NfJpW3ZsemAJ7UMfJSutwYN495Z3e22yq,55.0928608
a502d774910d7887580442ecccc45dcc2e80042192bf2cb43e3f74db875e8f5f,2016-02-08 11:29:26,1KqXoShsBGT7CJkLSUpF4vj72E9VV85cYv,6.13931993
a578942aa85a740fe36ef800b731b861a297430c115879b8ccf17b5e3a71a709,2016-02-08 9:44:32,19Mq7u65Xtu64shZxmL2BGbZNELKuWRv5s,41.28193564
a5866155403de6ad1de91740d9583b32f1cd56cd2e83ea6f36f911f430706b67,2016-02-08 10:18:03,1LCVdWLaAH6Ee1T3uYyLfjzxA3wmETSGZ7,17.0502028
a5f6bcb4d76e3a818407056164b203f84348b29189213f39da8605eddb5c4b6d,2016-02-08 11:42:38,1M3fgFEzDS3SFxb51XNWkMmebA2xxnysYc,5.8702
a61722707609d2b2e54011bc737fd0ffe79a70ee81ae988b50fc3baa26d6c1f6,2016-02-08 11:29:26,1H5Tor2k9UKnEiX5QPhnHnu3tXYR17HFQj,6.17645603
a6839188aaa103c7152d6df56b47b1317f9b79570b63e87781b3575921489138,2016-02-08 9:44:32,1MgRKdXSogmBUpPYHbCQhxV23h39NkYfUB,48.16006209
a7245fecd6b2f2e7c966ab0468969112c20fcf15f6bdba590d91f4fd87ae5966,2016-02-08 9:02:45,1GytseWXyzGpmHkcv9uDzkU9D8pLaGyR5x,270.97997
a73bb91680957432d7e768ab637a8497ff50bda92acb9919026d9ff56e2540ac,2016-02-08 9:44:32,1JpJTLP7pRCdAXxqRWB6FuDafSNEYYCpDs,34.51669043
a79d1f10a4bbebb5f291a48b0cfaec8f2cc1308931e8a2171fbdcf315cb40001,2016-02-08 11:42:38,19ucC1nXSmgePmrceVb1crgccKgLM95whP,5.49324345
a7f30c77d52e5e7e70844707be40ac982ecd54a85ccdda23ac53af9d84573993,2016-02-08 11:42:38,18gyTRauor4iTtRFNo69Ahcpkq95uQmxvJ,5.75835907
a819e9da7017fe6ab6734f571e64fb8c930f9cf6f5ca46a61a149cdb4df39dbe,2016-02-08 12:18:35,19ST9AzbVGUYWDEeXVokjZuL1CGqSD3Tky,4.16177947
a86abf558af186eb70ec2c65b70d1d240bb6515a632b221c69a5611152650648,2016-02-08 11:42:38,1N6qdoV7ebvSPxp14TUBQZf3YC8ysXrH4x,5.22075911
a87c91b582a28bbb10deb0f69f04acfb0f07146c1254478088b4914e6ea3b7b1,2016-02-08 10:18:03,15HR3JQsXSabR17a2hZXEdxsNPY2koWSPm,18.52776462
a8cedaea1c8b1d099fe103b12da52c84d7a5ab6d9ff1b3627abf970c2c63b5e2,2016-02-08 12:18:35,1CVFgQicRdQJXJXNpjqv3n1rMM68nYzJKM,4.32409848
a9150cc5512068fa849a06a637f2d9abdaf0da2e857fea67a74d657e34dd17ef,2016-02-08 12:01:35,12YX6i81muMVf8fDEE5Tx77haVhSQkMHNy,4.34808675
a965b52faf6d3271c6feddca817aaa90108c67b22b97e787316b81d48bd70bf0,2016-02-08 10:18:03,13D77982JVKjUKJrJUuyqq5GAXTLuYASbU,19.87248268
a967981e09763cba576042d9c79993e13f91b7f6277273b59ab3f9687617f18f,2016-02-08 12:18:35,19rHnx3qygVLfkpMefx2BfehXHvE9TV9KJ,4.2075484
a96ab8e06f7bb36c8f34848aa7a3e32d021f88292de43882403ecc4b358020d1,2016-02-08 10:18:03,15RN3H5GvCx5b8FYXJwfzj6Vf54SEr7dyv,24.70106065
a99e9252559319bade613cc2e9e294f12ffebb7016476a81ada7ddcdc657819a,2016-02-08 9:02:45,1ES1nX99NS9WPZ99DdTVsCsAZh28j4JTZ1,1271.742299
a99e9ed5be9ec1e2c984a7494c78ddf80e35e515af746d691a9dab7a8035b04a,2016-02-08 11:42:38,1iJg6qKtzTwVA9uSzfxp4Rig75SRWfhbu,5.52949429
a9bf3246d38a10b7c60bb8ee350f851173cc684634f4e6af81d69da625b2e78a,2016-02-08 8:54:54,1MbkKUGxHNHkVS12Abx7rJZSYMmsRFYZe3,829.0916924
a9d23cec54e29b426aed5108b4eb85ea3750d3e7cd38ce45f7495ef0031bde70,2016-02-08 9:02:45,1Bf5aQqsd7gtjLysYQKtqQ3yBLDHZogouA,416.4172677
aa4d305d5ead55bdfa9f4d87015e890deb27d865331822d1473fdb446829caa0,2016-02-08 11:50:09,1HcQA1u18Qeij3sWHo8wdsAL98FJk3BEvN,9.99036974
aa5d77312071241becde68aadf97fee07e41d7a3db92b4376b3af5a315141842,2016-02-08 9:13:09,1Pi8xiZ3ZKpjUMK8QX3tv1pCVtX7nycDxA,104.5732435
aa994575e85025e31821658c5422cdab47d95743b3ae3f12e75a1cf0a96f5920,2016-02-08 10:44:46,18oBphy2p8hSG2u6uFiNpNRT1KCCSr76Dc,11.3834678
aaae5b9011d2067f52d0425f3dfa6a155cc82fe560038bf82877d2ffddd441b1,2016-02-08 11:29:26,1PhiyuMKZoY16zMPzHbk7uontwSBvd5Kmy,7.16610187
aac583dc97496304ae16bf1a730f106f2d58a207f9889eb6c72fa09d0dd1731b,2016-02-08 8:54:54,1MMzW5CziGqVm1W6wkrx2LdfdRaax5FzgQ,815.5102325
abcf7a9ab3a713b03d900ff9ad6756f7f9e74ad95c800dae5d7f8206ea006ff1,2016-02-08 11:50:09,17uwcTkz3ddxxUvSDh9PXP7TNzTGSa7ecs,8.9802
ac040bbb0349af43aaf8273f982e231aed4c7a57d8e56827d0672b93805dc925,2016-02-08 10:18:03,1ChywKi5WnrPQFfLCK8f5zchBD6GrLySQR,17.1856672
ac1b54177b9138e80d4124d96dab0d945092e1313e3aaac0057a5eab69c45b7f,2016-02-08 11:29:26,1KhKohLC76ZBXfwazqL3nSwvrgsQZ88HYC,8.82694107
ac2c13f1b5cdcdb03ff3bb70e008fd73abfc60883700df1354e38311c32b4ae0,2016-02-08 9:52:41,141DAGiYJ77s5SYXPG9RyWTvm5wK8EtocE,29.76061039
ac593d71bdd29218c69727129b26c8309c0514f654e30dc93869efbab5b2890d,2016-02-08 10:18:03,1CYsZDqL2prWwNmBXm8JVJ517FR5GQc2K5,18.82333432
acac34e1a1ee213494fb87aae273c35aee2880f0411179c78071f3d92b41542c,2016-02-08 11:42:38,15Yqu1JrtFBHYcgnDB2V5cP4bwzvSfNZyV,5.76898722
acb0cf2254bd81568017d9af98c539636f3427020548dc0a4cc1f41a39cfb30d,2016-02-08 9:02:45,19VVNekkNUsmfQBWHQe7qdzS46nuPiyzPS,517.7676238
acd0a3417027a54a9192af46ea96cec314206ee273ae2b13b95d08b88f1edca0,2016-02-08 10:18:03,19DToUd15L1FjK5eve5EMCPPYkerzY4dDx,20.11342095
acdaa8932f3ac5e6ccf746c6a90fc638771add4749b789c75289c7f0875b879f,2016-02-08 9:52:41,1DkTxfXECtvGceHynkgPw8gNG8Z41dVuqJ,31.10954208
acf379c7c4e0518be6cb5b3842a72a5ce96b0502580d0f9eec3db37fae5e19ee,2016-02-08 9:13:09,1Pk7trmixEY4PgAQSgfLbeBCzNozy1A62J,115.3012064
ad0a9744d7eb8beaf3ad5dd412328fbb18605f215cba93beb74cba851fac15ac,2016-02-08 12:01:35,1N5KJzAkDMCxU2qtLnhtMnfMNEqWofUE7x,4.34927387
ad1248b4fbe74e093089771e25034b5779fa9d94bc08d4deb93ac55d463b108b,2016-02-08 11:50:09,18PuLTiUzj15i85RYEa6T4aQSGrT2mu4qs,9.99003634
ad1524951b356107bb48554f908cef0019fa4f0c568b451e6aeabae104120be9,2016-02-08 9:13:09,16msnJmsC4g9gbPw3KjWRDASFKg7FnaLzK,149.7908399
ad26c84336f302f78bd527c66d6eb8b67432acdf93171c0e28c471dd00f62c88,2016-02-08 9:02:45,1MdSQ5RBbD349xBqgPhT9BdDf5pkcHNokm,276.2655065
ad3ae0f8beac2cfedb93a474807685dd505be6b68aa77d6199483b1a8a3ac25a,2016-02-08 12:18:35,19qWt3hDWQ5Yz2GFRqPoSox1wpUFFWr9HV,4.00262962
ad7ba679431023ce04e2b4dc6a1380540086b73d9b6e1a3c4a329caee49174c9,2016-02-08 9:02:45,1EE2ThKyevd5MoFsbCYftAyy5vtkpb4Lfg,265.4237364
ae112d1d86739c366678c19a5ffc229fffb7acf68a0252df8b9ca42c2ff6dc37,2016-02-08 12:18:35,1H4RSxSrgXoaNiKTdPXounwCnQu1nrHKoP,4.1464594
af0afef239724d64bd7a5f9d9ce1fba0290cbdf21fc0741148c5ab1b3c2fba97,2016-02-08 9:26:04,1CzFz8GuYpFfohVqqjzCoLrziSG2tcSrsf,92.93904681
af0e528e14d60b94dc9aecfbd879afa77cae1cabaeb3961151199c133f0083eb,2016-02-08 8:54:54,12i7A7XRL8hpNfxZT9Y5KnoPUtwZvWpahC,1493.690431
afd12efbc62a3d0ae24d4bc23098f1bfd7889985d70c1286dc40d4d1510f669f,2016-02-08 10:18:03,1Sthd4UN5jbirSuPLf75xxk45rvYr2rjU,20.13651547
afddf384fb8d3167e17ad64e311f341e3d89e94ab05445c5b290dd90d77d332e,2016-02-08 10:32:20,1EmSo2vo3Xv3kuPisa981SMiUwgYa3YYZB,13.78861157
b00aae2e9010df0021a01153e33a2d54aa87b6f3a3349a6b666a90522b52c803,2016-02-08 8:54:54,1Dv9Jd96qoRbw6sAWZSuZpJn7hwNLK6PQi,447.6235604
b011631143172bf6094484b52cf908b96ee9d95516902cbaf4465ba8cfbeba24,2016-02-08 10:18:03,1Px4Js1mrvrV3p4oVtk69zNkbPXW5jWSc1,21.6502683
b018e346e4e9b874d6bc933a05a88fa0549b42c57dddc28ce2a62d0f33b6f073,2016-02-08 10:18:03,1MUFiiZLpvKZ76BPLJ9szH1ZXwCXUCdnZv,20.09415002
b1000c1c382ff75564292e382c3b9d346b45c810aec452a9937725761ac30978,2016-02-08 12:01:35,1NuevjUqphnsjdztEN61paidcEU2xc3M4J,4.634393
b1a546567251f3218b0c44a7971754cf88e8db8c4e61a06b86b3c809f1d4c867,2016-02-08 9:44:32,18F5iTAoYEs15arrUFGKU5jTF8uUPbofTB,42.62450465
b1b32ab186b9b418897e4358697a2b59430c0e0e54a93806e7c0d21efd2bd92a,2016-02-08 11:29:26,1QAQcVJzXDDN4rVCUzbVukAUtCKR8KvWye,6.70043639
b2735283955ac0380b1d8b1f848a067add846203b13a1cc26eb42a89c5dc3e5c,2016-02-08 9:13:09,1F9nZjq9RhvEK8Qiq2EJpuzn9yThicJGQJ,109.6921936
b285ac18b02179ef5ff277d65ef4ca37884b8820b844d0d635b332bbd4125811,2016-02-08 12:01:35,1CoRrwRq26AVyVdkSL85pugRPMtUqYu4Xw,4.43049115
b2ac0718ab87fd18d93c295d7f6e1c81dd146d5c63ab506edb9d505903552f91,2016-02-08 10:44:46,1JcvwtLzhBWr9Wye3fyCqKo4WR7Ffyr28T,12.37219441
b2b7fd8c07a685184ec015275976413d6de6d65edc14a03f992e79910e708d98,2016-02-08 11:42:38,16nsnCrkiACZo6vp7NTHjCJeD9B84F8FkG,5.42112323
b316aaeb9bfb7d7049264936feebb697cf8f520795246f725998b5dff1a92308,2016-02-08 10:44:46,14NYKYeSaqtPF78TD7DBu3XyfQuK2MaMdd,11.65034575
b3268b80cf6d8e42639d648ef3dc847113fd8865e641f73383ac699914e58ea3,2016-02-08 11:29:26,1Q8dPniUXDGoQfgouTWnNuvJJGntan24W,6.12117
b34e1a6796963af6d0c43b90949b3f5cdff357713d5ea4a35a732971cb0f68e2,2016-02-08 11:29:26,1DJTQFo3syeaBV4wUJC1AHEXwLrzU987tw,6.99595512
b371e24455e8a16aaef48cbfd92de8981555c5498a951d0feb7a12fd9406d17e,2016-02-08 10:32:20,1NoahZBEorwuMdwmFdc4Lo3dkaZ6fhCR5m,13.2102495
b3953eeb74664a9f470d3fc702746f344768c5dabad2d6b8c288616f85111caa,2016-02-08 11:29:26,1KoLxPutGjLBxZkrwfC7Upq9FZZwW3Zgc2,6.5762
b3aa50594b06086b713706336404c529af9c6d9e0c312102225bae8e64f83922,2016-02-08 11:02:46,1LaXHBMjJqhsr8tczy7w5HBxwGxKLEsDG7,10.48043988
b3adbd1fc7c3a0fa4cb6a993ef369eccd06cb53a4c0530e0e35010b453706447,2016-02-08 11:42:38,1JJRmB7fgGAxidmbLMKn42YXJjufYyRst4,5.30938968
b3dfbec51878d1e4eb303634f1a8f9ec7e71c35d9071c68609cff57e1f4c70e2,2016-02-08 12:18:35,12qpoVE88H5dmwKtRmZoFrU9mkNqf2dmsH,4.13640368
b42f052d9dfa2ee19dabc37b8f68dd714ad7e82cb3e763a4b5da57fccd85d5f2,2016-02-08 11:50:09,1Mxn6dYcMs2WqHhVyf3yt7Y8qYExi6E6Vf,8.15993
b45b192be081e7b9456922977c7161e53edd64531d38aa2aa90cc27d4c726b43,2016-02-08 12:01:35,1LNJCSjcUSYddHTKNXeYbVEcj4Us84QVsA,4.52857797
b45d61b889320571d6dc5bb1b937a24a874de870768f271a2b521a17a41316d0,2016-02-08 9:13:09,1C5uLfaAEMXCGCN1mg5eLYeAo1ABYkKsrC,168.9876586
b4a972daf9456e123b8338273836e7067337002c147c3b448ce84c0d9d3ddfd4,2016-02-08 8:54:54,1QJYzL1XNjLw3LZrKGms4DVAYAfh1c9PhX,448.3890824
b4d4bc35b92eca88b6c669c5e729f79c30537e3a96f4cd58491f1b09f2db55ca,2016-02-08 11:50:09,1LugTQDP4d8AmFHXvTRampSq8UtoJR2SdK,8.95876106
b500748cd13aac7f5b40a340b91896919f31e6f6f4490a987622960fa4d775a6,2016-02-08 8:54:54,13jE999Hssm2GFf6Yob7zGCJtf1xnPPjHd,433.4687827
b505374f8da44f6fcbc303de9a44f0012209fe43bcdb95ea863b875a80ca5436,2016-02-08 11:42:38,1Ntjes7KfE3XsM6uWwWmP6Z3PrjYmaJHCn,5.82170932
b5955f49dd27c980c7741b6b4eba9d4ab8ec1840c3132918054383d12c9159c1,2016-02-08 10:18:03,1HojcDP1m39WHRC4YLzBBirf2gYH55BCBG,17.0182
b5fc2822ab3d8c85dbc9adec801bb9d232ab8e601a09a16bc8a9e1bd70cdde78,2016-02-08 11:29:26,1PNF8SHuPe2bxrDMwBn22fUJcxn7ANeByU,7.27216265
b6d6baf1e96119b2ad1a6d46800d2a0952ed6f87bf76c494de4ed0caf43c7a29,2016-02-08 9:26:04,1AnfszrqFusnsbQqAvqPVi6ok3xckBpNK2,69.9204651
b6f9dd8f2dd29fcbf602fac46ab8d5e0cc2603599750f913d004f02bcb36679e,2016-02-08 10:18:03,1PEvT9obo4HpbvGRjn736ZbHaw8eD1Zr9h,23.4399993
b70848be6dfd24083e67ed466c18c35328cf6b21b8fb98f6695de3cdd9a161f6,2016-02-08 11:02:46,16MBMeGFKgCXNQN1Ji1oqqk5MzrFspDsc9,10.30382545
b734cb5633d7c6a929d9380da96811182c9ad93bf2767da06b3df10df03f5d30,2016-02-08 12:18:35,1Ejk5Ltvx2YtKS4NqsuNSV9RWV4fAx4w6B,4.04498316
b76be531364866101971564d476b38f0b9603096bad8a7977d0bba69cb6f0ffa,2016-02-08 9:52:41,1GnrdyHjhQpbMPaRw1m9ZnvhfJgUDpaHCP,28.78604867
b788c84ef9e944d4af2ed22a584a06a3efbb399cf30332c12141d0eeabbca5de,2016-02-08 9:44:32,19UvALVJ6LZ3MC4xwucqBS88kLNFB7qHD7,40.99708016
b80e35e0e5e1c9bd7eb9bfa0f69c8a2372854a3b7ec6bc40bc0f6fdd3e5e36d2,2016-02-08 11:42:38,1KxZsEdsrHwTWGssx2QvbsCAkpWXsoqfC6,6.00279491
b85e43c6713819f9121034b9a503972a15bfef0d9f41e30c6a938d21c0af9584,2016-02-08 10:32:20,16y8AmU9m3Wf94KQhdAuvHspm9bHjZsYSz,13.8445189
b89f4070b4df50c9384310e56a4c653b7f7e44680c62d1928b3b4f7936b8e1a8,2016-02-08 10:18:03,1CUm7MEovcHBGxc1UYUYw36XtoTBs7rDAe,23.06843224
b92014ed2e9d9b3b33e153171785487ac2aee892c9e9c79625627665df523bcf,2016-02-08 12:18:35,1FkVJcKQBSUcJJ1SVUgz3dbSMewr8jGECm,4.32058386
b9422731816deafc28cb6a6f1877d68fecea65e927fd7a81f33d740c1bd258c5,2016-02-08 10:44:46,1CEgB6SLmXJn8YVTW6FsjfZF3e1f6b8Tba,10.99618262
b960d5a67f76d73c933b8ac11189cb84217445a58f438b655af1011c372b7cee,2016-02-08 10:44:46,1FceGCM37KYcJBfavjnhTM6pBrY8Hkwnm1,11.83876609
b9bc8b54424dddaf4547f078c68d3f0f5b7a6093ed5762b5d94445167a44a4ba,2016-02-08 9:13:09,1JCqWYdwYXKVL6M6NaSrPqZN71vwNZtf3,142.492102
b9bf16a8823ccfcd9f7dd71953bd7c58dcb4b46e63051e387a74170f12059a2c,2016-02-08 9:44:32,1EBAWtZSNJTj5ZVfrnExq7N9LtTNZUY98P,34.50393933
ba3c1d8fa317588db832ba33d1b613b956867f81c4a01d1e73512b1f3ea48378,2016-02-08 11:29:26,17yEAHLsSUwCjnGFqkEJBe9drcF4eBWE1V,10.27517049
ba3d75e10725779919663c06bbc9e9c8c7524ca5f7ebdec1dfb1d6e834e22475,2016-02-08 10:44:46,1PVAEh5sSjfneuqHoRxZpxD84wkqU8Lqtt,11.69114717
ba991180c73b6dbd9a25d2a26fc56aa9426840572919b5df88d6d494c7637f8f,2016-02-08 11:29:26,1Cg5vaH4NCd6M5fkRbbmUP1AnyThjCNkTM,8.24790384
baa45be0fcb181a4b22d36ca42fe578e5f1f8a5cd877d08c1f3b4d028721a6a0,2016-02-08 10:18:03,18Hbq9ipaXdQUFY87dscpZS6fC19gbPt3C,21.1229461
badffe155e46a094172c6353d592a217a97397f1cdbbe4fc8542efb6bb096084,2016-02-08 11:42:38,1BXZQe7oAqxazMCpyetaNSorKo26eCerYW,5.81533917
bae763e1232e576488f790c269691a671a45bb46d564940f85316fd4d8fcd611,2016-02-08 9:44:32,12jgCL1qkCdyf1kKhaPm9YzuwLpp16uiQk,44.51013624
bb22c09eb2bd115ddcc4c46e0604048bb578240bd160f96d880d98695ebd2804,2016-02-08 9:26:04,1FeQuc1chwQedL69jFZ8X1v8hMtv1omi6a,92.47378714
bb7ab59d23940abc813f4060eba426e818b52184e76d216aa5c83dad8f18d19b,2016-02-08 10:32:20,17gbEgDreiJ64VVHV3vF3snsXFXoqe4edt,13.3076652
bb85cf9d3e66b9a66946eadba705e7dd939b9b40f58af59f808fb82796b0641a,2016-02-08 10:18:03,1PfU43hx67YEzYvLBaFuVDod6oob6Drbk1,21.90549654
bba32bb408a64d2c87153c714093be3022bf8a32d98a44591ef846d7343e2292,2016-02-08 11:29:26,1KqbXixcdCk5EvXJ9miovjwuUKrvPRBQPz,6.93217538
bbc4330063e43c252881e1b0223deda511f57f894fc02d3734f64d3d41282514,2016-02-08 11:42:38,1FDPBMJ5H6dbj6jJhD4a9e9nYec3i6ELWV,5.28369745
bbd1231f6d4a37b5edd69b5900ebb53ecd5e819b42c9bfdf07d9a945698c6887,2016-02-08 9:02:45,1G2Yw525tbAf4v5sDZJHuZvo2mEdbMZ1ic,273.5602
bc369519db575da08bbf6dd13ed07f92580ae1f00a9571ddc2e56cfa6925805b,2016-02-08 11:42:38,1PjY1AD7344srN3DJADipAg5p1LNA2Tdqw,10.27862661
bc4a469623808731960543c7ce446fa9a3beec03437f495659e9336bff1bb230,2016-02-08 10:44:46,1LyB5j9oQwSBSTapsh2rtGuSsV9sge42tF,11.865984
bcca8c14fd5a24923ad3265c610bffab0d444e749108d879be1f3018d173b941,2016-02-08 10:32:20,1NJBcfx5LSot5dzsjkA4KhjYog5MXWCHJn,14.72210218
bd04b7d5da9cb4135439df4c37b59005c44b947ec8b677ddb4c769a3c0f05a45,2016-02-08 10:32:20,15xraCsYKLKQHj1pAMiNxKK7BGpY1VnATY,13.23471705
bd0d3bc51af8964b96f9ada8560550318fab46c3adacdc0555deed533c350ec9,2016-02-08 11:29:26,14LWBGpiXgUoBPJ5s6vY5VPPCSRLfvNNed,6.68989712
bd1fb4a43edc95e30982273188747c45864b4520bd9381ea2158232197ecb689,2016-02-08 11:50:09,19fzSfAj8BacFjuaiJVSqVbz5EvoT4mih9,4.99003935
bd586054cb91cad93439ca1ad42c7f55780259df5a39b69d05d9358b6c37a75a,2016-02-08 9:44:32,18JbGfssRU8EuEA25BAiogWytz5VgT6j1D,55.63422886
bd979437a568e611de78daf2d259d624d216959ab1487360bbc7af8f95ad90ee,2016-02-08 10:32:20,16FGVurfDqD7RzV4goV2mw8qZ2dxgvRgRo,14.66018629
bdd5494f8afdd8b300fd18cd7e869cff92ae974cd0cce5d3a96467cfe85fb27b,2016-02-08 10:18:03,1NgXU2p2ec3c73eW1nqoznKuL492ZzkRyb,19.9912
bdd99be2b442e1311aa7f4d99f3a72f10fbac544c291acae9082fa62dff13caf,2016-02-08 10:18:03,14Hx4P5WXfekMC7M1HpnSvKGY1iW7gtbDm,17.86235969
bdf425dc523caf78c03cdd36727c00806c76de18f9d485f07b81e7034afd4285,2016-02-08 11:29:26,15kdhq6hHXuBzcCKqUrpqMjs5Yja5N7M1L,7.00798962
be304771f6fbbea2b3570f1b6ab05c5114599bce658fb38b1366fb4333b03096,2016-02-08 9:44:32,1GgMBHE4V7qnZW4sqY8SQcZBmLzfLLjTAf,51.87118613
be3854c4161a4679a82e13110c0a86be350237dd8f01a449e65d577bec96b219,2016-02-08 10:44:46,1FU2dG7y9nkJyQ4W8QPW4daF1mopNtMYHt,12.12861142
be3ac7d512675a92a85cbb54a8d4cfd138a82113a2d547fc7c96fa372d585168,2016-02-08 9:13:09,12jLBRXJDWQNXf5XwYVygY98gSsXAnJ2zr,149.029622
be617458a257d923d58b942b3e31dc4f7c8eb67f4bbe9d8d9a30a88b1e6e335a,2016-02-08 10:18:03,1CnbmGDv9HJGWCatJLypA6gptoQqnBEgU2,21.58560858
be74b47509522548b97485ea33e4b835efca03aa1bc4057166202d6e731c1a80,2016-02-08 9:02:45,13soCYkJZaL7U8EiES5VbjAV9YpEFtqNT3,223.4059563
be9ffc294b6ce3df54d71edacf2d5719c22628b154e06c119dc4d78ac736ace8,2016-02-08 11:50:09,1KvV8fWgJ391u65vz5XSsT1aoZZR5yhhhY,7.98662386
bec044b5203a769b1b795e94278a6ec99a79f8593aa23f80bec53a5c0acfaf38,2016-02-08 10:18:03,1As8tkJwHBzUfsfEbWeV3iWpaAFEXzgFG7,23.7189
bee7ab37d188ba38ba753da5e5efa1bfe570ebec4f8f52b26faeadb88e98f2d1,2016-02-08 10:32:20,1BSo1eeiRVNKkmYYfKT4ECWTaJAYFHCW2m,14.84150342
bf113341add9a4953204bc36e8bea3a76c805908312b09510ac6e6b9826e4f9d,2016-02-08 11:29:26,1DuKCFpuWqmhmMfgSB746fV434ZdZsugBU,9.49542953
bf237a3909a9265adcc95a5f57964cecea1e1450ac77a5a684b1944d08aa438a,2016-02-08 10:18:03,1DF8HwRhcRLg8HXBrooDUPVB7RrQsk3qNT,15.93450642
bf4c6ccffd9e725da13ae41578bdd9701895db09d043fe0dc74efdd805607191,2016-02-08 9:26:04,1FVS4ppEqpgWQu5vvFsgsQJXM7CTUg12RV,84.62828487
bf6b579f6bd5d694afad8afa47cb339d833980c0c4d8ffde0c16ac285cc0d83f,2016-02-08 11:50:09,1MoDcJt5P7QMUXGsx9RwLZrJcGi7Ke9eSd,7.89455237
bfadcecafd6351cf45f89979359f9e8809ef6f68ef839fd4849f629dcc011b4a,2016-02-08 10:44:46,1LoAjKFzBt9MU2Y4snAW8RwQSpNPkKHGPg,13.8902
bfdd4cae3ebb916bf320327101480f51f683220576c2bfa5a1da013676067368,2016-02-08 9:26:04,1PkrHjhhaeBQZmopYt7U1uyTd3r6qdiCEZ,64.42574893
bff9fdd625cc56d1752808c5d8aa4e2d50c61334ef3be441e7a6c20fdd064832,2016-02-08 9:44:32,1MgBzuBQYFeV3QzMSzugaD7ZsQuhiMc1WY,45.78848574
c0320413aef4b0433f4bcb5b1226fa0e827e359eb2815f82d46622aeddb5b1ab,2016-02-08 10:18:03,1L6heZEYWdK5tv3aKejpmjjtB67AuNoZpe,16.18064892
c04dc75839afb87a8bb1b2a293f89a0deb5e41b6b6a083d5786225cf35b3a3f0,2016-02-08 11:29:26,19SzQD9rDt63VVsSCNQi4J4NRzVwLscao,6.24429336
c09a651e36d4ce95782d951433e47547b8e5ec691c76eaa2a80ecdf54c9fc3b0,2016-02-08 11:42:38,1LLi34FS5rbP9Kj8A3vgfvzM7CUxdCxx72,5.9094
c09e3e8996abfcada73a3d304aae8d8d46a758189f3061c20058f44bcb6e39cc,2016-02-08 10:44:46,1DKDb6mF7Lhw4NgNZ4z5oq4yz5o1az6uHy,10.9037552
c0d5b6239622e168b7187f9f8e7ee614f06af57b254b55ea20ca85a305dc415e,2016-02-08 11:42:38,18KocqAmnvfhxERU27sRREaF1BbifAuNks,5.83104772
c0f4e120fb8222d29b6fe7355bf15fd1a0337eb59013e16ed5dc77c894e7c3b4,2016-02-08 10:18:03,1L57XUqpcuQFGNAQSmPo2HPfWJbRfVTxAi,24.39488163
c0f800c0b87e185f5221007f094bf66988e31586bf6d3b9ca338a165c1cd08f8,2016-02-08 11:29:26,1Lx7vSxjYuHFPC5FdEfrFgdGBHbU5WY85c,6.40493238
c170d86afe68eaf7c10c134fe22f4b777d4525c70cc6cfe67d6a2aa757c05454,2016-02-08 11:29:26,1QBeYVjcgWt8Vf2dEwqDSEY3imKKmbBuDV,7.68247307
c17fbbdb36c3b642077b38ee00bc925c065192f4275c8aa0c14670628ac77e96,2016-02-08 8:54:54,19vbhCCFKbkwyjSHwynAjRppvXXR4KxGKB,476.3234633
c18819a4b7f1fdf42e76c7ad2dd3083431650992664155a29dfd05222d656b4f,2016-02-08 9:26:04,1NP5HjajGNBWbAiiU4FgKCszh9tHTFiLND,57.91792401
c1a5736a1901164b0085b26f520756704f521fc59d885df7e0b8a77eb76cb0bf,2016-02-08 10:32:20,1AJKPgmPnqR3H9jZnLt6Ky5DPazDWQejWN,13.27226313
c20e4a33043157ea5094c9d14f83cca0debd430132ef4b0645df16b7cb963d7f,2016-02-08 10:18:03,12ZjUK13nPFK7gZe9hWVkZb199nXrmk6BW,23.0214269
c21ef4c9a52f15a5a432bbd41859b6c0d83cbb4daf604e992522abad17440a01,2016-02-08 11:42:38,18XaFaMtQJo5t9ERYpX2QB6Pd44urWsSsk,10.01199871
c256d3812766b664c04a2b1137f00af5169ef6ac1d148ee43c6a3d494a6d4397,2016-02-08 9:13:09,1CKJgvny12WLJ5ADPBrRGc4PAVK9h2v9Ds,109.0281279
c2728b9a904b78bbcb4163cd92ae7b66311033bd53ea17dc6791fec1320c09ed,2016-02-08 10:18:03,1LJasLNZFaTwNyGQAQKRH5hcar3WMvDRAY,17.85690901
c286339d594f545b5c1f73b0249d5fc2ffc4033ea473e934376c4eb096dfbc23,2016-02-08 9:26:04,1J8XRwXm8gkCs3LEHQ3et11X7FD7tp55D2,73.01202087
c2ad45a9b9c01421756380d936395594154c5f91c4d3a1756c70ae2df4e83a75,2016-02-08 11:29:26,19uckUsbSZHaUQ2j5yEsKNVVpqn3Rk9Sf9,8.52736063
c3472bae974acf66e2d82fc8ec6184c760861bd0bc9e9d99819f569784fd9010,2016-02-08 9:13:09,1N55L1ffcsBaorJmENsAyeorKFywvRa4tw,103.2368174
c3653a9d078e15231e32d46caffa5a559d7676a145284497d41653893b9b0056,2016-02-08 9:44:32,163FFcHhhZN7FkoB13vcFLGH2qj3gugSLg,37.06800439
c36f97ebd866eaa6b0fc374c2cba7bf29820559be4628ed0da6a5d9ef0c66d2c,2016-02-08 12:18:35,1FxJCskkNgz2s5TufoMszxfx2muxNtEiZr,4.00597421
c3c265e89b7ba9fa1ab49f673c67a6ffd05f917c59a617b93d38497e171ba16b,2016-02-08 10:32:20,1GjBtymaykcptx6M1us5YwaPo8tgouR2A9,14.37774902
c3d7f1c55b0f928739843a15b33e3683e75fe2c152604dbe678cb7d7d607fb5d,2016-02-08 9:02:45,1ExGGUyLjfqHHcyzSgU8kyJBeXwnFE6BfH,249.9903319
c449d8bed120a341b2b1521995786d4b43ad1ad3110f1f03a14be7c4bf912087,2016-02-08 9:44:32,1NzaXk6jm8tN8eAD2eLr5Cqha1Na9h1XY3,50.33844417
c49adb7c6570929c94adfbb6658808ec5f06e59a933f8f6812157cd7aa3a3c10,2016-02-08 10:32:20,12uf8CxbccQr6EsvSeZLSiJwTCWDReoWpt,13.06756362
c4a58f9a3713ae7f7f3869ff27063c93031a751a3a0d11c301814b9bccd8f4a0,2016-02-08 10:19:02,159YjGWjudQKwarTatr53SBmcv8kZvbFRZ,15.548756
c4cd10e2982b07333462e0765f26c1545b8a8bc9194a09e0924f96ad6c47045e,2016-02-08 10:18:03,1KXSnng2cmXz4MwcjqJicsoHzwvqfQHJv9,21.9902
c4da6de729c4f89e02297e2f7f4bd558d50274853a135c4b0d9f3f3c6e87b0d3,2016-02-08 9:44:32,145YKyPTuVv3N3H8zX8WWnjmdtMsu7ewvr,34.00679686
c599684c43a91625801bef9b07b811003fa4dcc0c6a534d2bd318093afa360eb,2016-02-08 11:42:38,17UUUUpbL8vQHb9gH8iYUMCzNPkQgi3MW3,5.21723787
c6412b4f6c4bf5291e6be236db9dce0931b47b4af42843fd90946e07d61429b6,2016-02-08 11:50:09,12RaQ1LuPbS3uZwwrYAKuZQHe3Z1y1LmRX,5.11573221
c64937dd8f1b7031b07a2726f7ad529ce861be1608065b906d3af8d60cd2d6e9,2016-02-08 9:02:45,1CupPy6TE2ojnacFjB3mTj1dTQemxmHUaX,211.3110153
c68c462134b9e90fa84c4e14ba81e86ff6191e870366a06ac49fbb0d722bd309,2016-02-08 9:26:04,1j1qJYFU9JUmMz5b5deQXmTuHGGTSXRg3,68.22561126
c6a85a2885616ae5fb785c4f0e21ec4cca3aab90d1cb5115f13e86c4f9fd7267,2016-02-08 11:50:09,1CntpHeyUpLpKrMcr34tysanhUKkmHgDb9,10.06718557
c6f7bc98c9544ec8d908cc27eafce14c19f220563fc5d50f1b3be8b33a700f04,2016-02-08 10:32:20,14mtyb6z5Zyd7XUf1LEnjUfUXpVANwmhbM,12.7076698
c70fe80043064691ef520dfee0e32a9e016b18be95ff5a3ccef182f89a21a18d,2016-02-08 9:52:41,1J4nboFYatp3YC9hy4LoWzrxMTXuuGzBo9,29.76629397
c74334ad199319dde12ffc4791622aa8592fb24eecde506c00a2c5542d911040,2016-02-08 12:18:35,1PsxciwvwDG3eZ5VWH1YuCuxhcRTrLMrrr,4.27727195
c76132ec679bb1b7db7014f37fc4b80f27c6f9868e3783a86d2bc1fde43fb70e,2016-02-08 10:18:03,1Fk89zkGU1VT8M7j3icvsxMxj1SVqJJ2Br,22.9542
c77d5f4a17d03a4b1c2e22c95942f487c8d8fd5eed10c8e22346cee818ce4cd7,2016-02-08 9:44:32,12F9dH89ayk2gxE5NhFmAF1SZNCYfEgfMz,53.16505996
c7c9103a4682ac4672dee0e75052ebe9058e9b222cc42a3a877409eb4cd744ae,2016-02-08 9:44:32,156e8QX4WceboNfUhSDNZf9vjqPpQaYTNQ,38.8361
c85dea908565fa0d2ea0a9966ace3f990bcdd0bce0f86f29a35c76951d9b8e86,2016-02-08 9:13:09,16ntdipDmbL5BwiicNSzgNnPhtyqg3Chk3,134.9974218
c8a36dd511934a00df343be8d480f2da7f3f26fe1513a5badced046ae647421f,2016-02-08 11:42:38,1JWxwqg11KnwQzx2TpebFpQYoHV712kMZ,8.01953071
c8ffce0d896db8a45ade430fa9176daaebad4d08888eae566cc0f7acfadff679,2016-02-08 12:01:35,17W2UxzwiPGGBRPKzTu3ynnPZTXdqwCmck,4.81083634
c92e3f429c1c9943fe7780e923f8ac34c68a98277a913b3de85a826d1615fe53,2016-02-08 11:29:26,1HyKW2F4dijPvFyaX7x8iNXecTzZcut1Ay,6.17057772
ca007b93315885976401a27b49e487518b7a48e988b2f28c48d713ba974591c3,2016-02-08 10:32:20,1339yFZ4wajhFAek9jCqiCrgtmQa5RXw7R,13.74109662
ca2a8ccbea75a16d6b2f9b8ebce52bf4bb81d29585da0d865c8984b8200f7766,2016-02-08 9:13:09,18kzgou7ASLXSx71Pw5QcJ2HxdzhgsnVzh,152.9190611
caad4e65353c8b248b7f95e81b5d24ab993f27e7304cdf1a0f7046310cb7262f,2016-02-08 10:18:03,1AoHFwiUfUBKg5DodKL3224Be3s4jbKbPP,18.7969844
cab6ab246c02f5c8ab05b0a349987151e8de3e537a1cf2dd15a1452287912450,2016-02-08 9:02:45,1LwJ1jinvFN7hcQePP2GijEEfVxxhqsDaH,244.5570529
cab838b67fabd37f766ecba44abff92ea29160d38237585897788bd9d852c90c,2016-02-08 11:29:26,13oG5n2xRhEEBeSmnN5S9aFWWMGCvNCVy5,6.21585764
cac13ae42c0f29b9ef4d22a0a8450e7d0e236347fc95d430ee9b867776f979be,2016-02-08 9:44:32,1AgfHdMDX3sJVzzUwu5tM29TFRH9nmCv8e,46.94315379
cacfeb07fe8aaa34806fc7f87801487da98d5e1ffa0aaa59fe69be4a48b3276a,2016-02-08 11:29:26,14PYJWh8xw1kFS6uBUXzdtUzc9znzM9yqG,7.58352294
cadc69f3333e68f69639c57de0dfd51e2219e2726f25c385d049eec60b361f54,2016-02-08 12:18:35,19nnzyCeWcxffiHfHhjFZGsqyBaACsyKeT,4.04691276
caf96d6e03478ceaf630aedf10d9c9d6d450a3d5870d8db9494c8cc3ed0095dd,2016-02-08 9:26:04,1NkWYyooC7snoizVizPeoarL15GXaAWDGH,90.61630771
cbb0755e2b2ffa650796e3f16a4f3e34b0faa801045a1444af46ea1a6a6e5cc3,2016-02-08 9:02:45,1BRUwVKT1Vsxe2uhbmrashJaQSxtxc4ind,419.991808
cbe4ea7a8afb4fb1765fbef449f0186d4bf8f01abd83e20d38640bf429a1a4a3,2016-02-08 9:52:41,19ZNE1vqWWtGPdqsp5FoWSvJJ4boWu68so,30.38301869
cc7bb984cd01a80f5448ef86a5271cd556807eecbbdce6cc5ec3c46882a6d8c7,2016-02-08 10:54:52,1A6FdJ55KMF65casJjPxj7GJnzzmVH5GY3,10.77959212
cc8b4250f0208e48d5b49c0356da7173cde6513a3ce22934e7cc75fc5fe92488,2016-02-08 10:19:38,1FnfHCKDU799jLiNWdHMDHfudQpsRCYDx4,15.37283029
cc99a7e77c0a51f229636e29eb216058403102a989ba3150bdfafcf43c57a3b1,2016-02-08 9:44:32,1KtY2Wq1JsgyGV4y1GHTw2u4EJ5JV8ckzh,51.2399497
ccdf8d3656545bc4d44d41b05e70285722049492a2d50ef4e4d49eadfceb27f7,2016-02-08 9:26:04,196QcfVaYPWEhPA1gqSTkyV5RAwSnm7Wen,60.6502
cd3d22d91734b7b573222e8e7cc34a2f50caab3d9660bcd650edb1957771d877,2016-02-08 10:32:20,153F7FZoqiZuN5jLoCPojDonu2LsD8mq8r,14.46863328
cd83e471ffdda2e4338e78ff8a0906871778c25208e9fc8e28a3006878741131,2016-02-08 12:01:35,1FxdLjJkjTZMr2UXMkgFutXnSbBfwBLsKx,4.94092559
cde5104b61a3e4d278efdb29f25ee7790c9d4da47da4e4fa0bb8f7ca30c3c009,2016-02-08 10:32:20,1FzdCczr5QnHC1qfS53Yq5LehTfQjWsuhB,14.74315511
ce088c55aad9dba90dc6bf495c63fe26c2b789bfa366b0d02bdcd6cb00d64d4e,2016-02-08 11:50:09,1EMuJf4hpKZPFR9FVdv1me6yXB78DiZ7X,4.99894585
ce0b2bb3674cab6cad67b7de7975877756ba9cbc035be8a1fb742c85decc8c02,2016-02-08 11:50:09,1FjqURJ5M57nFKcuu5DSpBfcjkr7mBqzXK,10.4902
ce1c95b2fcb4f2909355ac68794189c97fb70ec3a07339ea3098d1f40e99f1ef,2016-02-08 9:44:32,12QArUBKyMWtRoEg2Ln6fYs45uV3XnbhwT,55.49475367
ce587d7fe041452828a91f3854a7ff021fe68414915ea4df54958402ecdf31a8,2016-02-08 9:02:45,1LXrGKnWrnYjVUsm3yhbKzn9SqoXzDU4dx,250.6900736
ce6a3de96bc18c22e9e02f2347208bf8d32e86dbc68be145461f631034f3d21b,2016-02-08 9:52:41,18xjS7Rsk2szYQcfU1dZzkvWQFM8riAnn7,28.36182213
cecb13fce6a5f870929bd8c59f09fddac46bc60b272fc126b13d79e4a559ad1a,2016-02-08 10:32:20,1CHChGp1cziiEMcrvmdXQCguwzaoK445eS,12.64792906
ced5f82af634cf996043a54bed34e0e637dfd93a6af6b25885bf99f86a450997,2016-02-08 9:44:32,1CZ7VXJBG7TcZ5UHs7HN4JHSJGHAtqwR6u,41.87751729
ced663a6dbe3785c9fa2e137a741a63cddbdb6494a1f79e87d9739c73c172dcf,2016-02-08 8:54:54,1H4CjL5jUsCXP85XZ5kMC8JMPiWnsoTmxc,627.6143675
cf3a533314997ab7cbb7b6ad9511c69121204b5fb344adf37eb35b52a5e060e1,2016-02-08 10:18:03,13RmgyAVBfsNbaBpYFgpfkfDE5wsnu2PeA,22.13026175
cf5071f67843bdfaa2be64f735fc665033407dd9845b165b714211cbfb6dc9bc,2016-02-08 9:52:41,1LTKYguSFGQQjgqfPE1Mrzw2EjTahJUwkU,29.91019999
cf679a053754fb40840b6d2a429a5b0b7002e92af705302ba439cc8c000f31a1,2016-02-08 10:44:46,17wUNoDKWyBiRUmD4xMNgH3DrwwrGiFgAZ,11.22919158
cf6c71d0cc39879a4a13fb91517de3d950e0afef0e9bee30ad11ca86ad5d3358,2016-02-08 10:44:46,1KzYzt5sr9r4jZb62tgBv2kwxsqUVziBvq,11.05035901
cf7f77ce04e418a82b31e1a75bc4973bc4165f4521c375d1e79eead4310a64bd,2016-02-08 11:42:38,1CR6dUQLAWg9a8DNcF9YDmach5Rej6cTzs,5.44368985
cf817f1d227d496aeef790632fbbc8ad4f05146dbf0e531ec41e62ce82a1c8a3,2016-02-08 11:02:46,1Gk6Dx25nVjvdrouZ9N85WwJbnxdHKYpb7,8.79077547
cf81b4cf4a717755a1224b3386bdb7913f0e142b2f6abb41ad7daea84476aac9,2016-02-08 9:26:04,186ewmDy36eiGK3nT11818jh7n7xKKG3p8,92.84216074
cf91f1deeaddf780e9ca828344ffae748c16a6de4ceeb689ce2a7942077b3d1b,2016-02-08 11:50:09,1JNVLLt7mtGnhbvAMFzw7P6LkLMjtKMADM,7.18300187
cfa26b85bf4601f4470dbbb574b5e979f1c8323b40756f651c97fb0b942a197d,2016-02-08 9:52:41,18aYoVgrvxNjfpkgRhUPbJrvJEyqgNQyoe,28.3255847
cfa3f4981e2c6246a9b03d24a6b46c12a796a5bc285f82bf4787880aab0c4bdb,2016-02-08 12:18:35,1AFptmpkPBUR6V1p87PAjuA1KQmAVTXaVW,4.195528
cfc34c552c4117b47af95104a5f9c267d0a6b47df75ee0c13faecc1feade8d9e,2016-02-08 11:29:26,1KFafc5XwZdhDNACJxpm4pJRbWiR3EDXYK,6.57331199
d01df0e064e7893fe7a011299f41e89b49f62c54ab251c76f83d03f95615fd09,2016-02-08 10:44:46,19wYPbmAXG8UCgKqfNQt3EjYFMzh8pWAxx,11.75677732
d05be119dceb04a9e3017bb3a1d3fd1ca98b86715d65814c4837a1e05dba438a,2016-02-08 9:26:04,13Shms8Wxbd7yY7UF9VNkwceyr17KKp19y,66.83335374
d0aea90f016b9d83b9e4b142f81d545cc730b8d8bb09a6f57b2141f723d387f6,2016-02-08 10:32:20,1CgLf3KJVh3NYkB8KNhXSqVYAHRRxUM2Dc,13.86835767
d0da451e45f5a942a4969f7857f3344f97b7e576288292964e542a6330f256a3,2016-02-08 9:44:32,184LqqNCie21hcXWWwRHN3H5saU9K3DHE1,40.82221082
d0db835ea42c50ebb946231e41d63f1a42fb722735594752d168906cf9c8690f,2016-02-08 10:18:03,14SM8aZz1Rcot6RwMGouyiRgE2Yhcooweo,22.9419434
d1960fd045491976e3b955c8adf8a5f7d9aed65a55e5ef8ec330496fddff1732,2016-02-08 10:32:20,16VeZUpBCqZ587ypgKKQXinNnwXJbY69X4,14.4958678
d1bb808e4d881bb4cc2be8fea629ad024b090b491bf103e5650ec3fdf0292bbd,2016-02-08 11:42:38,1BV5HrNkdPoNPNu5ZTNYC4Sn2sdRQZeYxZ,7.88744358
d1f5973b37e764f6c3b7fe40b93d5ef92e78d3f5091352726d3934dbd51b0b9f,2016-02-08 9:44:32,1B9RoJ8b3TWXcWqQw3A8oXYSXjm94sNENr,45.40921545
d222a58e594a98ee28255dd74ea5fe8e5ccefb2a3754e950e1c5d9e9c8050887,2016-02-08 11:29:26,1DZEa7NxuGD8gJ3i8XjG8CzpDwu7ubELNC,6.73124383
d24feb63b36df2be8a430784d6375e83bdb29a8473e213e2e137764e6b33141d,2016-02-08 11:29:26,1NfENzKrUDHmD9yHZ6M8Zcfc5RD5FERDgv,9.499273
d290c1c7e2f48eecc0a9fdda0f75dc5ffcd74ed5d9b13725b434d4ba71e7de40,2016-02-08 9:44:32,1BVdiwU9LvAWKAYngq8aHRdhZHHWmAfKs9,39.85959816
d2a5601c814f20010c497f0a87ff86b2c432a420db545a645b5b3326dad223a1,2016-02-08 9:26:04,12TYhbHH4R9Na5GKvbk86RkX46wcLZYsmB,66.40879475
d2e3dff678468d4b6919cafe8ec977243263f785c206959b8f9cf599d6eb3d03,2016-02-08 11:29:26,1AJaxBoBjBB2bk9Tr1sKxiGpU2FyBSWbau,6.91944655
d2e89ae0c7f29d6f2f6c6de8cec238fca36ac702b0fac84f1d613852aae769a6,2016-02-08 10:19:38,1A4yphce3z7VNrsXGFt9wjqFSzbuFW6B8y,15.3803193
d2f3ab4f44471f34253c42d16c2c8f8c2c6311c99d64e8cf71e887f439860eee,2016-02-08 11:42:38,1HcTgeRQEvpfq7Kv7sdsVk9VwqDHXeExxD,9.0172503
d34aacd2ab09c1f59164a21a4896deb2467dbc2923075bb0c6246e963adfb1c6,2016-02-08 11:29:26,1M7sHqAHpypSa9jB9MX8mvC5S6K4jqs9c,8.65584753
d356aeef6b93e8dcacd986fa724d5a61eabffc5456701568e65a3f5c018252d2,2016-02-08 9:26:04,188x1MGZ3dbzp7aradN8FY7rAc5Xqhb2H1,59.9902
d3590a91033ec9853c1c0d3c1364d3b3664553c1d10a3c11140d3b1a15c78c0c,2016-02-08 11:50:09,19FrW6oJhMjJjNWUt6gUTJZqhUtm4TusZM,8.43549322
d3a6f1e0a1092f420ded643eeca7bedd65e5e342f474f05bfa95f97a9ad349cb,2016-02-08 11:42:38,1JArK7H1BSEHAMX5ZCZyQacqdUfNJuC61E,5.28963668
d3d119bc75ff9a89ddec671bec7e3a406293c2f8d9bc41833795de00d4b9d2cf,2016-02-08 10:18:03,165pbnvyD5y7MWAmLVFMXbkV6vtyhEUS68,25.41346279
d3d1f3a44b1b2ca5e815546565dd4d4cf2558c5a4ce247865cf706824fd65b92,2016-02-08 9:26:04,18WdfsjaBdzGmP1r12T4RhXDw1oWpdDbiN,82.72764668
d3f56ffe030137940ce56032435ffb999a3b7026a19c771a05c9152757832b90,2016-02-08 10:18:03,1MvHTE4RLVbhbDPyFNpVtJcAFuGKtZ794D,17.13206377
d40cb3923728800dc235174c6ce977712a7ac0c8329568f0c22546753ed0da79,2016-02-08 11:42:38,1H7kNtFHCMJ2NsNnv4qGTqv49LPh3JTYxX,5.61275608
d4215c8ea426b7714017eb728ee3d3c10fd66c1b50a06b592efcf817e92a3a26,2016-02-08 11:29:26,16mmnoKyth8RLBjZ84ShRL3JZzLeopXBkW,6.94662774
d4682f09de0ccfd2c2eb3798da1b6d4c15ec7698aaec1f506270db60ead58f4f,2016-02-08 9:44:32,14w5ddFwkSVgEiALUgvB87vrqA1GT7XRJa,48.72556754
d4894c8c3ea9fb731b32f8561660d863a0418030797041b2d166014af6e088b4,2016-02-08 9:52:41,18B4QfZt6BoNdcvFV5weoEdHtZfcakfxg2,30.77330594
d500e25775c38589dd398f7bdf23e0f1f12e509206b35f5fc3293610f44c596d,2016-02-08 10:18:03,1N3Kk6hRQMHCf9KkYNHEtF5MLL4H4quWNt,18.17049304
d530b7861fcad616e8d8fd92b0fab38f7a2a6cce93fefd0cd16642fcdc18e554,2016-02-08 12:18:35,19Hy6b1y5BzqeUWsWtFYBEWmngjHUsDuLg,4.07491085
d544a0316b9c83884b0268a1fea742dd185bbc95f18c7b5999d9f718bd77d534,2016-02-08 9:13:09,1Kaf76tufBGZmyHBGwomwRSKre32Na8umi,187.3792917
d5d84e9ff100f7d451803445d5aacfc3308ef249567d9f873d593bd58989b3b3,2016-02-08 9:44:32,1HpWPVjMsApzPxXYHEzX6DX1R6vdS8pjqb,33.200871
d5e2e7a1e8d544f8839820982a18afda54d885d72a114d9d0a61b192c765c3af,2016-02-08 11:42:38,13euBWwSL7Xh2PYBRfKpgyw5c7CwnJaitW,8.51022511
d6265d85c89e35b85a353a4157850acc15e55d7643161870b958afec2dba6e80,2016-02-08 10:44:46,1MbZzEUouQ41n2gbYhrTkp4dzQ24WvUASj,11.29313112
d63517e91a904d761cc857a21e805da63559b86b1b54decd504f4132d50c5829,2016-02-08 9:13:09,1CuUzR1D8JvfwYDrrmKDH8j47bvvVg1wb8,106.2998286
d643c4917c891076a0f53632feac4733c1ce9fd2dca0c9edeeb619e0a357cd47,2016-02-08 8:54:54,14FcYiLxnFnS2Dpnt2Hkp1CfoFMuap5LaJ,455.1431131
d745b03da86e6f7f5b7e07bd5eeab1ee9fa3754a1572bb8856d66aa48f9593ce,2016-02-08 12:01:35,1Gj3zQSQFhJDhZ9RB4Ahxu3EaNzhAKyAKM,4.6255108
d7c5e07f1aeb5e091a834fdd7f1b7e9275642764519d04a46789fca2ca29318f,2016-02-08 12:18:35,1BY3eVyj46FWaYnk96QrWeewjjfxeRSHBG,4.03746362
d8539af257575e8c354d78b70467478cce050667bfe6a0a6f1ede64f946fec7c,2016-02-08 11:42:38,1HYYp1XYAEdTS477N52C2Kcqs9695P3p8E,5.55070586
d8bc0fb0af7454c784b135b55cbaeb30b6a2851529cab88d883ed4bee39064fd,2016-02-08 10:44:46,1JEtCCCYKAevKqEZ4NrHV4AMMazhkxpEk4,11.25938365
d8e73d20014696d9148de94217d59a7dc7de18b2dc22dcfc10daaf28058e4e07,2016-02-08 12:01:35,17gTzvD7FPv61eZ5ybrHNshNUP6U5cykwC,4.66998169
d9a1d79590747781bfcfb3668b922bced109a1a864a350e5d0e23b41adec465b,2016-02-08 10:18:03,14YzEQskmneTbVsCmGq77um1F7W1daPAcs,18.1602
d9a729748f4f192ac01b2ab3f13189e325e8ed5c3208d141ea67ef4c2a105e3c,2016-02-08 9:52:41,1AkQkToJmtwXpy8iWihQHs9bffnm9Jeu7P,30.09444724
d9b6f496c3aad31a997cf878ab7388a87d26e9aae1ddf027767c168b6e4b2afa,2016-02-08 9:13:09,1F8zf1rmZA8FAUQQRaFpG7wT5w8M2oVPmt,136.7826193
d9c636773445a2a3b6e076f84e104cc7b7091a091981c4276bb9a3de60c02f50,2016-02-08 11:29:26,1KfMA6PwBt6njC3CCuK5nNzstrFsXuqmHR,7.16443625
d9cf74f74294dc9cab309db1e579998dafaccd651be5808af250370c31748175,2016-02-08 9:13:09,1CveRfM5J3RpkHarYzH9v4vHVo3usW8LxP,100.630402
d9e4c1b9131f6da927576b8fed2574e930dcedbf2e503a5716b9f7baa517e34d,2016-02-08 9:13:09,1GsrtgD7m4Nc8Gy2Ux6JErKu5q75gpJsNy,143.3430367
d9ee127b665efd0fa2701f9440cede6a7fdc391cf3e290a38acfa7aa94994fe7,2016-02-08 12:18:35,12F6RngSvTzobG76BXTAuX1RACNudzXUqD,4.07717504
da09e985091d644b7db5a0564f710f3e24de99e687e7b160f5aae11c4d55207d,2016-02-08 12:01:35,15gLUJE9z6UvJX31PSvGeGDUfWapkAhrFT,4.9067034
da2d37ec59d741cd0b9d26a5c58853741eed5c17b089806393ce9f25dd3f9f2c,2016-02-08 9:44:32,1CBhvVhAzez2UocA7G5xkB3BKe6FjmBqcK,32.99716007
da6995632abf61e24b650ba004bacd55b74182c1e7c183c2b5a49a24b83e40a3,2016-02-08 8:54:54,19MHkRG4TEokoKtWEVnptwPw9LMeAQ3opB,849.9953035
da9eec35072b144ac85b2e369f66dc557cc8c438c76813d16aac003a32a3c6dd,2016-02-08 11:29:26,18Ym9ksrLkitPcnpfXN7Hz9KaNAnznaGth,9.42712188
daf949d725ee5bf5fc9491e52b187aef22b7c07e8c424f1af4050f824b6b15df,2016-02-08 11:42:38,1Auam2udm5mUAbzkqrgEQPN1TDRpZMKxnW,5.34287276
dafd05891772073bc809c4114975a5c9d16373a245402477e162ab635c91d33e,2016-02-08 10:44:46,13dWxDkm7GH37Bjs5KoSRPDN88vFXx23pd,12.04128037
db735b10810e31b9d0855aa08a2bd8ad58fce207660e0d4c13edb0ccffe47033,2016-02-08 10:19:02,185r5NF7bb8dc6sFkDxPu74xGgVfXvZt8B,15.54081319
db7da4423eb431ad862856d8a4f400f7e9666426ea6e54bba0540532500ff984,2016-02-08 9:44:32,1F42ZRUeSVJpSfkLpnfDjEyZHYXZBhfkwt,54.74132101
db8159325ae4ee3a0d1f23c7e49f7b2f633a9ef912132b7d90c1439fb0545df7,2016-02-08 11:42:38,1E8e94o3sVS7YE9zqLM1Y6r2aycg3GaFBw,6.00385441
db880b9ac330ce37f16036c31dd1ae64a903f26fa702ecb5f6f761a148fff46b,2016-02-08 10:18:03,12ME89XUrFtAEAkwKSvQ7cyqQt6yvWF2de,25.9902
dc0d14aee21350e8b0126ad78a86452041fe1cc4475dc4dda1cd0bc500694542,2016-02-08 9:02:45,1PKVNJM8KzcXuBC7AdnfJNh5hDQTNY4nb5,314.9902
dc3da3acd4622282f0c0979eb479677134c991fe932956db38c37eff431957de,2016-02-08 11:29:26,1BTtam9peMmQAHGjYGEYrU1JyGWk8TMCLf,6.7355
dd48b288059a00284025235c5cb7f903c52c7c96328ea0c1d4697a1a694ca332,2016-02-08 12:18:35,17hiFN2AX4no86Nmug8rXupq6WmRsadBYJ,4.02859533
dd621c80100a2389b539a90198f1ef21f91da3414063b8d5bbb750ce36092d5a,2016-02-08 10:18:03,13VwyhAcFVttKgK98P2CY4dJCsRdoV3efa,17.31377198
dda1cd72e19715683dcb13f27db427d74869afe5b2a548699a48d58ed6a11e86,2016-02-08 9:13:09,1AoCQcGRwBzR32M7mpwXfJWuvQTZkDmw9j,165.661041
ddb7e1fc534edf65794ba2f8bb2174382d2d4a8e8f7341b561f53eb06ae51dbb,2016-02-08 11:42:38,1NpAqEsTudSXQNxWryiPWPtxxNNPS8CBvN,5.85742791
de123b933de9292d8e70939ddb08de5660e95e382e9faed91bc67121fe247df1,2016-02-08 9:52:41,1GUgp49HDuZsHHqQpL44NQnvP2bKnCXnFy,30.52562389
de14480c3fdfff3de2c3c6bcd007af077dbc4857bff5ecba69208f4918f588d7,2016-02-08 11:29:26,1P9B6knFqAGEBN86mjG7hizq6Ryu9biomu,7.21479184
de3c78cd21f116acb0cef9a5c616f54fe6b50bade8f124791bde391351e7332c,2016-02-08 11:02:46,1FjbSo2pmmqWvrpCwpnhxncdAZdvFvu1vX,10.70073023
de3e616a0079f495bdc046ad67714e01e49cd04898de8a506eada56ca37e567a,2016-02-08 10:18:03,1AFWpQJgsxfTUCYNM6QedCQqCJk4MqxwBN,17.1550036
de575adc2273dad50788ddcd8aed9432cd1933a7ac8a232f251e4d788391e409,2016-02-08 9:26:04,17Vpx7QjFufSLrc6brENLuchwCbo6bmZBA,68.1344384
de71725597324b058e32e0a3ad55b7c777a9fe8a2a448488fe7074e4fac4ea6d,2016-02-08 10:18:03,1Jx9xmcH7h3TJnZE2quktay1eBR4sGR3RL,21.4902981
dea1246af5b0c730cf31d32135c29e94a7824cfd93555251b7ae4eed14ac0660,2016-02-08 10:18:03,1GEjBMYqXTZ64E9oiduDoDYyUS3hgzuYJg,20.23586199
deba1a5c928bb9831360780c7cedaa57585b1f0481f5c9282eee28cc33fcb9da,2016-02-08 9:44:32,17FpCy1QwNAUmARpyCJYBLUdjttT6dEavb,41.32044465
deba995b0ed57ee23419ca92922fe4c3c3085fe86196a85cc6e8585cd0414f71,2016-02-08 10:18:03,1DbpsCDivGEchyn2uEcNekFzdjz5EDdSg4,19.995
df4898a09acf4c6e19eb69d7289a2c8d54741df3988655740e79bd2776a4162a,2016-02-08 8:54:54,1MsHGbSb1qfZmP48CZJoNvM39XU6BsTEWM,1573.179894
df5cb32ba33faa2478d71f8b57b2a7d03654cf0fddb1d9ae896c36a2ae836a25,2016-02-08 10:32:20,1EfHKa9rSbzKdTErjWc9p6sEBRctQwMCPn,13.09390476
dfa46679e4575a0dae9ef55983e5fff1fe9df15cf017e3f12cbc1e464a5db4ed,2016-02-08 9:26:04,1MsVio4UVo5dJihrPaYdM7kNbbZxgkdbmX,76.3185578
dfaae2e84ad99b908069a278c4dc8a23bf89e25d7b150449d0abb5f624a705c9,2016-02-08 9:13:09,1N9kspGkCNuRFdJ6Y6DBv34NGzaupa6Xjp,149.9901286
dff4e7151284dc5c0fbb6999bbea4440a46742c021d680325183e5d9bcf88717,2016-02-08 10:18:03,1CL6SBr62hoHC4WaTavg65Ka6VZxdg8XTE,20.91541284
dff7abe88cf7718448cd31cd79e2bbed5fc67e4a39c9ff6e5091e6aaba973f9b,2016-02-08 10:18:03,14gvXsCZyrECw6EoXxYvCn4kDiQT7bFd4J,22.60360007
e008348622654002f575612266a40f6bbf5073f5e92674e25e2d8a6677a50da7,2016-02-08 11:50:09,1PRw54AEUNPiG1xtLMpBM2gpKFR9merKhu,5.04606
e0146bf8805522e24baa6f4a460e8353febc916008ff2d5737cb3e56dd3a7150,2016-02-08 10:18:03,13cJxYAKYDfCcPowGM3oCGDyA8Rt7nE1Gt,19.79365254
e02a2a511110b396d799dc7449b912fc5dfc4af1d668bb555fe6cd32a32d88b0,2016-02-08 11:42:38,1Dm47Sc9KMKv2imbgJ6LJuSGxpb6wHJf3v,5.89
e057532ce582f8cd8f16b0d075ad458be621c08c34d5317a616e8e5219ec480f,2016-02-08 11:42:38,192EbpqLgWxqDELfXNB4aXYH3Ann15AG2u,7.0509628
e072f9eee8ad2eec8a39a0c923b1cf56944e73fb27eb1ce1d40958ca9f4fdeac,2016-02-08 11:42:38,1GMifwVmWAYEK8bX1G6GXCfHQDD4dpsVcp,5.49215103
e1b19837870a828416d67cc474d49db5c6235bf19029ea918a63a1ecd8011b6d,2016-02-08 11:50:09,1AGFGrfG73A9HABtd6ugH7Sps3p1NujsDm,9.64884443
e1fc1d1565b80948c354a7de8cec34af79a9f486868785c00740f74c1756e3a3,2016-02-08 9:26:04,1JqYKArK9jMUFHUCQem2ojr5Hhg4KXjonP,79.9902006
e2c8602f97e4358f5edf0ca841d9ebfc314572ecc7dafc581f05186614913e7e,2016-02-08 11:42:38,1MdrUJ5WAiZ2VNsKnTGAtZNiEmuPRV9rUU,8.22244743
e2d8bbabd92d59c2639b811cfa82977e2edf9297f31b9bddfc2f59dc15445bb1,2016-02-08 10:18:03,16rkNTQw8Zc2GXRb2p35tn5XJbcWzx8AKS,20.0081025
e310adfb32aeb3868eab5d11f23bc2c50eca9cf27dfa06d7f051ed322f1df4a8,2016-02-08 10:19:38,1LJib7NLZnXGhNnemTvT4uqZoyR7JQfP9y,15.50962258
e319b2476cb32ab7f750d5ec32bc6dcc6e577ae8d4f72ecf06065b25dcc624fd,2016-02-08 9:13:09,15eUuihJFNKUA27kwZ5mVAQC6w7g5gMX4E,192.8835612
e35ff0dccce0db2a89c490cbb857f5703083f9ca5ff3bdc86ff79800198e8adc,2016-02-08 11:50:09,132KASPb6DcJVHf6v87tbWCjmGUJENZPrE,8.81536602
e36e262f4add292da0d8279a8117019892cbfc6d97137b41bc5496d746ca4847,2016-02-08 9:44:32,1E3Cc4wDrfmYA2SE7w1TWC3NmVPJaSMjVy,45.28246243
e3997a719bf74134b13186e4306ac40fe53262ff4c683b8f3bfdd5eb807a5878,2016-02-08 9:13:09,14SLfCFW9mrykmQCT9KJYF6rRaY5kt38c2,178.8678478
e3ac061153e38091c6396b8c61c1848707664d3eb3f4634c71f80b4a996afc1c,2016-02-08 9:13:09,14aaJ95pKvFzqvziFvrLkiq1tt4dKSBPvi,114.9902
e3ba42fa42f92278c0f284bced9f162af8013a82d801b371397bcf6a27447946,2016-02-08 11:50:09,13J28SSW88g7ndx2oXLRc9moCpCfqzC5Pi,8.9902846
e3da8fcf0d4dbec32595d887ddf0f4876dc62c91852a2014f652f1f67c4f1d3f,2016-02-08 12:18:35,16yNpApF9cZKTjoex3gu1MvJDPi7McB9Xf,4.1196246
e424e04af65fa35630038625874d86da1b52a47cf63caef8fe13e2aab753a8b2,2016-02-08 9:26:04,1Gq5JZaVy2qiSuPZ6TSxAp8RNQRYHzJRCk,57.41303004
e447af2937dd599a997510eba1f502beb7487d32ddb814ce8c99d69391e7269f,2016-02-08 9:44:32,1DS9iRTHmCGDepdc87V61XPFyTyecornbd,43.88890307
e44a6a5f93336cdf3ae5418c98a163a2d9e4176180e9ae28cb2287f182de97b8,2016-02-08 11:42:38,1LQHkQyMEJVXLyDkwbyQW7XGWtP4usaf6E,7.50138
e46505723d7be3505b4955aeefa6d44aa2ffd998202a0b0aeca7b93c81861605,2016-02-08 11:42:38,1Lijq7Qw6zNnJB4arBFLzCiQ5dMGu22EjS,6.80503384
e484d09b2755c6610198b1b7f58a97b0d15956e2298956d2049ec5ae19fe95b5,2016-02-08 11:50:09,15zggY1JSkTGkLnWBCjg7s6Zr86kH4qCds,5.00929605
e4eb7efc46699b451108f45c084e30022d76a874df568d7d3fc58879982ca978,2016-02-08 10:32:20,12LMMx5NM3iRNz77cdQ5ZpTxYdqH5u9oiC,14.07066491
e503d724c73e853e301103aef3b87e998701853c7fce37649f8997e438825719,2016-02-08 11:42:38,12qf3v7p1aTMW4fMfFmLSw8dVcYBZCpWH1,5.41176526
e51427958c3e654479c9059e54541cc02b619629815198417bd9a84194c3f1e8,2016-02-08 10:18:03,18RWrXk6Hpvr8i5PAfrrFBTsDo6x1DYgGq,17.34597265
e597eac117b11e3db891dba81d6814ad1102cff6061ca93e6d12035c90dab526,2016-02-08 12:18:35,1BMxeo4P9igtD1FmrcxobozHqCQ3vumMxv,4.27034416
e5db20f44520e1f9aba50150b628e05e2c52d88e42410bd36506c7267d1c9136,2016-02-08 11:02:46,1DifZGo31b5Q3VEeb1sbjnPenYyZCsBxJ2,9.14568708
e63620923026f14128c0c3775d0d29cc1eb8b6ba8b026b98e8e18d2592c98b83,2016-02-08 9:52:41,1MoYNJXTorgRRGCfDTgQYTuD9sdZcYuJkF,29.96509951
e6480884e8514227d4b0a7825e648cda65a0ecde9d363731c85a491115c03160,2016-02-08 11:42:38,1EXYm57xzs1Gh36BPbMyMQgHKCEzb74BHX,9.02431871
e73b70bf641220875a9d2534faa4dfecf7f2cbf0a513623052fcea317dbb02ab,2016-02-08 9:13:09,12V8JmSuTYiWhJymUZA4JssdvY88pkXS36,132.8377331
e76328f5e7d3cf32c51d979849cf0b79340634a49224fa0ae468516c625b12d5,2016-02-08 11:29:26,16wM5ymBSj9SMuq75cL5iuTXdWscVvwwp8,6.08558214
e76fb06d92f10bd15fbac4ffc72fe983a7f72af7eb64272a0890dbcec39e80ec,2016-02-08 10:18:03,1AE8xHKdrwFma4Mk1HHLzC69PJP785FZ6K,17.3902
e77d532b67402860dddc457d0144d49862aff4d8c3362a1a1f2ad2a740298e56,2016-02-08 9:44:32,12roJADkt85KnhwkkQyiasgBEaAPbNnD1K,39.45709003
e783c28f3856e7ce276404e8d3208861985b430f1cf433b293cd0170986ad996,2016-02-08 10:44:46,1N4BHLbDHHKEytThfLVuiv4rusHtypZ8n,11.9782
e7b9d4bd34b0f7d9df8bcb5010741d3a89b9893a6559984dc022fa61ba72c86e,2016-02-08 11:02:46,16e5W2MyQ8x1ACDFs7Z3Wr1y7UApG9ovzT,9.47963706
e7e9e46fcb9f4d384c23d69515022487cbad614fe598791f7f376fc479e014b9,2016-02-08 10:18:03,1AaxsTDpx2Ftz3W3iY9rAgo7z74gsJ24gY,17.81737919
e80bb6b8e75acf6a2c2206ce439f909e3ec983699d4763eb9b4464e6b597a4cf,2016-02-08 11:50:09,151kCedHCY8iCa77djPJfxN52iSH9R3r3U,7.9852
e81767481e4d81e5b803d1867b3d19e1d26a2a5afcd7729fb2ddf816a1db0719,2016-02-08 9:26:04,1M9NeFyw3fjKBPWDS1zexLAGot8CEkbVqN,79.70342138
e86c7db44cfb542a67075384b5ebf6c4371d5a6d3b8b7a5fc784642941d21c79,2016-02-08 9:44:32,181srUCiZNu6R5NMjiigbfXFHhz7xV4k3J,44.99706823
e8b0a2f38c923afc0ea4b33ab462f77954f889e7d6a1d70d25da7eb223bfdb70,2016-02-08 9:52:41,1JhaAxnVUPnfzkFwVm82H9FzpXHJA93yHc,27.41575667
e8bc1af98cbd7f82b6ca5e5426ada81d31e1fef56a8cacc22f86a9c5ac7c8fb2,2016-02-08 11:50:09,17u21YCE45pRtRLPEPkSNdV6id88nw2CQp,5.052468
e8dc428a19a534ebf89cec92adcd3035678e67215669f3e61fabf5f4a7a1e3ed,2016-02-08 9:44:32,1Ai2UtHPkmkRGvorgYwy5RHFgpQcKj8AF7,39.66987
e97b33ac5b2cd45e59af36378ec501e480567f4bf258ce7123c2af9d3580a435,2016-02-08 9:13:09,1Kf1diyf8G8Gs7XiKfMN6ghgqPqo7yiqVL,140.3376266
e9ef6b263e2f12153f32e65a5313d5e6e41ebcb93f08602d51de6ab2cbbdd271,2016-02-08 10:32:20,1F9dFUdpNK1EFLXuipF32q5U4XzCpCtu5g,13.7356508
e9f847ba60d199294007d658cde509a97c3ccf36d9ebd8162030b6764820fa22,2016-02-08 10:32:20,1EHbH1HjVcmmpSZBcFha93un8NQvYUvvgE,12.76470348
e9fbe8c1bfbd488ea389b29fe6eb7119cee38f7fa4dba7d83738c5a258e7bc4c,2016-02-08 9:44:32,1JdsM15RUCFZuZAtXi2eBRrSqwSm5uEAd4,42.68769315
ea46f149189cf3bc9211e93e5ebc17b3f98c1d5dad955c35f41820557ef9f524,2016-02-08 10:18:03,16q27VK4oJh18S3j2EfA7JjPXEhxJNPxQs,21.03182886
ead06ad4f649b9550045403d6de35af32b9c61c9a95d74057337814ac402ea9c,2016-02-08 10:54:52,17LvGBveJVwe4Hv18ownSy4GD6YCxgXGVg,9.81105028
eb08a1bbfabffca2b6e4db7049408717305719d0d6728dc4f9fd9add626d7f93,2016-02-08 12:18:35,1N3KQgjiFJvXgBxuFVYHAHZucGi2E4GjGG,4.30289009
eb6f4e2f4bafc710c8651a51ca338e66492554aa176a962720e547fb1b79c57f,2016-02-08 10:44:46,1WG6QSoThSDtdeSnRQ3q377G6YGzEeBRv,11.12598311
eb7afd8564e61c06a68e56ae7e13b9f270f962758b61802a6ffbe419410235ff,2016-02-08 9:44:32,1JAg8hXV2hUvAorqn47XjbMp6tjmsgPMa2,39.0902
eb92b3ad2adf719687ce75ba218c8f2d6cd6468c885ab231d0a62963fe5504ab,2016-02-08 9:44:32,1KJYgufo3RprY93LdvpxYm8ihwkprk8npj,40.13795156
ebb830374c2191f13b91c7738eaa7a3dd4560db37fdb41afa78106f4d57b5088,2016-02-08 10:44:46,1BZx5KjXZrFrP655eYjdyvRkxbNMGDmN3T,12.08020702
ebf50c52e52eadc94b8c65d35ccb93453c3fc79a9e1fa5480eccdbf9ecc105e4,2016-02-08 12:18:35,184znXx6GyUpgez7fCuVWGbrrC4wnu5DMH,4.21126299
ec23bbf45c3872fdd7919b09366dd3157d755c87e7adc8f70f3a5e56d031512a,2016-02-08 9:44:32,13sPPnmyipsWULZ2rxCr7qw3FoKtcvzjUP,51.62517748
ecac73cb7f9e16331921a81b12035a2c5721cd0ea2251dc09ce5bce38c85e113,2016-02-08 9:02:45,13tANpPSDCasDbTiDtctaPQszv1jgGv1dS,287.8642553
ecd32b79a669bf811ee55296d95365fe25c9402afdb87b664692e5483f21ca05,2016-02-08 11:29:26,1ByAVzKT2reFnS452SttcvwJveNr4TJKD5,10.51075987
ecf52a1bb333dace1a90bb2c3aefc43e17fb951a43e68369c83202f232fbdaa9,2016-02-08 9:13:09,13oKQqNaiAQEefKjDkHjrBprbWsUm3NJNy,122.009196
ecfff914d976838926ecc6ab3ec25b9c656609b0fbd05fdd844d6604c686414c,2016-02-08 9:13:09,16cwDvVHQ5kKxESb12Pd8shHkGkcTDJCrL,117.0251263
ed2101041dd7b0076de77f9f934aa394aa5fa107ef15478340596d3aef8800b6,2016-02-08 10:44:46,184qzknmaxvhujvc5CMozYWqUZCi6w8Xo,12.7170104
ed307c47a3da6947fc30c05d16c2ba4e85e06a134e8f1aaef3e6b03cfdecba87,2016-02-08 9:13:09,1Q6YYXDFQXwdUWDyAenDSJ2FZb8SNNQyK7,120.6436267
ed4a55abfe63b026fdd3ec1ff9eccae4c334c75f38fc999839bc52ce15236d45,2016-02-08 11:42:38,1GYarMhM6h6LRpvk4uFdXEz21Bv2Erw3by,9.9905759
ed4cf0c3a9b715eb103fcf61395278fb419b5c97c1bf96d1253cdd7ea964d4e3,2016-02-08 10:44:46,1A8aGyaWidKBeo5Xey9wQ1war67YRrvgLv,12.02900992
edeac3d0bc4ad825ce97d7bd74302eb5abe7543ca42c0807da5f0e5f0931583c,2016-02-08 10:54:52,1JnP3awEbs5bpDtscPcnqbj5d58V7YzcSw,10.51966
ee14f9c0cbc4f4510658eadc0f6560328a31fe206678d3a6ab0367a43b3ab424,2016-02-08 10:18:03,1BR6wWUE3NpGp5M8XdoKQDe637a7NYai4w,16.76146181
ee1e39657447bbe0e53f9f3f9cac7938390c519e96d1b8f294ebb3419b86eeb5,2016-02-08 12:01:35,1EL9HsFtzjifaEqCNZqD1mt1rqZKveLMSj,4.39152
ee56681df02658f0cce7d6e25a7f328034c39214c4f0ac54c0c2c99d580caa36,2016-02-08 9:52:41,14HDzSFZVQozMYbrSTqPVs1cRXzuxTDJnB,27.3759777
ee631ff43d9561361a80eaab2ce168bbc88ab1f7dc2d872f260a65b66a695615,2016-02-08 12:18:35,19KxFLNogkWPDWvWwBA1htTbaK5e712we8,4.20758633
eedcbf49e752bcdd102b597d35fe28dc3d747f541871c88c16bd3b90c02e3751,2016-02-08 11:29:26,1BjGyKifoWWD3Jd8mnMj6ert7S4k1AcPkv,8.63190608
eef226d606777cfdd30358962bc919489e264cd6cf27c979d7fa7c56f21926d9,2016-02-08 11:50:09,1DBPKoeKA1QiJTGkdajzgq73aEqdxz1jYk,10.59020019
ef6051a667a006187e8f9f5748bcab2eee29f7009be037dfb859793612484af5,2016-02-08 11:50:09,15bD6GoenrN36SK9V7oeaMHHV37rFSjgaS,8.63618567
efd32e636a87142f40e0fc8a14e06d4b75acdf924e4c75bea5b93490658a0308,2016-02-08 9:44:32,15y7df7oreYnhpmTxoi17vMNcBRQ5GqBpD,47.36067032
efe8096a50e9ff9b6cb9c60dc4cb7623e5c6269c81ab770f1ba8a57928aad0bb,2016-02-08 9:45:50,16XCrQ8qj1jCYsVfsRtqj7iru1TRyLkWE1,31.49359805
eff751e34413ce9f9e7ab3e17291aa703cdaf8399c629415a901bc006f44519c,2016-02-08 12:18:35,1xcq9N3f2Ut9jatUTuxkDn78trHADC2UK,4.14110879
f01d455ba4ab3e4aca4e94cf5ccde773163b0236ed6585d19928b34266705735,2016-02-08 11:29:26,1sgcGLfPFZH9gGXE6LATY4hTzPNosir7o,6.53159516
f03dd5702a6b171e967a9f5e3085072bdfb209d2e9b5563c8d65b7247f49f845,2016-02-08 11:42:38,1MkLhUE1U3ZsjXZyETfBy9y5YDpJ2ZJa4Q,7.44154252
f0b6bba6226b05495d25aab7a184cbe96641497f0984364e82e6466254e55ac2,2016-02-08 9:44:32,1B3c7vfYawCF1xegXdmH8rzebQwztostxd,32.42140005
f0b6cc9bbc8936a30e70e0c41b2c3791037525fbe4b9fbb8acb5e3e10d499443,2016-02-08 12:18:35,15juA3e4gPAQnyEHfpBod6at268gBK5YDp,4.03604215
f1131d14d2f32b74d0a61e3d586af35c94f61295396ee682133bbc8a04b35a26,2016-02-08 11:42:38,1LxCEkwtcpyt5UtZ7KHsvPogWP6QGenDCe,10.32031928
f125a757aecf483df66411cb5e695555f6aa4c6980902901bab00f1c3ba45a35,2016-02-08 10:18:03,1DMQUucq1KmquQrA2cXq1JodpNMowwnRHj,25.03216465
f13b455ac1660f12e46aedec1600fa1a361529a0081775b6a50c5f523933f43b,2016-02-08 11:42:38,1HEbXpTD4u2n1vxnVuExEfF6jtc5Ennh4M,5.8617028
f15b2f8f2870c7c5c0c3cd3e9b960760245f8e4a7ee1426bd0b0aab023b359cb,2016-02-08 9:45:50,1Cs7cu9G59sf7SkE6ar2aumEBMNz8J2wqN,31.46332313
f18d858a2c4613f27869031416310e116fc45a35bbfbb60613fae7623dfa63b3,2016-02-08 9:13:09,148S6vgWESQKMELHPH1qSZLQ7X6s7PbMV2,120.3300631
f1adcb32d42cbc1bc1bf044df4ea34f79651400d6055d14f515b0d0387616cb3,2016-02-08 9:44:32,1FoQ4Jws6mBNKRVzc4hvPmAqiiy6yqBNm1,33.04202133
f1b384ce5aeb86e282a6718241c046c403ccabc093b3e0bedae136bf7fa0fa7c,2016-02-08 11:42:38,13bKpJCqUbb9fbZXX9F2TfnXk8X2z9KsSg,5.27632263
f1b7a2d621ee2f62aa242aaf339bd0ae02b33b1e5377de1cedb7f77fcca8a834,2016-02-08 9:44:32,1QJtEJqWiPDGatatvZDiYyaMimSvL1fN5E,42.7961431
f1e4d0382e5ef1a905d431cb42d70a19b2ef9bba2756febc55507aa62fad7fb4,2016-02-08 12:18:35,157KT7K9YiRiykyLwfaYuLhswTUQGJ3e9m,4.24208746
f1f61795703e3de95e204ea279d59ebd1d4c25d621d2dbb0d1cecac3661a4aab,2016-02-08 9:44:32,19BvWBe8M9CKb4oK44eBK72couJX8VTnYC,41.23968789
f209f2bb067fadd144f75b6cee69716c8dea6c2dbd4e7661f48a1e5e0c625515,2016-02-08 9:26:04,12KMYU5KgjPik5BvbJE7Pqg3osq5t6uPWS,76.1044664
f285cbe487eb4fb64824f5358541976f4b8c9625caef82a3499abbfeb0692faf,2016-02-08 11:42:38,1DRHR2Q389VYxXPN4faAeF7WzyXVYXWxvT,6.87423118
f28912065feb830f3f1e99bced157267156242ca53a7a5316513bfccfa1d58f1,2016-02-08 10:32:20,1J1HfQ1fLKo2tBMa7tDSHs7gqcet6Udxz5,13.76576703
f298192cbd556556e6f3b6a9cffc8195ef952a17c94bc4a395fd4ec37d262d5f,2016-02-08 10:18:03,16rWja2bDqDpV5HDqbu1ZGAFChboN4DUoz,20.19164137
f2b9831319568a95be4f5a7156d41bdc8b54831428529e1cf9d2bf972a28f22a,2016-02-08 11:50:09,1DM99HvKnRTsYtM5EU58iLY3M3RxJSSsaY,5.00872789
f2bd80ecc59b9ccbf1f600471279a0bce94143fd972937d117ea66a60ff001e2,2016-02-08 9:26:04,1RDrXoyCkrHgwJ4P75fNTssPJ2ySrSjG3,60.60137479
f2cb054d447935b3a8dfa1872015a93b22ef4becea28c512164878e41a256f8b,2016-02-08 9:26:04,12LWz64HkHcbyTfbMJvauv4Yf8xXNLpN46,89.47058665
f35d5ddc23684ae077dc4d3d40b3288110f5e952e6302f8146d21ec1e4e82a18,2016-02-08 11:42:38,17jnmbwqukdBXggu7WoArcjUdHgW3hnAU3,5.81723912
f3694febf46f0a2df821161138fda602fb1e1e7fc00ea6c94ca4051f70428dde,2016-02-08 9:13:09,1NpG6R21ohhRHcpjkwYqmrvGYWy8mvUaDj,127.3337665
f3d119df1a354c9bffa4dffabda8180ed5b5c3704cc8be6a7aa7169c5c763e82,2016-02-08 11:50:09,15CoyekN2ACeCPP8v7bTUH71CSLrfWtipZ,9.55095566
f46b9f34c42d75239de9d9cad67a2eb6269ba91507af10ab6c14462e7cf0d584,2016-02-08 9:02:45,15Bc4D3HBuWV7ebsLbSq7KpckFjTKyxwvB,261.2424005
f485b0bb3c2d8e74c60661a748f2e15a15f841a683b59c58ff1c84056d29c446,2016-02-08 9:02:45,154xbSKzV579vVeV3P1fToZxFkh9ukTEEY,593.6411571
f49e02742766cf3db9526f62cab93507c587804aa8d6f56fb53c0a5369877f43,2016-02-08 10:18:03,1CDYkttqReTUyy26sbEeuT76vwAZq3Nf2Z,19.9721999
f4a0dd941511e3d1e14ff9136efecb10887317a6cedbdbaeea7e3f5b3d5af99d,2016-02-08 10:18:03,1JfcSkEpCF4grRJcZBnSAgBM41uzw3xiNX,17.9096
f4a1be9b3c6481d8f862dea204cfc152f303df29e90b202164e07003d6ca5d85,2016-02-08 10:44:46,1GHf7AuRbYjzZ2NKF73aA8w3mf8QWoLUnX,11.73420683
f4d42fbaba41b7bcbf24942bba48c55c8d80e44451e0ad1ca7b9dee375e37998,2016-02-08 10:18:03,1MKthPUhNVT6kYCSMFscJNTn77NTpPGvZ3,24.44229815
f4f057ae4f22c2d4a1b53adab68153071f11f8fd8d07363c436d1976ab1e47cd,2016-02-08 9:13:09,12HvzxxC9x1juQZZnhyRoJnxEREhaLt5UC,129.8602
f52637c9ecb311d0714874baaf6cb1074a70de56de85f8be705171cdcaa509b5,2016-02-08 9:44:32,17aj1BxCcTrEmUmfEuc1ffnvTdd2fnyyeS,52.05107842
f527c1ac38f0e9030176e6f647d1be3da942eb86448097397b742a8e08999648,2016-02-08 11:50:09,1KpFdnk6GVmLH4tpVqkjG3TWiupc7V953P,4.99128302
f5a4179e00c5a39fd52aa87a8a1c777a566c29f512cd2e6f5dc04d43ef89dc39,2016-02-08 9:44:32,1DHtM3vpNSsPaMxw9ypUnwRRXJPV12cJaY,52.07271016
f5a657d022b77ffde612eacfd51182faa8ac77c3b920b7c639c6909835429802,2016-02-08 10:18:03,13NeQ2VDR6n5MTrGDCou552kwuqjnJWC5B,19.91610403
f5d15dad176a9515f8a4745de0c53da5f1e20e4a2a1d15183236d898cfce77c4,2016-02-08 9:44:32,1P8S2imXMXS2XBZssQp4gXB2NJR8h6yFgi,38.08534951
f5dc66a3f46ddcc355ca64eebe01fe78074fc8d85ba96b3507853b37a3cc06a5,2016-02-08 9:02:45,1KjrVtwiqVB7Ey78gHrvZpQmKxirK9Jnen,227.3341506
f5ddcbae78634647f2a1b7613adb82f69655f11e68c2dcb421fe9f06cbd9b955,2016-02-08 12:01:35,1LFtSKP5r6Cew5T8vE57c4J2fgDwxYYMGJ,4.73512445
f6026b6249dde3378452a159f0754530208de58269e484c9675640877d5ebd5d,2016-02-08 10:32:20,1K1MuTVcgFHE5xyNYij2fg5m2uu28xeq1o,13.07634288
f6213402d47229b463a3fe0970f86cfd579600205c60e1ec0fd96341b5733096,2016-02-08 11:42:38,1GzSFkfmGYg73B2t1oGqN6gBhn4EWCstHD,10.7849202
f62be2f58765277ea1e26eb9e37bd1e7098ccf1b5f5fcc1d296c9a129912a6ac,2016-02-08 10:19:02,1JAc9Lq1XtDu1pxycYTsxR9vv4wgHiXb3u,15.78391552
f6363f3f1b6f37a78c8d389c65eb1dd743c72d2fc886538755ce0a1d7480c5cf,2016-02-08 12:01:35,1DHh2zHNiNuNgDP9CeQaJVitG83Zq14Rxu,4.59964919
f63b9cda649ac3d8600c557798e0ef79e55cb5588e3ccbb647cc3221f35850b3,2016-02-08 10:44:46,1QBUZVAnrs1QFikTjRvoB2tk8pbxxHMb3t,14.99
f66ea4660d0cff2ffecb15ad8a591ad6f82b1a8642367aa9594ba984a444f5a0,2016-02-08 12:01:35,1GxHCeGD9zxhEbAu58uQKxVNigbwPmreN6,4.96163811
f6755a39647bab4c46302bdf494a150b666f3235dd665811705ce98ce003746b,2016-02-08 11:42:38,14KgqtKzeGQwGtTJRVFLziyNjgTvu19xZg,6.04423886
f6a10c5f5f05afd0a58dbe819f15384036e5e855f10b86ffd2af0fb68ba824c3,2016-02-08 11:29:26,1H4fBYaXwcUysRFuNKKQsg998jbJLEYSPU,7.48375253
f6b69b67c2f89c728e210d3609e94d58c730f0558f01d4d54d311a1c8f8f37bd,2016-02-08 11:29:26,1HKHbQ5rkXCYAoN7XU4MVzbZ9sW59hGiSa,6.1686797
f6c402ed04842b8949ea2850a1c9ae920bc395ceee0d6395f8d3bf07ba0bf419,2016-02-08 11:50:09,1A4Ew5jii3wcnNQrrMjMeMBbuEEMLjDvdu,8.349919
f8030dc8be5cfb68975e50f903f4a106761318cef4e0507d4517b5c0472a4f0f,2016-02-08 10:18:03,1CTKKGotqZVSfTrxoxP4CQPoiC8zDUxfqf,18.46487586
f8426cc3e7e904fe2959037ce7a22d626c74527fe93dd2b144f4872dc87e040b,2016-02-08 10:44:46,1EWG1Rcbdvsg8YGsWMWkABhEKZA364e3Gi,12.14221769
f84d96fb6836bbe26924dae6cb0287d8a4bc352778bf3a88d66f474f54e9bafd,2016-02-08 11:02:46,1LhcXt3MgEwFrvGNhsfwR5xgr4oURDtkqH,9.79958375
f8822562b6b4c88629bc09d23511ed9520f9a70611c458fdf9b756ce1c38c88f,2016-02-08 10:18:03,1JHe2GrEpzDDmv9QhyffzNWRFTo7sq6KWn,21.9045883
f8aceb08529e56119fd145d9430efdaa0515a27d295a5f0e6f6012f109778e57,2016-02-08 9:44:32,1LUpdFvRXc6z7r83DGrZEkzcsmv2zjtMff,37.8369959
f905712a8bf7e4d7c50047ccfb8466d7795da79e462deb0995acd1490c658ad0,2016-02-08 11:42:38,13yaDoDGpjYcZcheMZKbrYcPvq3mvjXXf8,8.4503323
f946beccc06c35cf8f26a9cde740a256b3b5f29751df60da5ad6d8c5d5380152,2016-02-08 9:26:04,1HHb14ANYe9iMrfUA2qxTDMrfAcuSwyYa9,81.45407981
f955f0b7166271a313ea9946312554ba70f45ec284cba5fdc8a82316a0bca03d,2016-02-08 10:18:03,1Do5ozbnHCjBzwgPr1zjM46EspAexV7uSd,17.25345014
f9c10127f6de1157624d04e42cb7f0ac3e948701986b6ac6f2e414786c5d0504,2016-02-08 11:42:38,1FdhnhS5r2zU8Cfg6MZzni9WuPxz4he3RF,5.32181951
f9f3c254972556696e2f9a718e42a267f7bac27b707dcc4bbc465a2ec0e7e2e8,2016-02-08 9:44:32,1FAACraaJKBAtYv8QT5KT7F2rrYktx4TBk,32.54741835
fa07990dea262a4e1c856be8da04aeaefb0d3017d5850a1ae1232facd46d6267,2016-02-08 11:29:26,1Q6AsooHCtV5ZjnVoXJcCHEtKsjnk423eY,7.33000332
faa67f486253a6362f5382828a6ffb860a3fb3de399b68571e270c87170ca0c6,2016-02-08 10:32:20,1PDNW6ZRwjWhQeWNpkBjr6919AM3Ud1hMF,14.50343706
fac522ef9814d79b944fd97ea2932b9680d00b3c9316fe1569d14908c7af4d69,2016-02-08 10:18:03,19PZAx8wFp1vfXsiS9cv5wJbZzkQKbCSfF,18.19792319
faccb9f4ea80a7adfc014401a514ed1579e46dae36201661147ca86172b13e64,2016-02-08 9:44:32,1FuYSuhALmWcJUwtdfnEmE4SGkRY6wfwhB,45.92958362
faec9b81b811fe2d830d0ceeb5aa8b3a7146f4a8d2cd6f70b86ce86bc0198121,2016-02-08 10:18:03,1MsChzooujp67yCbfwhZxYXVuLxCFb5of8,17.81100756
fbd2482367a0f8528e124e154f3d7dbc13fad788e739681092a642c59f38b02e,2016-02-08 11:50:09,18cnJinNkgedwfbhdi5DDiFAUj4hYuvM5g,9.6745582
fc0f775d4ce3fe69d3fac40e565fc8ed7d45e05fed00169412341d05a6b06878,2016-02-08 11:50:09,1AwoYGjXHKe6gwrkbkBGHrdfQ2mKbDdM4D,7.604449
fc1df986469846d1249c743fe73580a1dba3eb095d5663e1df4e9612fedc4616,2016-02-08 9:52:41,12Y2FZ2yCU6DY484YvdUvHDfWdXio5RFAn,28.99778204
fc392585002788c03df4be411d469f1b25b62e5104638eca6a712fef10496e14,2016-02-08 10:32:20,1Gs2b6AUYwxSi6z5VJf48p3FfP7KZFSZyT,13.09011346
fc5e9ee1dd9619641bf81a91e9240bd84612e6d7ff43090351c76a2d0c77f449,2016-02-08 10:44:46,1Li6VTkB3EnNUK7UEdDcNmNL9ue84btm1q,11.06947346
fc696036a060d246f8c125fe19d79713df86ea0bbaf34d55e5757f51aadcee12,2016-02-08 9:13:09,1ExmZwnmdpaYss7H9P84BijMjQWWZS5KNz,196.9817105
fc72a8776efb239e7510436830601069728d34af38d2124df5f60a171fd9404a,2016-02-08 9:13:09,1AvvLuebLgjmNYxi51zEHkVtvFxuNWDT61,99.99707544
fcbe4d5166653f821f3639c9804b920533026842c5ceb2cc2acc3b5c8bf5a78b,2016-02-08 9:26:04,1G25wTJpc3NxvEHD23RZgfsd3UD7rzbvcJ,79.34465899
fcc79eef0a69c47ab53b4d690529e62e4102f37c040613beb3dbe36c81d25486,2016-02-08 9:44:32,1GTf4nPauWJfszCL2gd2wQZUYejAe7V3FU,33.17409704
fcfc897ad73a565e904c298eb9d976c8d739a77edf7a917c23a76806bb21fb76,2016-02-08 9:26:04,1Jw2oJanynnNHj4mGtJvJ3dckxb7bhWRWR,72.08972604
fd0cc35fddc23b9d38d3c1d1dc83f0edd5a6917e77a559f6032d38fa6a4becf1,2016-02-08 11:29:26,12XY5kmX6K5qQJ5bYhMkfybRcMJttSBrpP,8.13660765
fdce7eb692967aaf52bfd751204edfd73d31a48cf6d4961a8cd83e5567726f01,2016-02-08 9:44:32,146dbNqdrSSDAKSwcx8nEZi1UsdCW4NUGv,53.28663532
fdddbd1d5d2fa59d19e2865c8267599f291e86624aad778b6baae05bde316ce7,2016-02-08 11:42:38,159uesSsrQKwkCEKQD5g5sN7BMCVW55WeX,5.67049845
fde960788ea9f08036b5cf9adc8042c3d5249383234cfcd37560475d812a411a,2016-02-08 9:02:45,13NTSEVEVZ8M3h9sSHKYk7v7JAD7Ps6bAJ,270.3212488
fe5b3df1e9e15e092a554c81d755d024692daec6e35c476a611692fa1f30b04b,2016-02-08 11:29:26,1CwRMn912tfRwTsGsHz1eTrDJZZXBSpHtW,6.24857686
fe5fa3283ef7c5306c5cddd23dbab6c38bf69b8cef6dcd03f019a72b21305d31,2016-02-08 10:18:03,1BcmXRCmLeQEDsQe7sVenKZhtxLAFQ8NVT,22.92458455
fea30c4d362c1b680e1a23d18657bbd7bd6db823e735e0bc1694ea951d9475db,2016-02-08 10:44:46,1PBArKT9PUhfFEytgL2KEtCPdw5Zww3ce8,12.12043441
feb62f2eb42d666d6ae55fa32fbd54d6ed3d6308c6edbd0f80029e508f8c8f9b,2016-02-08 11:42:38,1JCdtwQC7waa5yzDv9x6ZBtNQ2jWLFocnD,8.38986777
ff352dab32019307bd63e45362834d6dc57d9d7915ba40c49c8ca64e27c582d4,2016-02-08 12:01:35,1FtBzZXwv79n6imv2ZYCVitHP9cUAvcFst,4.35424257
ff8ed010140b78c348bc00d726a83e49ee45c37b2bf19932d346e31587b0128d,2016-02-08 11:29:26,17BHnGwTdBPcipd9nasJpd8sL4efURydvy,5.91610228
ffbca31ab8e02853b20ba3930d412a30ab1835b7bea99e79565f7437b504c2d0,2016-02-08 11:29:26,13fbA5nLjmiCoesPHUN9wjQiM1EGXscpHb,6.35615168
ffc8618c0f07f90e3b2095ab53bd900bb0547fc260deff15a1f72922081ac81d,2016-02-08 11:50:09,1PXdMQhhGECNERq7gHQCuCPsvA4FDPj2aE,4.99104227
ffcb5aa3f0f726af5506c12b0eecf1b0a328a53d106f4ac0386e1b218b1f89da,2016-02-08 8:54:54,1HAKDQ77nJQxRhCdQt2jQBYnovjj6CdNBc,1217.00487
ffdfa4b2cd9391d1becca30f81e0fc268dea716c38c380d3e79854942b02b4be,2016-02-08 11:42:38,16RMUP1MVfdS38pDZzKAYPAaawsZa4o89R,5.19292888
fff8ce412474ef48b6da5f9a047790a14f3842ed2f9a540d1f567bf85ea328bf,2016-02-08 11:50:09,17XGcFTpi1F3wrzyeigjeiNqKTDpwWhpaS,10.49708552
002740a49e16fc127b0a58a887e5ad77cc4d5114a38aa6df0922cfebb76569f4,2016-02-08 11:42:38,17AuTmGhZ4HBoJtntpN9n6vHkP5LNnrt5q,5.8471489
0038cd4166d80a95d6bf1420beb9d16c9fb5cec19fa31f3c45bcab91f38904b5,2016-02-08 11:21:45,1G1yQeKMY8mH1H5v1EbmaSegpBML8T8LuR,7.58645503
00e43489afb85a0d3bd05f3a30b2280416d7d333d528405e41fdb4164fde554c,2016-02-08 10:44:46,1P4jiBBQ4X3VAmueSv673cxEimxFfDFYMK,13.93280921
00fa784235855c1923e85557be5c5b5909eadcbd19935241b37b5ba6d94533e2,2016-02-08 11:50:09,16T27MoP4tpPeK4C9dtDCZPqGdrG2YYmMP,7.49936156
0120883f601be8206f04d8e95758afb2c2e864fb1048622562f2cf5b00cf3871,2016-02-08 11:50:09,1HkvPw5iNf9ffzJ2Z5LUTGLXG5LLDCqQXQ,5.13647558
01601922f2dcd788e0d0f4dcfae2b6ca85ba612ea62bfdfb5f3cfe8a922347b6,2016-02-08 11:21:45,1E7d2AVRWMEd8guvUukeXmsixM8A1TkhDE,10.348831
01e93aa37956f01a0568cfb6db371b3f9133c62d8e0966463a27c4663e1ae9cf,2016-02-08 11:29:26,15wmjub7WK32R38zFQPCw9q36gtwwDjSfN,6.2024075
025f5a220323bec85d452e9a4b6528ed047797bcce1f76fabcfbb52bcd88f70b,2016-02-08 12:01:35,121WemtSLVnUw9x56j551eWrFSMYkfwDsi,4.4772
0310d0ceb8fd5f5a621d1da33b0186bc6bc44268a5448a746bed746db5114a72,2016-02-08 9:44:32,1LwHtiY2SDHQoBshUJ8izcXPdR56nReTyw,39.9901
034216280e1fb59c50faa462d6d8fa73e32faae84e61f791d9d23d861feb0110,2016-02-08 9:44:32,1oSLWDVB8K4FovFidzDs2Ejw7p9escFsn,45.0503
035ec7136907c0a0d3ae0351d708345813f2767eb30a01ac6281c9ace97dba9d,2016-02-08 12:01:35,13y98SsufXgLGUovtQ7oipzP7sqNngjWNV,4.6522333
04016305864baed3853c84286848ef535f70d4c1223da5ba87a4960ff55f2625,2016-02-08 9:26:04,1HYojmRcYLGFLP9iVApSreFv7T87RN4wNB,68.54206675
0455b1910f9cc0cf1d6e1616b896f902ac13982de14bc13a0b10a2eda3e2715b,2016-02-08 9:02:45,18rLd3WxuE8QzhmiK62ZbXorrYXrXhn7dM,202.3243819
04e4ef23b8352fbc946a55d67df9651ea57e0cbd6809e579b188e07d08ce75a9,2016-02-08 9:44:32,13G4Zz3p8PNYQVZ8ovjbNfogNY2bWDTPgc,50.94421712
06710ae97042a8634a6121dddfd98cfc19a2774a8f26dc9df070404de57a83bd,2016-02-08 9:44:32,162V95kE1AoxdgcWdnojbSMwGTuEp8rHh6,39.99
0673590663b0774ea936085e13a8a4996218689639b9fcc4a42d01f7a3425337,2016-02-08 9:13:09,1DW2vgQUegyFBwJm7kVWkzXhU6ro1C8AZM,108.818939
06b000f42fecdae0b70912a95fe861b1fc940e5540ea6524e96c558ad98393ca,2016-02-08 9:26:04,12HPBF57QPQNn72mcFc2MAqXpzG8oJJCtT,58.58808056
07bb1795d04010bbda22cba5c60347ac1e663c6c5ef42e0b543686a05f3d47d9,2016-02-08 10:18:03,16CksRtGBQBguwHc3iwMZWJb3fusT6GNTL,24.25177595
07be6bf2c62b259115604bf103858bbdc797d4452b19f8984d1334901b8d1e9d,2016-02-08 10:18:03,1MXNV6tcENeCiMp296vXTywS3crxSujkrJ,26.99
07d2febf97f7ba50397979d02446fb4319e424dd1367a50637e73e9a490366ce,2016-02-08 11:29:26,174novPyAhopkFiKAA4cR5qKK1E7aqKVZY,6.8667975
088a6ed902f1081a1e19019a0f38f575e942c87e28e789e726d9fae1827f1ed9,2016-02-08 10:44:46,1MQieFno3LzToFerrxwH4YupgtHSPweH7T,11.28652104
09370fd4bdcbe023d5458ab96d61f7773a1f86843c6d20b317b75f443e4e69cf,2016-02-08 10:18:03,1NCXVnuKEuEJFRB7onFKSeCRk66skwJsx1,24.99
096eb6c07cd4c29855f1bea7318526fefe1e50fae6da8e64423545d5fa6d916e,2016-02-08 9:44:32,148Dh8H5DP3rpyfnDxQdVyYGGhg4Fri2Be,39.90920009
0979c698decf6140856c92aed7f0e11b0fc2e51685cf394124ebc64e9d111073,2016-02-08 11:42:38,1EbqX6vyq67Wgajf8xShMu6raudYZThiGp,8.88359627
0984ec99d1fe3fd3f83951701e754c7a5f3d73922437a4e4164dbf564ec16f65,2016-02-08 9:13:09,1CRh4XGZkfDnag9G26eUcwYwxn5n1AXpPi,150.7882
09dc59da0d2b0b3b12eff7a1eec61a592d9d2aad0e8f93455640c3eca7c75e19,2016-02-08 9:26:04,14A4tBrF3EoAN5ZH3Bu3ZEHN1D1sQNS8Uo,75.1802
09e8758296db86dfedc1b0fe4bc4f03bb8f14c2c70ca03e36c6cb03a4a76f1aa,2016-02-08 11:29:26,1263CRwhYA4Zr3cWcGhpgrZ7NxBXtJckYH,3.57573205
0a4b58b0b62f42a5b2273d5404233e3596d411db8354644f2f026acf2419d97e,2016-02-08 9:13:09,1DKKvaJkeb6f1cuoR49a1YUxbH89ZGo7mT,166.6001092
0a50c746e01b920a1a4f2096f7860747a2080037bbb08f9101f1e92c93791d31,2016-02-08 11:50:09,1BWT3ozrAmuCfFdPCEphHs6b9GWdxVur6M,5.1392
0a9a554e47b03aa851cb92022b54414f307446d9e3df87f3151b005ed7b205b1,2016-02-08 9:02:45,1EskpcNquDH36eByMUsNxNkpFtH8coAAQT,248.0332409
0afb3197abb998258c7a17cc6dbc62caa1a7c2a591c86eb70e72627461aec29c,2016-02-08 9:44:32,1CSfGTPtXMpCfaC4sjuo3zHwy6aKr92fcC,52.0440593
0b08424ef462d869880193a6a22c4749921d8af5be0e948a7cbc943146937112,2016-02-08 9:44:32,13EmFHZZwLgiVCtyJaUvDd72RYDmNqUrxS,46.35365137
0b0912ad287fb61c0705ce6a96a965b65f6c1f6457a7e42ecd268fcc85e754b3,2016-02-08 9:44:32,14szpe1p5VDCkSrKf182V1nHZsah2EDVaW,44.03222057
0b53777751e79770ba478ca2aaf3b10a215d2c5c5e408d6b05c8e83fc5c735e6,2016-02-08 10:44:46,18HjedHg875y7fmKv4DE3x2UfhofGmL4jj,11.49871064
0ba3ed1aabada8a8f846c66b7ad7144c900e0516ddb004a391964d3de0dfa4f9,2016-02-08 9:26:04,1MY7wrcKpkGAALg7WGbLnvDR3DjJnPKJ8W,79.9902
0c31ff905a3da861b9fe87dd0a124ceac28dfe89e93ee56d7913a1d4f5ae8425,2016-02-08 9:02:45,17fQz1jVWSYYnBowwnT4K2nuoc92Kc9g2e,249.9902
0cca15e3e1067b6af533149dd5bf1f9eef916df2594e2221a376fc3834067587,2016-02-08 9:52:41,1GBsfuz2rfd5BCXVEBCMQALYcKP6MrgH5z,30.15641624
0dc5fe4aaa2bd42fc0745dd26bae4adec9503cd28ea743c65a0544f8b1583b6c,2016-02-08 10:18:03,1HZLVrvHVnJSUUJhTSq6iaKpfDYfCitKLR,21.24277049
0e486461b08a8f71d91848a6328a23d078cb01b2160aabd74b0b727ec42a9b63,2016-02-08 11:21:45,1AUnAfHCxKKEDgr4YsSyrRQujWC6ao9iS9,8.36404168
0e5e207ecb205db49b5e20e66fb16840a9e02754059820473e14b24e8af073af,2016-02-08 10:44:46,1HRshcWnGsmZ7c2E3C4s2DFhPVrj62S1GL,13.91730073
0ef5e480b9d6a3d34ad5d6e7b23d7c060e4321ae511ef63c3eafe66ef9c961ca,2016-02-08 10:44:46,1AZmqNSmtVSehR9g86RoEiGedeexvJeC3e,12.97158527
0f6970f28bd2721b90f64bfa8601249fb79031d72963c9c2f3d4012189b651c9,2016-02-08 10:44:46,13S2whzDHmeSQLSKgBAYpPAdaV5SXYFVWZ,14.7902
10974935a901f7a70e47db3333f33882e00cff526b27156b9594bd6b5a3ef704,2016-02-08 9:44:32,122QaqMHqn51q6YN2hRyvx78UjgtNuAfBp,38.9243306
10fd559db1d4c7ec8aec1d3ef1a88c23f679ed2463faf46dd5da17cedf38003c,2016-02-08 9:02:45,1KwU11JL2awoe8PfUbm3uTDZGUiRhi4PPG,469.9042772
1122f2be77fa9b8262848f903f95e6493f6242a3f8112beb1f2ca98d9e4e49b6,2016-02-08 11:29:26,171L833BusGp2eVw76xReFjFsRTo5rXxxq,6.7130274
115f34ef8eaff350a3454672fba56bf5b6619baab6f44fef3146ba57c5b2ea07,2016-02-08 12:01:35,15s2FhAARJmvefbs4wQfsZ5AWnA86oBdgC,4.49916685
1186bf4e9437d04c42e769d661dd87f6e6205552a30690ceba5c00a2ffc2b4e6,2016-02-08 10:18:03,1AyiFGoWLne87xv7L5j396NeMMAuo9M9aK,16.34250688
12974bc56d233b16cfac31b30c187864479f13dd0b64863c722f16e2b5385c9a,2016-02-08 12:01:35,1FEEqQD5ywT8Zc18sn83fmyjoJ4b6Px39D,4.5202
12be322715332946d35b7a59d208290b0b2e03e2c969b81622e21f9c06b0df65,2016-02-08 9:13:09,136sveHTEmP6TXzJQx5qWySBRzHP8iz5aV,146.2262485
1350319d73f4d2dc76f1b9eb50739ef7472f15102eff35be16d6a2a89603fa75,2016-02-08 9:13:09,1GKFdvdtUJvBo4vEQmqubHCZZisE6j31md,129.2696979
13f1b02698af00f1169e09d4cbcf22f24a107576fcf120cf6701592e82aee54d,2016-02-08 10:18:03,16wfXYtf1DmXzpkJUZYoS9K5AXL33nhcWT,18.78845148
1404a95a4429c5cbdd08faf04d7bc1c3906180c3b40c24074dd2ffd62fcf570f,2016-02-08 9:13:09,15fC7mNgT9yvcKbzQrQmYnmAZ97YLkqFTQ,164.6176783
141a2e7cbb38a8fe5766e3acaf00900df70588968cd82d58c9949a72afbbb9b9,2016-02-08 9:13:09,1EQbzfKZMDYhS2qGaFigfxXgz1gshJq2W7,143.2531828
145152500eaf4df92dd873c234ef836446c3582992d605fdc9cf1827b63fcc38,2016-02-08 11:50:09,1KWmzk935mjY6mqNibNaP6no7wuaop1nn9,7.31453731
151783920952c67f430474e426f64834d5b2c75dfe539eadbe99f72c9738c44f,2016-02-08 11:29:26,1HaV92vAt25ME5WWoYnSigsq1KWpgF6sfe,9.94083919
1577f35e954f54be73babb44af35b16304246394e2ab64c0296fe84bc373c8b9,2016-02-08 12:18:35,1HA2JTcDYbMQZaUVAtCAky9xyVkAATjpZp,4.1198615
15bf4379e6c6862507a8318cc2e9465c42183cc1b8566b7a477205ec8fd7f0e1,2016-02-08 11:50:09,181RAZm6deiCDH3NvwzpGezankZHrT5PfY,6.869214
15e16959d4dd99319757e8797d3b7ffb6e37e9617c92a831c86ad2000bf7b7ab,2016-02-08 10:44:46,13LQxkzBDMoZRaKfMeQY3JwqdqUyDj11h1,12.17220718
16605b650baf4de3ca0b5b65e226d143ec8ea8e6a78d4f5c4bd92420391f95ca,2016-02-08 12:18:35,129PwdRGQFMR5gukoYxg6tC39Pt4pbkJmW,4.24394741
166a4ab350528187dab15a317d865b2a85852c66c7ccdbe6bb183ee4d0db6bfa,2016-02-08 12:18:35,1J31KGfUEY6w4ipbGgvUmA9e3Gbn2YHB1p,4.32482411
16c787e0e2da27801b1f9ac06aa674324ead72478905ec55e8f6f94398e8abe0,2016-02-08 11:42:38,1Mz4WrX8Ms8hUr99d1p8hhSDszHaGgjzUj,5.35571341
17b93906d3d6d9877258c6d61ac173412fe27144781d62f2f179f9063a272fe4,2016-02-08 9:52:41,15VCwja4gPnyR5zuz67GJ1UEueQNaHLXwT,28.35138213
182c139c9a391d819c2c8e48f96b3452a8a99c6b3d999936a82ef8b55aca82ed,2016-02-08 11:50:09,1HHMi2KEpoZPDTFaCjviNFZrTz36PZqurc,7.82699904
182c4f4eb189789f3ba43c36dc5fad3904ffe437998d43337d8da868a193a3ae,2016-02-08 9:02:45,1Dvb2vbi1Yc94nbUTohuxrF1uQ81RvPAb9,291.5034546
1833c75273cd489d3da783c09b74a15b976a64e36a2c993592348333e3ec9378,2016-02-08 10:18:03,1KxN7fdHqP2xw4wAZUAxw7EATTyE1nybYd,25.37907612
19e0fe7f1eaadd213c17421aaba66a6dbb160d52f17fc411dda7b1963a790e53,2016-02-08 11:42:38,1Q1eNBzAuLV7ivTdUNjVXbhy173hAw3AHd,5.3387696
1ab46254b6618971f57e80cc3cab156758ddf64ecbedfe4c26fc295969199df4,2016-02-08 11:50:09,1LgXoUF6icz2ZTs36XSzJjRvYjnxywqL58,5.11104318
1afa595ff6bb9239abfc4f24f105a40b268e59e8cc78a3e3363a8d9ec2fda21d,2016-02-08 11:50:09,1Jyroy8dwWa4VAdARM6c2mtkGkvzS3UnM,8.94184561
1b95b3a1e5cd95d9b21200d299d74d5bb703e6d8ac734d768bc25560f3005721,2016-02-08 11:50:09,1Hxc3Th8U2yU9VfffvNKd6q2GAe5M6dmd,7.55181794
1bde2c1bc179ee2e288385bed1917933b3c9e41eb5c54a7e169997a48f88660f,2016-02-08 11:42:38,13LXcoB3TC7fQ2ZySE2nNXQuupCpXhboUV,5.49615937
1c56d02be6f01377e4e90fb3b1ab13a78bd77da553d803bda6f872511347e4d7,2016-02-08 12:01:35,1Ag7ZQK95tTw2HGuYqTTkVG82TkghKa4A4,4.56393041
1d2bc0a93f8196177ddd618809652d9fb5dd183eb981774ca91c39ecbdcd21db,2016-02-08 10:18:03,1Lg6XjtM8kSQXJrtyMwB1oxNSMYHS5KgyP,22.36506693
1d57ff39151df3e36dbdadfa4a4d9c2d786e1f7227b205cf441fff8ccadb7704,2016-02-08 10:18:03,1CfxwFNiQGwLJV6NvKKGPfcZbAbSTG7ZgA,20.09021
1d67e3e51827f396ea68a390efdd4cba3ec1feab5382d9c090a620527a634298,2016-02-08 10:32:20,1KdnKrd3TRxyS7JyYLGpTpLiJVm5dvWCVB,14.21379915
1de6c4e035935bbd67e3d49255e470705453e260eb1beff5c5aff1c81d089b26,2016-02-08 10:44:46,1CDC19esuNhcEwFEUcqqVCmNZ46L5bEMCc,11.082826
1f67291b0e03c7a33fd7893d39e0421bd1ba3f28c139385a4ab5c717d0fb0ef8,2016-02-08 9:26:04,1GMZV5iHKoB5zE4MWMrLPgENoCj414Lawj,63.9902
1f6dd9acddbefdf7aade71228ffb0b80084d881bdf35bf5d64ba26778e54dfff,2016-02-08 10:44:46,1HtpcsHvZb6S5yaTZr8qLnfYA5Ywoxcxdd,12.69410651
1f6e0e30c121c050039215f4dd7e19811bb53081429356dcd16c9fbf9052d3a7,2016-02-08 9:52:41,1A55GumEky5PWGJP1BT8HEbbzxJq4xL27n,28.9162
1fb479b4273f01d485779a7b2a21e570f46ce557eca214950ab52f0357e636a7,2016-02-08 12:01:35,142YzyKDvkK45UhZhYSJUrMpuYDpvExnXh,4.9657416
1fdc7d032727aaf375c289c381a9f0619089f4a1fee96413a2d58abc93093ad6,2016-02-08 9:52:41,15rrcejoT1KBFuFGnjLZ3wrVBNG7o4BQhh,27.9491294
1fdfef6adec580245a2adf1a2bd1dc1a56193838fa17cbbc0f2d312d47e7401c,2016-02-08 12:18:35,1FrrnuxxEsLBmQuH2kddq8qiDJYqgoNsHn,4.08409619
20abcdcc5d8dff2b92408d14771b729eee90652c2c2dc3652f99e1ea4d63cafd,2016-02-08 11:50:09,1Em77f3u4jG4x4Cy8PMKqvN6EVRD1kdoFt,7.8205719
219e576e69e2f4b8898413907da201f469addb52e6129b0d7e345f16150de4d0,2016-02-08 11:50:09,18z4ufyvNj3PSWstLcfnYHzdKBubLeRVN8,7.90260827
226e10edf4657d6011dcaff4c2442e382abd4bf5025f0c05ddcb25ac870b0967,2016-02-08 9:44:32,1pWZwXhsrYXUFH8j88smy6FJBDFKk8xQE,52.34633184
237d3fc6aea2ab85413b2bf3b475a4cfe5cf3405de3c4e3d68bd740ea147b66f,2016-02-08 11:42:38,1HcKwckgrk9xwCYGc9CECfq5h9sfKxLDZf,5.19880986
24180cf89f400f3bd5f0e3297ccb7dfed38a49dfe1f944337436b132e3966871,2016-02-08 11:50:09,1NTGAfKvKdgxmTDLqSaJe51m5eupRaWTmA,7.50050679
245e461effe045e3f0e7459fcd0f809a7346dc97033a35ad4451cbd0865e2426,2016-02-08 10:44:46,17TntszrKTza7x2dAiC7Wiuu5f8XXm1kLY,12.43573595
2473d1b89b9f94c19108a4a43cfca763cd300881cd0ad0ebda4949a748168073,2016-02-08 10:32:20,1C3XMNwXfypepLvfuNfuy4LHAURmbJY8yM,13.06938696
250fb04946c4c763e635f50be1096a55c4b5e15c9d44d04c7b7f49586ebbf98d,2016-02-08 9:13:09,1HgucaT3kcVPwUAJh1qJRchsoMgMijd88e,188.3831121
252375f298d852dbe9488623749b599eab77a93d89505f0cd31b1f66898e6267,2016-02-08 9:13:09,1BRugPYMeVsyrsnE6e7oK5cTeW4vwEzCEC,192.1868559
25d79fb210f56ac768f0e5911ff3a5e60f08104d1271d85ea806604bf2ed2581,2016-02-08 11:42:38,1Erv4wTHBS4k1BjS3Y27f1s3o1UEM4dPcK,5.63808823
262b63017702aba49751e4113053165dcf4a7c0778f3c15a56f0ed7f56a751b7,2016-02-08 11:50:09,1TdRGqwS5EYyvXMJNJFfbjukQ665KAGf4,8.48693511
26c4bd7f00faee4964b46cf953e74ecda69d947db7e9645c8ed1aedf2d1fc53e,2016-02-08 9:26:04,1EZ5zmS8EDg9WvfhC9TJE3wXL7QhTP6pBu,77.7176029
275438ee877d03ae1a9a3dd70f162181b582f395127a8801df16a934e564434a,2016-02-08 11:50:09,15ehd61o7vuL5kY3Qjj5pHj7CSD5aNjcc1,6.96998261
2758a356dc9d5a34e6ce0d92c9ae3cae2e33c6293e0565467f83eb7dea8216ab,2016-02-08 11:42:38,1Bb2XtqnTpWjJBFj3xBBYvNiD9ZzoiCegC,5.54573757
27c8e71f95fc077b776accac2b878589cea264da919c30d792dcb0137bbb66e5,2016-02-08 10:44:46,12tvyXqoVvjVSECkRL3zsujpvQMeEi1RDx,11.11758339
27f38112caab4b67c9d96d65d134607a4ed95b1b54966997627cb710c35eb401,2016-02-08 10:18:03,19TacX5oSuCi8hukY3eiQW7ziH9zNB5Txa,25.0899
280bdd54bc6e406cf32e25a9b74136d52dc4e7b34a82dc51e78f553c7f5337be,2016-02-08 10:18:03,126GQacFVeErUQYp9NpAXZPvi5PYc2jwEN,24.52215647
2876ba4283a04decab1341e47677931c264a10065e2e25ad2c012b3ba626c950,2016-02-08 10:18:03,12hYrvGrbKEQ6eQWa5rnoJfs8LDVDPq1yp,20.11062841
29b57175fdfcd699efec8a51efd5fd49c9b128760af619cf4612e191f02c29c0,2016-02-08 10:32:20,12mhe3b6JhZWZitHNWtn7UrYCRTTwMqJuX,12.88894236
2a639b9fda19f7768bfebd42f03247cbd716cb372a0252f191061bb7bf8ae393,2016-02-08 9:44:32,1AksSaGx4CEdJT4UV2iTAi4aJfURFhGNXP,43.50487811
2b0b72fee23594566481fab781ed923db375dd1a925dce0fb382b1f65bc5dd23,2016-02-08 10:32:20,13hR5S1or7cLJWMfx5bSQhKiMm9MDDpEeR,15.1353088
2bc85260e543424de46b38746e288b059ba665065a34bdec4755c23f50312732,2016-02-08 11:50:09,1EoQHp9Qrww4WenVPNaf2X49Nyq5Dewx1u,6.9950881
2c6ea6ac729f6d7535ba83803b5b3e342aff555c63a09d1b63c25cb79d84596e,2016-02-08 11:42:38,1Cikxz4637dxo2CLtxjQ18fW9NeDvn4fHk,5.27759501
2c6fde88d2d72de86ff45a1a9e5c63e60543220914280bd40444e2e03cddac02,2016-02-08 9:52:41,18z64csKNuVjx6tcMRy8iFfmrXgPzB7vvQ,30.48725662
2d1f5bae270eff01332869bfcd73c6b56343d7c8b98b663b42c1940ce8eecd30,2016-02-08 10:44:46,1AnS1ZTjkJU8ZGi1JXTxXeTcshpavJRsHp,10.99611244
2d281793c690a21f4fe936b880c088ff67897bb862cb551e6f011a707b3fcbbd,2016-02-08 11:29:26,1WHbdqainEnfDUiLgWPhYRqRBmD1AZYLd,6.16901206
2d4e192219aa7d2546883f8329c07e0858f6b934ee1f403b9a619e0262b22595,2016-02-08 10:18:03,1pHLoM9DgKkQPhg2TgLDMKWcJxwyYVxQK,16.90129943
2da27a2c0d6447c78803e14fb51a2c879f427b5ae73a74d8e9b39d8d6e37180f,2016-02-08 10:54:52,15NA5oEh2D8oYbFWxS3P1jKK9xCorXVjD4,9.99
2e88657aa1bf5eda62c59bdc26e9c11988809a6d1642bad974546cd3c1be0509,2016-02-08 11:21:45,1MWpkcj12hmbHbTB8YBNmuKUUkDPcYKEvZ,10.8072
2f230ac42aac2bb35f3890e814ec5a06e591d9e7a7be438ea1e1ca8ac1951f3a,2016-02-08 11:21:45,12gWrHSj5GH9EfvFTY42v3kHS7idBND9hp,8.30440995
2f7bd9eadca1a642ddededc4cf0cfa2a53a0ccb0648afd47d4413aa7d74ed534,2016-02-08 9:44:32,1JpD3Jtky9zRZRPAyKBmGdNbniA5GApgnH,32.90738811
2fb40d299d62e93ae157cebe2b3939ab8d7a99e2efaed157d21db1dc6b0ae503,2016-02-08 10:18:03,1FBPC9S9N4XwPNtEQw8nrpUyCzYTZbUQ4r,21.39680727
3067fb9481e819e4927af9f2f75d3304f3cc399c727f48052d6197725a3f8c52,2016-02-08 12:18:35,1LjAgCpGgH8pgVAXG9ducGkqscksmtbKpf,4.1502
31537056e8c1456f82c543c853f343d94ce46f6891bb6e40c3562c70adbaeb30,2016-02-08 12:18:35,1AAtwiQXh65tznUyCVKXgz7At2Txd7pfbz,3.9921
32ac7dc41f4f7cbdcbf8ed10f9dce9dca5ba9cf3f99ddf4dee651c9ff9018bdb,2016-02-08 10:18:03,14Bn7w2iTkbvjTXUPKkLHviZ6rXKQ1RWBj,22.10621466
32dcc1e099723dc17f558e47f4e69874e92a4db1ae50f778cc4db74c374de8b2,2016-02-08 11:29:26,1N2ryoQ1iuKM7Fsum8wHjzfs2SP2CL5vGM,6.078
3343150830289c472bbb46b8da28464befb4cc1063f29731a4626819806b32cc,2016-02-08 11:50:09,1EsS7oL6geNNPLCE8Afn9u6jk8t8bw4uR5,5.1266938
3350d614f60cadb392ecf4b411f16f97410396e453bb19a562b1238ddec29cef,2016-02-08 10:18:03,1MNgVHdQK1xsr6e7eaVXa1dhKmuQxqKcDS,21.45927995
349ab16c9371f42751eedc9413f522d99d89d69b1086b81296b0ea2517f205fa,2016-02-08 9:44:32,1Amtsi2AUcLd5YNwa8XwjhezLHzGZg5hCT,50.839041
34b6afe07806dcd12dc92da3f513ad4802f70a1812263cb7851965b293afe6e9,2016-02-08 9:52:41,19U3nEzVt8i5bVCjKfNCcYax5ccRZdQwoy,30.07494172
34cc85353cc9c894b3db852eb00bdb58bdcd9facae21da385ea5595bafe5f455,2016-02-08 11:42:38,1An8uvWSf6vUqFxEX2ya5JWr7XKMFNGp8A,5.93585152
34d746e1772a3122ad3437f0f8f5d69e95316c293ab8da258177ea72bc35a7ea,2016-02-08 9:26:04,1Lj2YaDjYfqUhpCBWjnJr1UBKaawD9Nx8e,68.56769244
35a7e630d12b8d7db640c84f9545a2a60aa52230539425acfa0e3b2f808faa26,2016-02-08 11:50:09,1FqNavzxzFpBEAeXRWhbRrLP4SL8AtbRH5,9.8902
367926d773dbccf7e0266392de0170bb794b34eed474a0fd841352a395314995,2016-02-08 10:44:46,1Pxcv8fftsyc52yW8B3DbMvdWyx3JMUfG8,12.0047882
3706e3a849c64f7a938c87dbe81206276941fd25118a405ca9f9d0b3cf5d4109,2016-02-08 8:54:54,14MxZo45ox2uJ3oKgV5zCbxAMY1d4rNzu8,489.6751691
37604d7ff95c2e8b3110d95d460e7699001dfc4adaf889461cd1c39e7432e4da,2016-02-08 11:50:09,12euuPsGoSiHFB2Tc9wct45m9hhuBCr8Bu,9.28029986
37d3c99e7d6d6a0c9c5837996e1c4d1413c3c68e345655828c6e632eee5b4124,2016-02-08 11:50:09,1NBWXQFaGXAsc6thaX4wVXWvf4LHACFrpe,9.99019116
382ed879472f2fc3a2fe05fb6b915295c75944ab11d4b58eed4d65926e2a16ce,2016-02-08 11:29:26,14rGiCPYj1oyWNsSpvg81bdgiMv6yLujQm,6.74813765
384ebb0ccd3035c01180bd894002259c750ed1dca378e1de07fbae7abbf188e0,2016-02-08 10:18:03,1CqnYqWJgSCMEnGbNEvKWt2bGRvp7oiEVY,24.838925
3877c64d7c772729d0a5b450a50db02dc299fb46a95607f8c90105d945d2026e,2016-02-08 9:26:04,1DNNt3c4gt93U5HVwfDVravsFUbqeNfqQ,85.59858119
38962ab6476e43b8ac55276f4218e5bf1c8b386f5045e57c5b48fc12dcbb149a,2016-02-08 11:50:09,12B53VxVZ9SFtXZWM7eG3YcMwFy7RTQrs1,5.0902
391ebf97cd839e9e426b9d93f35d0eaabee0e62a16d1a7165a4993c955dadd7c,2016-02-08 9:44:32,16yeQBtT7iugWvyickmdCF7pWv6uqmiQNa,48.88853673
392aec052ed28b717df0a172d9c951c09cca75a929c795709290c2e2d574b0a6,2016-02-08 9:13:09,1DRi8vSjpF7UswkLkTLoQb5mPDrZQB7sAw,152.2934923
39a5cdcdec2ae861429def2a1a7e6c45324ddc3c76179c8dc817eec3b68ae4f3,2016-02-08 10:19:38,1LtuaKv5HmxSA5nwryhZs9gC7YSbDbpTTx,15.37969798
3a408c62c498a07ee89082babde014ba58b0e1add78c9b892d276c30a2e08483,2016-02-08 10:18:03,1ADwEEqwahitr9PqUmguqro7uu8RPP1puW,21.02751628
3a4b9d112217e66de2deb30e9494447a21071a4af9785cf7e6142123497f34e2,2016-02-08 10:32:20,12ZwLzZ5WVRaXiwYLZxKwtEcX661ZUEtRZ,15.01828083
3a72e25ffde3807dc8abfcb42515d3627c866dded6f5052941af393d75dcd4e7,2016-02-08 11:50:09,13A6shbS2d837VDs6j9psUWgXfT8xbFZds,6.96922792
3a8dc30296beb14325cc7c264cd423258e267df6ef2aceaccd24bc786c8aae3c,2016-02-08 12:01:35,1DubPhHnnT3wBWCqcCms9sAnkf2R2rhx9K,4.36814148
3b8d22f9e6e5fb7d03272f9c3eb2d3025fb251ba87f3970007e90df6e2eb9539,2016-02-08 11:50:09,1ubXRfZWEWtMQvVEdUqpz6awJVaUoQrtf,7.9822
3c03005dbfe1fd977a54a8960ecba5eaf1c5e84a6d578ccf6a6edc7817f8cd39,2016-02-08 9:44:32,1LsigF9vM6dw8yqpunVCkwrPbzWc42sAxE,43.6634183
3c1f4bbc8974c5f1eb9a954573a4ab11b0be01c625f477983c750c47a0a81427,2016-02-08 11:42:38,15bGJCvHyn1gBgT3VSrT3inowSkVH2SExm,5.26005962
3c66027e37947a1e4881932c88dacdf4e3749100e2a93309c0968edfebc7e1f0,2016-02-08 9:02:45,13WFj6g9zwdXKTaRSzqQu16JnLoTR6no8S,229.9902
3ce470f9d0a3b204c6e6133b27fdb4b9587c2ef8ace39a582ee80109f830fd2b,2016-02-08 9:02:45,1PfbXHVLsGweY9fr8HzGCHt7H9U5VTRMje,284.7562944
3d99bc0e076f08d0a63786e0519a64ec16d4e63a8da395797d29c558a9af0472,2016-02-08 12:01:35,1DgLTarkLdNS3JE6oGGhqoc6vG4HDWruhQ,4.63889299
3e206e9e31a7db359c5e5d1de753498a1b970abe48b6d261bd1f9951d291af9b,2016-02-08 11:50:09,16843841WbLEkW921uEDv5SqxixLjYrgnm,9.6668859
3e32a22dbae4e21ee88950bd162959689be41b9c5cd1fe8fcc5997644854f566,2016-02-08 9:44:32,1L4Yar1Xddseqp46dmLx5tk71fmLzK1joj,36.52195819
3e7fb8a1b8c8be0baefe3b67fe635b541a55f03e1e96085cfa25b1af337b261f,2016-02-08 9:26:04,14XfEnAqNUuBwBXVxtZAjkVbmMSZXLwerh,65.42212315
3ea7ce551481caf5f43ba3449264a8a2c898059365eb97fd6a8b6763e2f3ae7d,2016-02-08 10:18:03,1AGHUEBt3cRDHun6ZTrMvKdthJs66CGPfU,20.45145037
401633d35f9771b5b0626ce8921d2283b6b943c7dc7e579615fe2a864eddbe4b,2016-02-08 11:29:26,141Sjk16XX9uVvncRJmYvrqWfvJnAMvqrv,6.21050543
403f5e7f0364fe7161effd6fb9f09a93788d121e2758fb51881fba7d4f32b97f,2016-02-08 11:50:09,1PGjnwUFpqap4MBWFFCEcQjkppiR3R3HMu,5.15811679
4056ef68c83abde2955eccf19d674e71f89079d4e24cfb43477987e4c33425d6,2016-02-08 10:18:03,1Bx1LcX56ueYbS8eecdYmw2vPJkQ9aUyBb,21.10634955
4072820fdc9549ded2634df9fe1c0987c967f03766737e2c1492a3564054eafa,2016-02-08 12:18:35,17Mvfow7Lg2eV6gJEqYnqAZWgD1Wuhmr1h,4.18010444
407b550bbc3531154b31382a3c10b66f9ea9816d8103e01d2f422da5d7d8b6d8,2016-02-08 8:54:54,197uZ5dhAwMajMkwtAGMvmM7jEJp2cGQx1,700.3517577
4099d1d94235d09019eac74ccf424b874e73857196f4da5dcc9fdc1ff8b40990,2016-02-08 9:44:32,1CQHicdvPCHDxoA7aNXNUThPyymLCDGEtk,54.97038279
409f59c44b2667dde37148d9eeeb9ea1dfaa990602c5aaccb1b9c3611dd7984d,2016-02-08 11:50:09,18ZPNZqEkH7rgzew4oxffapbZq5HABBrbV,4.99021018
40c1899e4a0688abb9109e9b6b2843fb13085acf85443b3471797ad8f70fa6df,2016-02-08 11:42:38,13m26itYsizHnP2Cds2YFSmqdCFEfsYCbR,8.1976162
40d389776fc503d9cf1595ec9a1f93997926eb0e246257137fe713d5ef939fde,2016-02-08 10:44:46,1KVULaKBMNseVq1NzUTzp3Kw9cKc42REzN,12.0152501
40d4e06314cd5c5c75b6b28278a28afcf7c7107bcd6bb3b7b3ffbfac381d67d1,2016-02-08 9:26:04,1A4X293BsqusiL416hVjHigBtUvyihN7Ts,65.97321147
40dc4bb5da3c28cf41174ede9d16c37068a0ba5dadbbb6a746645a6a7335dc49,2016-02-08 8:54:54,1MZySXn3ikBeYyubGpCSHUougF3FSWsYWg,494.0304897
40ef0eeb7fb5d3c1b77e492c88df668473875aa811f7aefc717f1232c130d38b,2016-02-08 9:02:45,1BNakSRzuTMKfN3tzccCiXnd2fy16AC82n,346.1829599
40f02691a8cc04bc65b5d680d8cf1177621195f9fc215513d92ea671279a3f7c,2016-02-08 9:26:04,17XNdpR3pNn8XaVYTfc5ZK31ZYqBXPBBUx,69.40360611
4150a78acb2111fffe3eeebd240d000e69703dd2bef6996becc08ff18baa384d,2016-02-08 10:18:03,1FhNYGu4VZ1TMVzrPrkppkUjZL3fUdnYPE,16.21032708
419b84caad3ad4d53aac5b7494c6abf08abb5d8e49413e3af50a6511633893d9,2016-02-08 10:18:03,1MZn9WGLfy3CufSfg4e3arQ2Do42zMeGEX,16.78174694
41f1144d6b1dd6572ffdc38cb95700656a415888ace2661a571040edb827578c,2016-02-08 9:26:04,1MZ2xrGgsFHZ1oxQDdzh7BTkNDYyr4Cb3o,74.39145
421bc1db6dbda528047c7ec62045c04bcf1762de219bc7c37631d4eb23e63c3e,2016-02-08 10:18:03,1A9qzJyX7zHbgECocg4bDXp5NyYaquHf4F,23.49637708
42c1abe7b79556893b7e2477214dd44b4b0c061e68283fa3ba669ac93eb382c5,2016-02-08 10:18:03,19ZzA43P7Jedd1JVpnbMS777KGvzYetnbG,17.0296308
439bc238eac2f01131b00e08b69e898a7f521aa7ade6918f60a2f5b5294d0c6e,2016-02-08 10:44:46,1AA2FthQCTekYXsgnPY2z7U7VCsj1DnUWV,11.99047295
44277a5d58be6249677e2bf37fe92d93eb1e31347177069732c8a9201fe8bb7f,2016-02-08 11:42:38,1MMrzbqs22fhS4UjK43d52rWramtcFqvBa,5.28056112
443fa4a5e82799c47dc8b805ffd302d25b75ca633fc324fc7a00546fbd8ae24a,2016-02-08 10:32:20,1NM9S2jgR14eF9kSXmtgmjfRPseMhLCNi9,14.24218603
448d9b14dfa4d0d358c6573992c584fcfddb35e0646c08ff90ada67ac9c6406b,2016-02-08 10:32:20,1McL2tRjdP4ZLcwbtc2NKN3kTsBtLoCBdV,15.3532
454ce5683aacd70148f81777e3c404ba2dcd8b12363fbfc8f5bca608d1e5b507,2016-02-08 12:01:35,1PDhmGT9DcPSHCSbjWogALd2aa9jf3h9xw,4.50229965
454ec37a33931bf6edd849ba1e3e989d875858e81ce4c036a02c3a94d9427129,2016-02-08 10:18:03,15Nh1vBmbX3SUdnTgUfxzjq71bcpY8EVf6,22.34775982
454f7fe47bbf2ea531b644be4b52729d81effe403563a9be0898ba5fb6e5d99c,2016-02-08 10:18:03,1GJKjiCLrUtqwyjxMQtkjGYNpqG1ELpeWq,17.59324411
456728cc2b98e71d22b3ff636f90e42fc26f91c41d8ed410bac98ca6916e3728,2016-02-08 9:02:45,1NAgFZKa8YFMKVedJJwCwqYc4nZgGqU1vp,2038.748562
461925ebb702568147a6e9dd7d9b748d3cc120ac03dcd39cf375a5f4b6d0dfa0,2016-02-08 11:50:09,1DTZL3D4RC4dokHVHzXwbohT53j1zBkKjK,7.47501835
468a37ae0ed39e0550bfd1f635794538ae55e4ed9d574cc500d3b29a24c1bfda,2016-02-08 9:02:45,19ugyuSP6BtW9dQzfEw6wfeFNGSDwLidUB,434.6206265
468a6becdf09e73d155919789675e6a8700dcd648f3b17ad4a987cf9c7e4431b,2016-02-08 10:44:46,1seGKWhrVqWih5C2hboUHdqSi59E913hi,12.05412613
475c8ad5ba55a10266bed5cad6eaec0a2abea75b1b549dfb2a2ceb0261ab1721,2016-02-08 10:44:46,1Xvco2ftzMDmoXN2YUbjfknaf2YJVfwQ8,11.48772715
47831498fae0ce7faaf417a25425321d1365c1bd5c83b8f49e61d13a36705dc1,2016-02-08 12:01:35,1DioF2aNptVyLzhQLCdavXrDSZ5S8RDHV9,4.60539324
47872d183ab1e8b68016fceccfcbbad8519b6653e641356a56930d815d5e9ac2,2016-02-08 11:50:09,1CAAe7qDRnetXyUWi3anFUPbHeFY9KDzuq,5.165
479a176f7b4847e83d4f27017a123ef65e18681bc1095206d2fe0fa0f7b3b591,2016-02-08 10:44:46,14uix9m3k1d5DpFmU1fPmeN7rmPK3KJKiS,11.02149293
480d57f6b14d75cdeacb83d82c1f66aa965c675c90cc54f0ccbc318a75f55a75,2016-02-08 11:50:09,1NFyEE5nVrQjLvRzThwCgB5cDUsRswtiHG,6.9141096
483fab6e45861008fda47a86a5ec40524ceb3052e1533c6a45f1912606964c8e,2016-02-08 12:01:35,1CsUoqhahrjohiDfP1BRpbWS8NP7XK8vBU,4.47966812
485f12cce79ce738f533cb30738c3d816375f9f8ca4432fe9b5fe89b11a3e13e,2016-02-08 12:18:35,1o15R16qHnFNexJuuu2SdZ6Y4it4MWGKB,4.2229176
48a528639f5bbcc7cc224b9f3045b08d935721922fe1b7f47e5e0b6b93afa5c0,2016-02-08 10:32:20,1Exq9SVBbKJjubZ9ULKNS3iWgNvvjioPGL,13.92637702
4907bd6c5850817be81b3f54fac00a089eaef0dee80dd5eca46797829de0343e,2016-02-08 12:01:35,1e3c2gTsHJae1H2SMaX61DATyb4GJuvht,4.9202
494322625d03de2c928cae43ba226c3f961d002f3583c729062f172788b49353,2016-02-08 10:32:20,19MywtxG2SddNpWYEnPF5scrmQMC8Biwqk,12.7824264
4b1f751fd8ab43ea3699fb54805479d38822508ebf678945f87a043e65cf3edc,2016-02-08 11:50:09,1KrfY5hDKfahPmdPR8DmGvtkFwpMbMhv3m,9.93235291
4b6bc8955fcb0c8f7b0b5542d416c8270c8cb9caa8207aa42a279eb547487208,2016-02-08 9:26:04,1KyuUnZCQdCDYngbaQBPQNebN4yjJqadnL,73.41556731
4c453a61d54b6288cde6a3a9b9ed3ad9f2bf2de01bea2e68edf3f175ee2217fc,2016-02-08 11:29:26,1CESGujWz3oQCWCcr1taM6iR3yg9mpR5Y,6.09629566
4cee83de7f45dbbdd01a564d420286893a71bb985c1b05faeb7a64e729636306,2016-02-08 9:02:45,14qSgXDmbyNknaxnERSRVn3edJaztUbWzf,299.909921
4db2f5551fcf522dc17442f1ed3ea6c076443aa287e2fddf93f9989f0eca73fa,2016-02-08 9:26:04,1LgAPQPVv1EdSHWEtY6bBGh1zjWwS4i689,75.492901
4dbe40ced17d9cc7b19758d250009ab5534c89177c82427f3f0d1b25cdb5bb21,2016-02-08 9:44:32,1D5yViikWECKdmoQzCvj9NdCRnifFZqVvL,35.83046063
4e20763a98fabce4182c1f3567f6c8bfe1ac2b6c4005282d1cafae86c66a2a1c,2016-02-08 11:21:45,14vn3NjT4bho537uKkti2YSo3fP65XmKgC,8.4719
4e527f0b23ebcddf026f5890bbca21a09c84c33c015f6afaa9f1b25b847700a7,2016-02-08 11:42:38,1F34bhvXTuEWDCqLregWzRRFNXVk7PwaQS,5.4898
4e61ede58555821baafe5dbe7fd1b7c1cfc74639ab04848a1cb3beea287fb19e,2016-02-08 11:50:09,1154yKz3GLUBoUtu8UJTrFsMyUmR4Ej3iX,9.0825985
4e97d912faa1673b1e2583d0a2776d65bf2f1a18324956d326414480096b5c13,2016-02-08 11:50:09,15W34755yn74mbPjyVepSaqq4bbDDwwxs5,10.58824893
4e99e77b8bbcfc7968bd607cdbabfb5fdf9564b63abbfeb01be47f16fcc4d9e3,2016-02-08 12:01:35,1AiRf2s8gUdjPyjg4Y5FFu4JrP8XXrNBd5,4.74631527
4ee4dd17f9da1a84deb8eb8f0c3360af4e73ae6cbec36ddd9e6b2b0244ef1364,2016-02-08 10:18:03,1MP3c916NzJkE1zaWkewH5XUR26urCZgJQ,19.67833977
4eee703f9ff410f27e9299868010ef4e695a23710abe04cd583262ecf8fddf86,2016-02-08 11:50:09,1Kr5h1y4Q71CnTLzJjwDPa3Kdgy4azBCpf,9.23971458
4f24ef4df7de630513b4e632c9227cb45711a728a2bb0c583fe935011167466c,2016-02-08 11:21:45,158PDfxbPCVL4uDRwQM4w8QFMVSEB5uXXu,10.10918403
4f48b7289e7d74358eb4374f80fc4325157a2a7e1a71a0d341ea18360d459379,2016-02-08 12:01:35,1K1ab9XDTixnqNkfdXaoQazUuSvRxkqXJr,4.98207822
4f686772e37f50d1720f0fc4dfb05440aad590dbbd383a2308c4fbe9a6ca02f8,2016-02-08 11:42:38,1BsjTqLqc3y44eXjHCJcy8ha4yRDFX9Ajn,7.40698452
4fefab414a0c6413d5a278ed6285df25df0b67755810ad38a89cdef7ba685e21,2016-02-08 9:13:09,1PaXQV3DYEkZ4eCWXCFUuuVsv5uJAyxJbp,140.5095035
5009d9c071035fa41aa66a000dea88957e7551c9acb8ef46e72d450813e0d0f6,2016-02-08 11:42:38,1BJg5ravZFLHcwmv2m4bXGFhjhsduGFLJK,5.32419286
50bb40f08225fd821c20c13d37625ed760f052316a864ccd2269527642b42329,2016-02-08 10:18:03,1AER7aqxbULK4azohiAnv9HDqB6NjkpgTh,20.94470056
513d7007712cec209cdde11ce81a89ebae047665a8ea3e506dc8590c5e7860bd,2016-02-08 8:54:54,1EWCUyiVkK8zxEp4N2MAt8ZVKruiKWq8BY,1175.485426
51e47eea3d59282cd7937dfab703adbd8a573807d80a36f74c2a20e03d61f55c,2016-02-08 11:29:26,1LR1DUjNqk7XvTTAqCxRhx9eGrxcg3JfL9,6.7398067
51ea8e39de50a44f80328be664601854ecb34e9cc92355fa4c76d771a337b543,2016-02-08 10:19:38,1CjjdZtRdE819wfGVjCMes3xKg5fGm5YrB,15.4939945
51edbeef0daed37b52ed2176fa028111f721a2774dc2a4376182a12c3d521449,2016-02-08 10:18:03,15cwZGeUr8xLj2tz5mSa8BfPueM2os7Cy7,22.49
5234a44cc9027dd1b82fed38e2d2d3dc76b575c57908230c5df21c9e0a9cc6a3,2016-02-08 12:18:35,1k24fFuhjzHbaRQJ1kFRyoQ1tEBHgCcQJ,4.1788072
524de3b5be1ce31c5626c50bda0cd0f9df15bcf0deb08e7c26b1ed43b7d7fba7,2016-02-08 11:42:38,1FUSk4eCn1e7ea5zgHBnE143Wy21T6d6ks,5.93719999
52dae9c960e391f26ee8f9953a88a1adfd2e3d8242fd058b81dc8754adda2fb2,2016-02-08 9:02:45,15AXr7JzC2Efyr5MGAcpN9V8qmwZu6gzVY,913.9429307
5309f72a6662a55b83b52160f889f7316a5d1182f8484a60b230c52421a356de,2016-02-08 9:44:32,13nXFDUCPGnq2oqRUx6W61SRAbcsJspFEN,33.22015624
5428de174248ee107cde997a336fe71e0c4a5605475faa1374be5415df6435e0,2016-02-08 11:50:09,1486bwBxncbRc1tNeYQejdcJ6L6NP7faeZ,7.6728097
544f3db85823c248719d0f87e9419aba48b7af5cb37d8a7f7b0cd049d88cd23d,2016-02-08 10:18:03,1L8s2kFanyauGBMRUJE5N4Dx4oNjYMF84o,21.49
545faed2fe3c87889987e81f52fb5bbf75e941bd8a1ceab005a34e2f6d83386a,2016-02-08 9:02:45,18ZgbfZ4WCfnmhs5FTcN6rPRKwWqUn3hvd,303.7767751
559a2eadda18c4023966dd276c59775ebfb941c76def1cbd61bdcfd40dd2c190,2016-02-08 10:44:46,18PCeC1Z1CoztcpUdVvdnZSJWaJphQXeNn,12.06596644
55b6d092e834d38688a205326279d7777ebbf8d34b9382cb68c28c6d9ddf27dd,2016-02-08 9:52:41,19zsUBq4y9NqQvqgXoFHtfYJqW1qj3TBe3,28.29343301
55f68f61f307e8461e104920c31d9a8ce299a8bac5b315b9ea9f1bf610179d3c,2016-02-08 11:02:46,1pjqmatLEG1CV5ffushkWN8CUcpDu7WeS,9.06463252
5626df5010cde5664f66a70a238e5db4293ea99a717fae01bb2dda688b62fca8,2016-02-08 11:50:09,1P3uoGyF6BZXNn2d5g8pJiXdD6PVgTmjy7,7.05674805
566bb16fc96735556c5b2493db53ca0e964ec67bce9875a8f793078f7c2ba0ab,2016-02-08 12:18:35,12cehAd1GW2WtWf13CMFkJmrPkmNbmk1HQ,4.11075404
56822a62a4025231773c01a29844991d993a89f7ff43262f44c82a6032e16cf3,2016-02-08 9:52:41,165j65GN83LyDdUwa32a3SMSmQ4LXkJfsR,28.83890128
56a5c89d1f7a0e98d236d2c2351744464250d73bcd90ba8536cc32c4d157ee4b,2016-02-08 11:29:26,1FW5XVUw9g2pAcsJghDn9vLf6h9gdy42Dy,6.60338062
576968d62c8b3fd206f693f0fe3174b44479206f85b68d6dbfc340b93f665694,2016-02-08 11:50:09,1LvjXuXuZE7RXKVso6f6YtbN5aAsafuh61,7.63183746
578e8be52af947ac0c767b22b5f7397d191c8453a45d9a5e48c0e0ec822f2fcb,2016-02-08 9:13:09,153JmcjZdNyCSScwj2HLjS2ZpBmxruHXNi,116.3395488
57ae6e209d46a0363ad3e288f47232d9f3b82a0bef2c40503e2537910a05f38b,2016-02-08 11:50:09,14h1xvb9NAJgvnUS484rYRFbdWHnsFAwrW,8.7587
580d973a6e586c497a03d3d2ee9e8de40e219e2615560b08db30f3eddbc77377,2016-02-08 11:21:45,1Cw1ujh41K43AdhcyjLJ4sXq4RB3TqN5ja,8.9287
581e566dd8b0df4ab9720f75101c8e434ace2369155ca321f81285575d8177ec,2016-02-08 12:18:35,12ukF8dAh8GDRvSXfWrewox9bfonkyeou7,4.17719523
58c0a905a773fb11dc0c9637de28c8036a61ec09a9ba796cc82243f3a5c75fc5,2016-02-08 11:29:26,12WXKNNB1c5yx8DRnee4zr8s1GhkPenxU1,6.59809477
58e5d362f3b711b9c033f7e72ac1205de2d9d3e034643ff7e7d632e10465c959,2016-02-08 10:18:03,1Q9T6SEHWv3ifBjLY7qLJioy91gDujSp6G,24.44771778
59104c1bf88e6433ea80baffa1d507d007984deadb94c2a014ccb0d967d5142c,2016-02-08 9:13:09,1NmXFwz7FsT1a9zZMuhbCADa5WGxs8DRix,196.7447481
594506d9cb7989560a6ebdff906e346ba12ea65ad9ae131707f664f71c86115c,2016-02-08 11:42:38,1FoowU92fu54VdRWfU1PF8NbNW5m9NTczX,5.98349281
5976917608a4ca37c82c011b85fdc9b5de35fab35f29ca64ffa4fe9018c6a8fc,2016-02-08 12:18:35,128agFAEZLNBpxWFpARTW4U9acpu2HdzBY,4.2351424
599da79674480bc7000d691bc7615002749fa88e945a2c76ce9b567896b19419,2016-02-08 11:50:09,116FJju8yz9mwHdMxXG9qCwTVKRjJyMJeR,8.06109307
59ab4b584b1d79725360eb0740056b24094b62baf2afa5c609ea6aec6b51b117,2016-02-08 11:50:09,1Ar3zfmQuD1fcSkLym3VNMDvh877FZ5nUe,10.26911231
5a26334da153cf62d7c518a94aa9b928d27b27372a7e3a7e3d571c84f2ecd347,2016-02-08 10:18:03,1F5pQGY2jM5dvztBhtphEDtpoCD8GD8RG7,20.09071219
5a9af55051a26c820c9054fc155d7c27a266da7eded3e01c04fd6f96d4134a54,2016-02-08 12:01:35,14YNXDsvQeEPsLtnH1QdvfzCTEk7Zag9U6,4.32647596
5aa48e19d5d9f6b28ae369946ed7ab3447af78414c8d10794bbcb21d657ca2f3,2016-02-08 10:44:46,19jA94gJdrMkfYJmRAdPYMn9addcfC3dFi,11.54776598
5ac156fefb80b3c25ac2833a15793f69b614a51722307256ca52bb8153de13d3,2016-02-08 10:18:03,15vh95qizYbqzaUGNiq8Fhgc9PNqkSAVkh,23.0539126
5ad9f18c434f80a9f313c50f1c54012ea2f1d5f6a625a118d7847bb03972e311,2016-02-08 10:18:03,1GZFrAySDdLf9GvFRkB57EPKhdWQSDAgSS,20.11715808
5aee210ec779de375c7af6610e03d23ef87e7a84afbf3253641497f8461534ef,2016-02-08 11:50:09,1FxiNU7Q53Ct6MsbDB8TX26WeRWbGv9gPZ,7.5500745
5b3cf99553b5f391d46aca3e757b3eba2e552899aa46250bf40704ac84642e62,2016-02-08 9:44:32,14mmk7Hs67DMqRdsQxzYUFzbTegdQKAt9o,37.3902
5b3cf9a0665f2993527fb8a051d9dd5f7fe88cdd58d54721b0b8eb1892687572,2016-02-08 11:29:26,1CLt8vzWZUZdv42xe5CJryweNFyJSdCMmP,6.251438
5bc840aa2f73b366893ca345358ef1d9c66697dc2e79a897e5c3d89eeb9e96f9,2016-02-08 12:01:35,129kpgKfDhZoPhHWxvxHWbmdspSE3cymrL,4.5930758
5d0a76d0ab556716a4b448d19bcef655299c74c2929154fb5dac8c589c105ec0,2016-02-08 11:42:38,1Q6RVk17anHnKLHHwHe2bwMJVygR9ozqz7,5.61639697
5d7a320dada14b46e22f234b6d02b11d4d553f67f6fea88fe42b790f5d569e0f,2016-02-08 11:42:38,13kjCvZyUi75W7DjRp8Up6YpvJA5QFmeTd,7.01774007
5e3ceab3ec5bcacc572d64df94b91a9379762c471da7133f8e9e25ec50fb189a,2016-02-08 8:54:54,1H68TyYuVca4uM9oQByXPQDoMfDtnFNKoN,1098.79463
5e4879b62efe2319cdabbc5082da2217d3766d7b5722efe6643682bef116f39b,2016-02-08 10:18:03,15JfqcXgycMqvRx3q2PeMPQAXYJbTGooDj,17.32651456
5eb711b1ebe9e972cf66520e0e4c32aa026b8d00b19aec60550bf15adf6e5679,2016-02-08 11:29:26,19vXnKwen9zrZmJxfLLVYfND3vjbSQ36oS,6.19814494
5ebbacc3986189c317557a4baec119a1148bbe862804229f22dd8deb6cb3a589,2016-02-08 10:18:03,19hTmBL7FMvYPnTYgQcdNawwQQ7cr8uMeX,25.16032114
5f09dcdd4685491a901206987051e2bdc13405ab02e0918c410c95ab7787ade8,2016-02-08 9:52:41,1GdyFtAJdfRK8jSFPk55pEpZRnoCc3cLeV,28.3285066
5f0f6be069b89cea7487602528d8ddf0f2129c27958edfa5b40ab19265b50443,2016-02-08 9:44:32,1Dn2QsgdDMYX6y8sn8yU1waZDSWGMJYU9a,45.09482648
5ff3f11e9bb6d96402b0fb713401977c576873dd1f3a8fb8761f375ee1f9d72f,2016-02-08 11:29:26,1K7R9gaPnJPqS8QJYosT41wj6HQjKQxCXV,6.47598324
601fcefff196562d9b112b23c59d70e1296859f1e2a4799e7bf4aa426cb0dd51,2016-02-08 10:18:03,1MVBXXPE3HDL6PsoX8yEzB3KWknFk9NMRn,21.99096007
60a9976a2b595d21bcb54a60867e2c1c9c4c9505e6bd1dcfb836536d4349db1a,2016-02-08 11:21:45,194xQD6Tab6LdsxyLbBtRXokWXr9XxYtrY,8.26682471
615c9ae9be7dd01887c175274e50f4decf933fde28817466a9c5d23d727da834,2016-02-08 10:32:20,1KacEahnp8gQc2pQe1EQ6mUSZzTsUSTkFX,14.2613
61bb620f25930b8a7a937374855304de53568a6fe9cef865d94096d27bb8bfbc,2016-02-08 9:45:50,13tSgjttGWaj3BwJSH7CPnpRAq9SXZj8dq,31.6042829
625333059f89db4e5229a0e1fa6346a898b851d58db6f537fea263675ffb1c06,2016-02-08 12:01:35,16Kk6VcnaQ8egMCd14kj1uoNYgr7sYA8Uc,4.59292434
62fc4a3d8830d11537e848463f07edaabd6e2691b46c511bde5f15246d6b2ffe,2016-02-08 10:44:46,158Ep8YH4PbDiJ1eeAn1VKCvGuzbjxuT5c,11.1448508
633f5b6c27b1fb8b56921b6ac8f29a94a0ac24c3f7d0c1680943eef113df1fcb,2016-02-08 10:18:03,1Gt6w8C5NfibTmSb92vMhRh9naLq98dGov,20.54069818
6342e3b1752b34cd7ac595d7f9697d2ecfd1744aa5d44c71b066b86a71638e24,2016-02-08 9:26:04,15SrdWz8FoNb1X5za7LFm5uE1rkFERmA9k,64.9902
638de5ee3a81a2024b7623907e723581fbe96f39c178ef402980636f119aaeb5,2016-02-08 11:42:38,1PwYr8mBd9zyYanqth7GPzcdurzr94weVc,5.8902
63d12f80861eee343689756a26fbf89b806d2461696ccea251696231a004b019,2016-02-08 9:26:04,19MuDcNJ8tJas5EV9QiMMhsHxPQr1VSuv5,75.881613
640c3f27c798a27112a1df67b87f18a577f86586c0669543a9be985e12d87b31,2016-02-08 10:44:46,1FBen3JjKfLEWtrNa1PrXu8KNbZNA4bG5k,11.46286726
644730171c416e3c26b7098c7710a821d7b49a3fc5a16c7e9ec7a14ea520f340,2016-02-08 9:13:09,1MV7ABqv4yyL8RXuCtW2aGB4aJhwQjfmxH,109.1230713
64bee913cf0fd243681963ae4a00f3da4a7cf2bb5ff723ac167c566553369793,2016-02-08 10:18:03,1AUyJzRdfkSfBFZSxzm97LctoQeAM52Sav,17.64128041
6530164d6fdf6d5cb5b189b042ddb7b1a2ada764a9ee57959c95b75517e13ea8,2016-02-08 10:44:46,1HUnRxwSeA18zEQD35iXQBtghAj5kn5YgH,15.10316018
658b7844a85a05797f234d09c78c5732d775c913661d37e94c96a22e70a16710,2016-02-08 10:18:03,18jGDX5XzcgGRHFpspH6hAjMxyoxhhZNdt,18.23255035
65c57859b0e78b8087167767be3af78d215c4dec78409ebb7c948fe643b6b0cb,2016-02-08 10:44:46,1KBbqnKx3wj9aiH5BHtRVj5EHXCHezYLR5,11.87922502
66cc580d123d460de16e17a8e0f6607fe80252821564c70f173f6fc02b3c112a,2016-02-08 9:02:45,1SjhvAT3BoyqZDhsXK3Q1AKjbfiYLR4hU,200.959617
6728aa34ba0b6fcbfc42a4d584baa863a383c61e53a0ae5cc03177e6977676fd,2016-02-08 10:18:03,18Fs1TQHcRarnnLg68xEpnWW8TqcjbfLo4,18.18565363
67606f9b746d710c2401c01cfe8e51318e5b7030a25ce5a28ccbf9b7947a9e57,2016-02-08 11:50:09,14niWnC76suGiKj26XnasMcMFejjZxiKws,9.30993321
680510526f86769fbea9b1332d1b21276fc132f6f286d4af4559922cb3078366,2016-02-08 9:26:04,1Q3p5L1N8cij69WZHUJxRCJf3pdTsGynqc,92.97639402
686974c1ecdc28513c9307248636c5d8dd2cd9ed2c5a66e5ce891999ada04799,2016-02-08 12:01:35,1N8bJ6TtE78p4Ndb4mhaUDbPfdWN5R1C9U,4.61772429
6899cacf0a82f0123ec267af953753001199bd4a2aebc17fd58b8bf4a4bad9ab,2016-02-08 9:26:04,16sNYPPx5nVREEWnTDcsojbw1CFzvf7wzz,98.8542
69a5bef51d42657f31398475d6d5d0857e0886f8bf11351ea3b8bcdfe918c385,2016-02-08 9:44:32,1GjHviZz68us1mfUNEEjjFwzEUZ15fjAZ2,44.66899773
69fe9ae28e32654cd614b22f118a64017a84173662c8938287dbdd159925e372,2016-02-08 10:18:03,1EemoKgKBYCyqorq3RzYxfi3MA3Z4PYDWd,20.6503874
6ac0eb6ce2e615e3d96637f17b010d998a39540a16cea5d22dd6ffbe412975aa,2016-02-08 11:50:09,1bfzdHDc9hP6ri2VJ1DDWhwziWHJMuXR4,5.14100913
6af2597a877947f5b917f5c1f66ddf29aaa697a514deba44b15a365c2d0bc251,2016-02-08 11:29:26,1GTecfWZGAPrPtZdQ2TyzhJWBZBGgnfrYL,6.65298894
6b1c02f878f38125a28760eac90099aa41a84256d1a90aee3bef1c5f1117b82d,2016-02-08 11:50:09,1DFAnH2rbPEphkY1q5WFK46yXdxAzKvRBZ,5.09918773
6b23fc5563f6c5cfe25a3f5dc2e1911219a4f69be3fad49a99a3cc64abe91381,2016-02-08 9:44:32,17ADxowS45RFMn7BFrqDX8CrnbMeVdWMaZ,37.00732474
6bab961561abb152f3f10fd54fdc50a4e9bc3fb662c9f8a14c0ba3c294f7d653,2016-02-08 10:19:02,14ZxnwjJe1wYUGCWXtPXXTUEa5sU2B9rZT,15.6956688
6bd93d217fbeb8e0b816af73b33fe050aefcdcda2cd5f57332cce84046a63b24,2016-02-08 11:50:09,1Lg8aCf33fo1H8q5F2MYCz9JQkhwunabEd,7.30580455
6c0815a4204af4b56c8091ad4f23da955c7b8f4fd0143bd4d3ede439eaf8eede,2016-02-08 12:01:35,1NE7VBEjotVAhy36tfVFi5LfLucHeYJJtt,4.9394532
6c4971d4faf42a625239b44dabdf34853e7ed0f3f6ee293fadc26202e3700a0d,2016-02-08 11:29:26,18W9VYdZvKpfbzdrpSSijiam6K1UhiR9rR,6.22717783
6d22bea1f0f8ad3c272f1e82d353cd612c58b42232a1f90d8bbb5d494c546767,2016-02-08 9:44:32,1NTjpeBHADQjX8b62eYFdWj5aUTmfbSqcQ,40.30246472
6d2410af1cef395c7e843da6aa175b7fbf5709c0e8c591bc3e6d549abc701f39,2016-02-08 10:44:46,19SbiBw35iKds8tP9DTJGRA9zoDo9MhWHH,13.5557
6dce02fa46f805591ca8fa370cd6b6f0c3b1e74d80d22644087fc1d5e1ad5298,2016-02-08 10:18:03,155EgfcjspnAmCRHysbqLTb8TG9zCSaGJT,17.21883967
6df668f698dafe19b75463e9ecf030b6ed924daf8775caef2b958d92290752fe,2016-02-08 11:29:26,177TznkRAKcAAdxuNdwJCcbh8gVL2GUrgx,6.15283003
6e178910c72fdba31cc8b11ebda53c4cf4de0973c9f084ed5249497ae34261c9,2016-02-08 11:29:26,1AMH4RmfYr4kATLpfUxjgmTdua3LCu77ku,6.1840119
6e29f13ee98d79dccc0a6204e6c829e9010dd9130307555c1755386f8c99f8ca,2016-02-08 11:50:09,185LeSF3CTXCetett7cBbcAH6ZocVf1P6p,4.99985916
6e4c180b2d5c33725f73218c7ec7e57f500972f74f11717af32f2847d0152a42,2016-02-08 12:01:35,15QiwVLN4NfoPgeZf9yopsnmDfUANdoxpi,4.79463398
6eaee2f9e79784849cee3163b9a0b6137226f04c4c4c07e4216f506f6cda7b6d,2016-02-08 9:13:09,1x98kVt8UV9ANvfHaP3Hha5V3fn47oBzn,127.2895627
6fba344953e410a7aefc5545ba2f4be8a6c2be2706379ccf606e3393845b8e31,2016-02-08 9:44:32,15yifRQXDUxqRA8QtgWEUG2ZaMXMY7EPKr,46.80050508
707c6bf0bf98ef65d098d48be48051ac49bad83cc69673fa5d314f606b18e980,2016-02-08 10:18:03,1AzvPo25qKMpW6a7BxAt8oSa1MtM5Z3v95,22.40718098
71189d62a6d07cb80a60431cebe6ed1e14b72b39d40e483c2e545330a28281ff,2016-02-08 9:26:04,1ENBY73XqLMc2y2J55fFL9aTn5CvN2Agnd,69.9902
713c27e986b41a0e0a1dc398c3c4a230fc7da4814286080f58992deef0f87be9,2016-02-08 9:44:32,1ANkvBKDNCnuFuCXkMKUurt7mbgVnZE2iG,36.05890036
713f59d8e1e16f18e2c33f8fde613626418ecbaa1ce0c91cabab647669af6fde,2016-02-08 9:02:45,1Nyj9x5U7Fyxk2nd6R6VfD5AGJdbrnPccf,346.2577224
71b17481c5b13463d875b1efc4f905bfd7148d955e6a3cd365c62c18552259b4,2016-02-08 11:21:45,17zf7jZXNUQG9GuTpardDfoNbDGNtjW5Lm,7.50137415
71bacb70474a9ed04b08cfba0559a6de9a526ce7c52335b950dbc765b39cab8e,2016-02-08 11:50:09,1JF7oMX5KHmV2nevMXnwGWaHyboEX9XKpk,10.71452818
71cb4eb77416eade512bee5f36d54aa968b77cd6c90ae5ddccc4828d34585ae8,2016-02-08 10:44:46,1CbRhEXJMocjvvBAigsKTTujQ3giAfFWim,10.99
71e977296d392d8ed3779d8d6ddd1b40b786f0ba2871f8618914951688c5a4d1,2016-02-08 10:18:03,18bvsyUvNGrR5VnjaZvqBfUGg3v5igN7eF,23.09024506
7294ecec6161f65b400de61e1160cb297512ec9f6edcfab83554f3e9e6d5412d,2016-02-08 11:50:09,15rmbGhbg7VyU75Q8ezeQFBJxa7jKEGj44,6.99504924
73077bfe5a8eb26f4368be242b596c71c384f92f408969ba90733862f87caf06,2016-02-08 12:01:35,1PaQAQDotHSLDPDNYb4sz2E51fzV2wD9v4,4.4884922
7308aa2dde5e7bb513d88889876b5c7e592f5d31550d24fa444a073215fb5ae9,2016-02-08 11:50:09,1P3TQR3VoUfZ6aLeg64BZTxbArvj4Mzhk1,10.0550003
74aceaf2065257010d88d24a4ffc04d9787d652a9f518dbe14e0120d161c7246,2016-02-08 11:29:26,15vX6BiyC2MhBpY58AmLVTathf7g1QuCuw,10.81487
74c6e65e02acd9fd6d396d117a7a266542eb493527bb0ae680e4ffc05d4cdcdd,2016-02-08 12:18:35,1LFCStWP4Ei9bWFTaTsGw6bQAaJQipaMGJ,4.2327532
74e03cc4b4131aae7425e08ae332a0dfdb1e296456c15c08f01f6e6a51a3d4b9,2016-02-08 11:50:09,1CaPEmHajQH7xUkZ5TX8m1358hPQ5u9VU7,9.998475
75cf506c59d111ae8c112ca122a3f8ff3a6794c8f7684cf5cc763098dda69b0f,2016-02-08 9:13:09,15sD45e6dtn4MWP57fSTPHDfxULazEQGZ9,124.9902
75dc1e8fa68a739871190975cb42a12a9bcd2af9192e225d1eefa5d140e9cb48,2016-02-08 11:42:38,1NWm3iJsgnKd9hoBd1cjDF5YaZquZrs6Uw,10.01651857
75f7f5070928ebe8d11e8210dd6c61cb669a9339a18391b071160ea47fb6ed1f,2016-02-08 12:18:35,15TDuCRg8WDtTRgAJ7qDbZ6Ti2Xfuo6uHY,4.24114241
769d04daaf38ea9899eafd641ad8bcc1223889581b0c91bfe99574ca17aa8af0,2016-02-08 11:50:09,17Tpj91FJQ3En47pyGWp15wjxF9zSAxb9a,10.3450348
76e8f48c3723ceaf07321a392a5a21d2f162f4728742063ec445bbf9cc757e72,2016-02-08 9:26:04,1PMJWAkssK7iP1MGCGNmc3hJTJuaZYbqDW,74.91807818
7795df23ca687502ef4fee67856e401965fea000daf36ef3b69fe9e0136dc764,2016-02-08 12:01:35,16VzuNA9V2qoUUpC3ezY6J9EvzeEfpfk65,4.62808409
77d8d3b9c4cb0229e44fd0dec32e3f5b54beb0b83173d1cdeaffc90223d0ccd4,2016-02-08 9:44:32,1HFu43pqc978MbGknDMYMmQHe2cVMEacf,48.87543822
782e5dbb4b7ca0f62979990f92a7f7d50a9427455a558218c5256181e4bab203,2016-02-08 10:44:46,164f6n5Pt6GXwjQzXDGBxa8v1jeyMCgYf1,11.68276478
78308407a517d85fe700f0849c0ac47e022a4506b5219282be565c5cdc243f60,2016-02-08 9:13:09,13AFQ5X5giCM8AB1P6472QvTjJ8HePCeYk,195.5359975
78f89ec94f7b9a9e49632eeaf4ebcd7329d393cdc87fbca8bd4df18fa2e9754e,2016-02-08 9:52:41,1Fd7FSczMiz4gwAEzph4ibge8MS4PqyKz6,29.29046436
7935d0ebbb77a35ed088d13103074c6f588f1584c417317712e40a18c3c3aa15,2016-02-08 9:44:32,1JFA1r5nAMt5Lnpa2R8YutXwMkbretx2bq,33.82528001
798bdca36b7e8003ef891321c3a5c747b47be3cc0da5b6c11d4ff82639025334,2016-02-08 10:18:03,17Rv37M4qp9vdDDT3UGLGcNfCT1YiczQZf,26.61895577
79e33dcc80ab8d20803399ccf5c13fe7c6876582c0305c3a49a0715a0a225a03,2016-02-08 11:21:45,1HNzGvWBELAZa1nNUsJz5EekR27Qa7rwXn,9.4812
7a54b511b08caaac53569dfab73945c24ab9cc35a8a5e76aca25a6df14639b57,2016-02-08 11:50:09,19rAqsXmie7mDxj5djoUtkMoTx7wyzXBge,5.03967703
7a9876e2ef96de764be653e10393c4ccc5e4257d022b425960c2abd788908974,2016-02-08 12:01:35,15zqqz4WFirpgJbkLba1LVZQubNPartGoL,4.92501832
7c09b425bc41ae0e3b429dd0236db8b86f4453beee746bab87e066c9d7b1aa95,2016-02-08 12:18:35,1NvGwNTrGcZWzRja7RMU6qGRcxbPC4ovK2,4.32606284
7c4af90819e521530a8f10b30bf47838e61cd345a66f2bec90adb3e0f53fdaad,2016-02-08 10:32:20,1vKpdB6WwikaPNUFtBGaK3LWRbomfr9Hr,13.15729594
7c51de487422276eb18677188c5d1d6858c996cc598895c243d2c919ffc56b7f,2016-02-08 10:44:46,19NJ1Rjf5KTJBU5Mj5yS4xwEPPDfZBhhF4,12.36601
7d3154a4f7f995c8515b5fb445d5d7f993fb9c91f3d6fe8efa6ebc0103af7652,2016-02-08 12:01:35,1KrJGJgxh33aV5nw9tJVeCbUY3iqRqoamN,4.61502103
7d5b37f8a0f4c57d73684badbdfc84e7944f5fd4db163abae7573b17832a1bc4,2016-02-08 11:21:45,1BWJLPhGjb4mihcagyVqbrbH9R1Dx7Xxyq,7.9897
7d624f4bd8d5185bfee216498f2114ee644d65c1b45af61f02f7d3995cf999cd,2016-02-08 11:50:09,1MSpEUZGXRTLRf6ufugbmrbKVhh5UBmHnt,6.9502
7d7a79c90aa901fa707828e035ba9f7c9ac1f13b8ed0ad269def3d90b2a1be10,2016-02-08 12:18:35,14eWmAjkWXKttXnZXjjvreXywKaWeTBYN8,4.0833086
7dc309b0375670b8033c0f846c0cd2eb8ba50821509d16ee21da7cce1857592b,2016-02-08 11:42:38,1NFVcgypehYkvHPmBXd9fs1mmPSNbEefmy,8.97952
7f1cdd7e336c68db2f8648b9135d7e63fed55f75900aae3826424b7814f12ff0,2016-02-08 12:01:35,13TZ8We6NjvANccJVcGkNvURG84fHAfRX3,4.50995468
7f9b5e3a61fdfe7119a5ee77dd2debb7e0279df34dbe671ae75032ec5fe7a9b0,2016-02-08 9:26:04,1FdmYmxBXg8ReNsinGaH485YSMA51eZMGo,55.88025389
7fed660f8338a09b0883e00b0039a56fb496edc04479f0b829c78b38ada35221,2016-02-08 11:50:09,1Dwv2BbWaM245FtYXWFMixznBXdsmZs9ya,9.97305051
7ff0f7b9067b38e343184250d5b8d4b4d085ce19cde9f508e4f1cb61ac5f6334,2016-02-08 9:52:41,1Bv6bBpp2jkCPFZrXRSmoURvgu8HiJFiKZ,30.2761068
81803ce7a3e574500533c8944a5d67ee60626b4fe58f3c59681e4290df768cea,2016-02-08 11:42:38,1HcjpmPYouMPuow8vTYX4ysMRmHAXeyYz1,7.68782199
81aef3fd54131e876fb43413724f313cabccb9bfe06a03b4f1e459c62109f438,2016-02-08 11:50:09,1MEAkGdwisAAgnHFgT876eYZUjUixPmkDp,4.99467521
8201e53c515e3f15b6d5195a8b5f6dffabfc4a92a8087ec096a527d8692cc3cc,2016-02-08 10:44:46,17ifHVbk8BQk8nw5P7fGfMyF9TeyzgDbBL,11.9902
822ae276498137cbb7e0f3ec94d48c1ff0910ee24d5f92521e6114e3b5312aa8,2016-02-08 11:50:09,15Q2bmkqDSSHAGLUZTLvEA5KDmuJRkhECS,10.56374967
8291b7e8d2dffc2e36454684c13cc30b2b5d8f7224922eee2015fc0a50957170,2016-02-08 9:26:04,1LnzwJDvD4ZDwLRKo98DeFzLzoQ63zmu59,74.86955
82a98fe86603ca9d5e9ab9612f161ce9a31005f0cf0e5ddb58142ed7d1d2a148,2016-02-08 10:18:03,1PsrvM3e8xa5cBwpV99i2wD1ik4cP3yYsA,19.1128391
82cf9236e5a9a32a4df5144598387a551d8397cec8013c0e65cc78a9f44a3531,2016-02-08 9:44:32,15EZonyJq4n8sfmDeY7EtCkEDx8uNGvPsU,32.4188325
836315d8e737be3edf857ca436b846c91ce4ba2e42d7344d7e0f453843b567d1,2016-02-08 11:21:45,16AbrEm4MKoRnwVCUBCd9JNsRYKoeeUNsJ,9.22923828
83e00880601d7ea8c0428025aff5875b3f0bc9e702f4e55826c52695849158bf,2016-02-08 9:44:32,1KS7XT4Mro6xA8pw4kr37v4ixAJ51YeTnV,36.3561
83f1fdaf818d86a93471f246dc9a8c8365fa81b23624db2fbae4f2f8df841784,2016-02-08 11:21:45,1Ex81Ma4JATSNi3yv8WPtNawr7z7ex4kv8,6.96392839
84d2f5107e0e45ffff39b0ebc0a6571fa8901fad3a04275ff78a373b763e2696,2016-02-08 11:21:45,1GxDtjhGV1S3kDjYFyvpvX9gtYZUyq2Gio,10.29725531
85147c2b8cc325075902ebae105f4132626e13f7619cc8657954aeb85b5398ff,2016-02-08 11:50:09,1NLMQUEaL7vSAGuuDbzoL3Q45kDZcc4wgA,7.06
86729c2d53cb02c1f1a7a4dbca5b93064e179e8689c1f1ddac645b5eea4c5927,2016-02-08 11:50:09,12JGUcRxtfM7jdf1vyGb8Qiwgyuexm2dch,9.97974339
86c1e94ad4ec0d0f87af623217bab75fce8deebe979eef8ff067dc026d4ec14f,2016-02-08 10:18:03,1DwQ1EDUFFxFg2ryUzpuSbidfBmyAyZeaJ,16.99297334
86e655b221242331cd74dfd6269fd828c19a007d494542b4118f19ba780fe0e7,2016-02-08 11:50:09,1Jy8Lyz5R6j6uqNWDscfQfMFyF5nqiX4AM,9.85414708
876e118538c3b2afaee35f758f911cdebb6950ef77dd537f144e83a2e356c9a7,2016-02-08 9:44:32,1M71HRzN8sfdZnT6VdJoQxjQMS2eyUXyyF,47.72602342
8807c300e6cf87b32f284a75ec7a3cabdf8734719d5f7dc23bbef823acb540df,2016-02-08 10:32:20,1JaDAvTjTrjRZEiWrr9mPnsaLdkSxtC1q,13.6849791
8937a94af0b4e8bc06c14c0a48cee4eba1a2ab5a13665c30fcf5d4e3179cbb19,2016-02-08 11:50:09,14HxGqrDo4KAQVP9BJqu3JhG96GmoJn9iT,10.71946
895e6c606afe2d71167dd061992074238f50bd3ee3ad17f74f0ca053b116de1c,2016-02-08 10:44:46,1Et2aZAvQHNecXPxt3Y6bWPq3Mf4WFivFh,12.6402
89caf09b8654defb494b5b911ebbc1afbc886f7f210e095f65d003f77b01dab1,2016-02-08 11:50:09,1DVAYseFrSpLntj3Hj83V8mKhJz85WkoJ9,9.855176
8a10af65893daa2de4fe9249e7cd988a47b02d61c87551fcf96e7cb803c7de0b,2016-02-08 9:26:04,13zg9cELuy2ccXYBLsGeUSzVxD4A9QxXdP,97.72752774
8b23bbeb95707403e7021f6b348002a84902f6a96d995d176a07992f7eff757a,2016-02-08 11:50:09,1NdS5gc2xcA6JnENDHe9PyfQzLzYgy3Mdu,8.12813871
8b3e57f2d88ecaf23f2c9ae0dab35ea2944ec9c63ee7ecbb1c14b2804a22fe91,2016-02-08 11:21:45,1HeVL7MVLHxBkR3DhWbaVJ7bec4qmQkZhk,8.7275
8b44f829f4a72c5b88348f34a6fa6b278983b7cf30f5b163218f611eef616976,2016-02-08 9:44:32,1NwPT12oKMmHbvZFxjiXdNDYDUMNajLN4q,52.80518885
8bde44e179df0be239d65a4548d94ec7b23238b2ebb5c761286ea12185fd018f,2016-02-08 11:50:09,1ScirNSDSqfNBrfLxhowi58LAfBcjVYCa,7.4902
8c621379bbf7f668204cf0c9aecc5c305fc58bdf69cdc9f3e3fc608be6a028a2,2016-02-08 12:01:35,1BU5HnbJPcnPQe7UwtwDUVgBP6ZHw4igBd,4.5596388
8c913bd1f98bc5a6f23a2f63d8716c74d92f023c2121853f2d44cac3859585dd,2016-02-08 12:01:35,1PYJ6RAQ3QjCHc66Bh5HmuA7CvsXvZbFyX,4.39068496
8caf18e8f6fd553581d84215b3fdf84a0ea75b8c8ca598497bcfd510828a71de,2016-02-08 11:29:26,1N4dzGjSBvtLXejRkr8kkfd1ZBjAXJxNki,7.99814623
8d0797bc1cf4605b16fd8f8241d2bd33c926ea3b9f0dd718d3ab7a959678f00b,2016-02-08 10:18:03,12yZXvakgFxG2yVhdxqwxapomArvq2h3Hq,18.77822135
8dd6e1d89a6289eabea48b600f256748ddac700821b2f92b2dbaf34a61eaf099,2016-02-08 10:44:46,1P5WPQxW8HrSVviFaZvanuowVyBdb86awD,11.8469883
8dd9214be87b456ad66a4618eed0d0304af0e4b6f7e3f11ee2250f73029592cc,2016-02-08 11:50:09,1H33aYnHug1Yw5AmAmdq2Xz4GtgwU133ZH,9.80166587
8e5aa2e15e46ec6ff1657458e01a59471be975c012d4183287912525728b0ce0,2016-02-08 11:42:38,1LoXm3b6HSkPRuv9WEc1SawvHHj4ajS4oA,7.99088616
8e6e3aa2104e3b21b40f422c452b8d5070c9ae84e7ded645f6aecb03b97b571b,2016-02-08 12:01:35,1JN1Wh8ZRXhXLRUd4G3DRPdB2ENUxjgybN,4.9846492
8ebff8ac7cdd650ab865923acf45b6d7757792af1ba14036ca39db4847f7b6b3,2016-02-08 9:52:41,13qKeoeKjYpRVx18gcDgzJg1JQSbGDuwnA,30.3757279
8ee2b848a83459dbf792ad215afb8cdb2b867d53304af2419b2ecaccd1b6a202,2016-02-08 12:18:35,1N1yKLRHKPR5uaD6U3M3BjPunPMm1zCKsK,4.27660441
8f5be52d064a2dfa33f5223555e3ae1b4dcfb0ecea3e322dbee7aa4a1690d6e7,2016-02-08 11:42:38,126obhteEJRKKQnGw6D5HTwiu2jnb8DZqJ,5.9895
9069da08e423da9940096cd9b45e2ab77a03e49f76192fc3de695ac364760692,2016-02-08 11:50:09,199ug4tXXpghLJ4Sttyf3XQcx4uur5cjf3,10.11903963
913ba0f54dfdc2e7b699176a7562452d84ad88f23b5675ebce0596f178d082a4,2016-02-08 11:50:09,1CGKipQbxWgVL2HqZcDR87KsFQC2bTwNSR,5.0101
91a65101ce66e7ad675c34bf1d467b6c92f96963e08ee9a10757473aac00e165,2016-02-08 12:01:35,1Dg3w4dTeGQyaB3YFRGcJXNGGmBCineJ9W,4.58077965
91adacd12b707f2a3c253bcf72bd67d1702063c581875c2cf95b466bf0ab9653,2016-02-08 11:29:26,1LZPkZ2KakiXfKbLT9h9ZfFXJcTayn26o9,7.05799581
929566e8bc0d63cff42f299cb8b2a4fc03db7e7dc801d9ab470a6dbaca11356e,2016-02-08 9:44:32,1FuRExrc6yf7XwXp6aiAAEr8z2qtqcRzKw,36.2023
92babfe3046fac37553b2f7f1f80cd230c5bedc85e81ea83c82bfce45cb4ce02,2016-02-08 10:18:03,16A7AGDs4CMrivYAXYi4b6mGKzN5V7BfmB,20.94607356
9323076faf26d57803ae28f68919d3141e6a7c9cad5cc10d4abea65827b99b88,2016-02-08 11:50:09,1Ly9brzYWEBM8GgTBSJe8pxMkaRVRsoDDv,4.99122837
933206cba505bd727ee9927a69c330735fae4fba8c562232c7ef570cd1e21299,2016-02-08 9:52:41,1273jFkACM5HF24SfLEKq1B2wtjxCDMwAB,28.12780306
93ab0d809cdc968935a8f3c6e5daaa0d7fe3b17e6974668b37140ab0c79695f5,2016-02-08 10:44:46,1GWnMSk4ThsB7BMz8bxAvr2Pbf7oBi4Sqf,12.0033748
9487f536e30bfb2d4cbfe77ddc2a719ae8cb6da14c3ef2eb0ffa4c038cc0bbb4,2016-02-08 11:42:38,1AAvtejY6zK2mbyjdSJj1iPhYnXooqR936,5.26556069
94c98c6fdbb693ae411fc64d75153da2aac149ad63f5026148396d2999c3bac6,2016-02-08 11:50:09,127SVbQ1GoqVqUKzoG5iLSdZ9ShTvsGx6e,8.21271628
94deb7a30afb0144454e3df24f69d21dbcf7bb4dc155dd51c5ec067e6ecd97ca,2016-02-08 11:42:38,1MGPsZEBYMrxmQnVf4jdr6pNzdpaqKXony,6.94317
95274c2b45c14c4954721e030f485ccb7461c3c6949684c20d3ca8ff7d666bb1,2016-02-08 10:18:03,14v9rNqLyYHYHKGdAuQzdNCBztMa6gnZp2,17.76766253
952caf45c9ec74b4ec104543d9497fa7b2af6a314a17160d63ea4af49968ad8e,2016-02-08 10:32:20,18H3dZGXyi4Vb6P7KbYk7n1RMpBVCFx5jB,15.014375
95cc97e1378c03262d837dd878a05fde5ff15c2587625b34d091c8b9aadc04f1,2016-02-08 9:44:32,1F9yRPwGMdLswNkfce99RhfopEaFeDbw3N,41.09239135
95f0b9baa0f9ae04f1b7fe800863d59b8e4a24fdd9323054bc48324de0198371,2016-02-08 9:26:04,1FC3gKtqYFxSsau1ct6h4E33m9ug5FvHfd,99.63254649
960c5e796c15476d77a14bcd18685509dd84e2d76d351a7c72c43c73048ac0f1,2016-02-08 9:02:45,1CoFd2VEhiBKgJDG7FT6t2Hbxgkdf7qG2h,205.5221198
973a00abce12d6dd16bdaab5ad31985fd18aaaab94e31c2163a937e1a150b5ab,2016-02-08 11:42:38,167kjGxCaRxe1vztkVkjeeKPtTnuQfn33Y,5.4398133
977d584085f68adb93853ed324c2fc605906a3b4f6d39624cedf3d661fe8d6e3,2016-02-08 11:50:09,1HnURKSBxzmF8JtJrGRDGWDARnMTcaGQV5,7.9660314
979bd8cc4ad85de0b0bf704b1a9b121f9e1a609808b4c9b38014835b7bacd5c8,2016-02-08 11:50:09,1CxvhKNE8M2ir9hE8EMo3jXCUL69A1LcHW,8.55303626
97a3b254d0025b43cf8dc60475e041cb97eef81dde747890fc19ba4c6c8967bd,2016-02-08 9:02:45,1CNT4jiSHGQTinhqkm8xWqPMTZWXTPvcMM,1024.818216
97d28d60c86770009fc986f8e3722b8e272b049829a3c435e9ffadbc724348b1,2016-02-08 10:18:03,1kGKCwdDNshwoxknhwwXZESTZxJgXifKi,22.72879142
98f9f6777c9fbb5b1b879c9ba863c73ed8364285ad32fcb404bb79a2ef3cae7b,2016-02-08 9:13:09,1ByhogA5HaJ8RXoivH93r5DUFMoyyGiC3v,174.4146354
9900740d81153bd806dd4bfdd14a938fa286e6ce51ecb795f8ac419317db9a7f,2016-02-08 11:42:38,1NWRC773XtNSuaHXCmVWgzEmFY7jL2fLKE,5.21338959
999051cc41ba9709898818143bb12de54bfd035deec371aba1f07430fe55a024,2016-02-08 10:18:03,1MUCLmSiLtythk1SnHiqfkox4YnC41GENE,17.9902
9a25d6df04a7674e3c03592c1b243825d52fa0c245a8fba57beb6427273b79d5,2016-02-08 9:52:41,1QJyoQjt1jMAcFBsP28YnDrP5ZyeK9cAYe,27.54964704
9a867908d7c7b511b26c76eb0836bb31f19b2057e4a32e12bba4268f9958b660,2016-02-08 11:50:09,15rLKysFQj37jrAZiPVrUCyx493eFBHnHR,7.62255582
9acb8510777c5f71dd54052fe9b50232d633aa6212a1d549616844a7cb3b12af,2016-02-08 11:50:09,1FQ9gCebqaggvLjpsayPLpjPTPerZtZbUs,10.4302
9b138307b5cacfcf137ac0706ca3a58a651b84726328aa5bef8aa2ca34d01e2c,2016-02-08 11:29:26,14bXJNCJevRRbnK1pma3nu6mUano8NYGoD,7.18662
9bae73373fa504b7a77f0fe69b98c27dc736fe49bba7456531765bded7b4fea4,2016-02-08 12:01:35,137A6MoS6qxSsb1GrgM53NaMA1eDsRPhom,4.5037
9bf9630a1627ad9940d1217000388f9aa437715456cc02beca469ee3d5b8cbac,2016-02-08 11:50:09,1AoWLj9dQMeugNSRvdX517YJt29xZS8rBe,7.9882
9c3d90f97c3d2dd3834bb9cacfe926e8b8fbcb3de753e746c68a9bc66aa3af6e,2016-02-08 9:02:45,1HYQ691VeCTPjEv3ZaHrqLG7c5hiwfGTw3,205.6637966
9c80cb693c97e19796dcfcc2d0ee26a7419ed0329fde1e4e79a4912662554553,2016-02-08 9:26:04,1JErtKLnQxVoCwENjpPpJ2GMqcQTCGXskG,63.78682016
9c97aa7ad15916aea56f428cec4719e2604d2a9d80bc8c50f3db94f26c368d30,2016-02-08 10:18:03,16ooXMXSpSxEobaG69dmUC2kzutHtTmYMh,26.12774703
9cb6c6a56ec27e303aad262c34e7dfa4a1e0e110b6c494e23cf00353298ca8e4,2016-02-08 10:18:03,1431qUu8tVc8Pezm1PRgbesErxhsHwLyPN,15.87561884
9d044533c83f5f84c351f90261196b6a285ba19bb1502357eec2b01545f916ec,2016-02-08 11:50:09,1A2vwFGhz8F5oyyi7vNmkKHfWrri6tyzUy,7.57871439
9d100f7a2c5b01e6fd9d8cc373a405ad58dab411d03a5c75fe92a60e582b758a,2016-02-08 11:50:09,1KB7SqAuHVBmcB4hmQ7LXYS8sDqAZ9PEWD,8.30004161
9d3d1690a0e952d7d4e63e27a4ac17b8c52934270a060ada9475728e1b47f21e,2016-02-08 10:18:03,17B3XUgcSechjCHgQ1c6ufph1YQohD3Ckj,18.34510749
9dc3aa43986a82f15ac9ed863f2e39a16620493cc8e1426ba7c08441629617bc,2016-02-08 10:18:03,11x4UGW1jb2FiDxCNSovTdtGaMmYHKNQ1,19.9512
9dccb0dd278053218a52e5a6e446f2c3d939539ca48313060b24f67dcba47087,2016-02-08 12:18:35,169AA1RnR6PBiDHkEeFrboZFqRwTBGdkS9,3.99539613
9fd4ca06cb5396ad72409afeabee6d6ddbff3ce854755817cea057509d24f6bc,2016-02-08 9:02:45,1FeM44Hy1orHNx5A2QKsNjuy6PqUKP9ZxD,400.4783845
a04a29607820936cdf851cdf1be5b00a111b206c2f8f5e6bad7423ac4add5ce8,2016-02-08 10:44:46,1Q7PP5s1m513iVzmPLwBeNxZXgxNoMXKmC,11.96138378
a0e9dbf69f84b4352521e8a6a548d3ad949e8a96e0e34c9731eeb8f05c6b5ac9,2016-02-08 9:52:41,1DB4oPzgbZPc7HxEDBbU7n7nPAuzTs4UdR,3.44695123
a181f22fa33a6f18250f8e370a534fb0882679df00239088caff05b5a970c515,2016-02-08 10:18:03,1N485pkiM4QFN2NQEhUS8xCR6ZKGevQkB,17.899
a2ee32f6d328c4ed683f8f3a82204a39726367ae36a8ad9bc25f8c9e397abf74,2016-02-08 12:01:35,1J9MmJRT7V1J2aDrRASeHjQ4ZjdNkFr6nC,4.40575541
a3c427b2d1220ed1af20b43240bc97432fa5ea5e899019cbb353232d5d79d2e4,2016-02-08 12:18:35,1CXZdWtP3NSZ2dGk7DJTjWkGbGYJedRS51,4.28385051
a477577466cc3dc55080dd04ebf11af6dbffe3a0cfb4def91d8f59b6c284e144,2016-02-08 10:44:46,1LvpWVeuaMa7ekfc6o6Rui1fqjvoJ875o8,10.9295497
a4957f0c3b591db239ddb17a1963bd5e6e6822829d13611dc3e1619dbaa3a1f4,2016-02-08 12:01:35,1MP4G9qDpCCkkpx4vLSJtKbPQiC3DSHZKf,4.58558478
a4a9a794ce42955425299ae8d0c001f782b85bbc0de64fff7acd1fcca31216d9,2016-02-08 9:52:41,173LpWL7hKvtEDWw2TXVr22jLWEbY54KxK,27.83427029
a57b9d9d15c7a9cd814616ff249eae8294066f78439a32592833bad5aa01bf17,2016-02-08 9:44:32,1MBGKH4kk1tjfce9wNHsrZPS44mM1CFm4,37.38165527
a5cd19484bd8d8e7812983fdc9f41402691998d543e9fc2fdc140b04144c5132,2016-02-08 9:52:41,1NkjRTHv1aDt7Ge7suuwkN9cYh5bkzpXxk,27.54292406
a5fa4466919cc5ee11d4f4423da8aaf7e59dfd94d19049e3d9fbebea42eaaa67,2016-02-08 11:42:38,1MnNbnPiHGZ3KZh7rKhz9YWk9m4oREhVmf,8.55242147
a61c036fe6a9ffa9092087f1a9ee504337577fa2c46eae2a5f371cd02ee272e4,2016-02-08 11:42:38,18XMZPSVDeeNGntB8MRpg7cqUbTsDjUksq,6.04915206
a69eb224675942ca8d4ab21e594a70a40f0bcc9b04bd5fe512c3f98e6b415709,2016-02-08 9:13:09,124zwQ9ChcbAz4q8Dx6HECWNpQ6QJw5cnq,137.5655865
a6e0b1a31e912baffd9ae9dac73652ee64728bfbb858a862e396ab95ed1c1115,2016-02-08 10:18:03,1F9QGCjeuf4QWQv1RCHSSJxzW2K4Z2cANz,20.5572638
a748b199255b6b291ae7cadd455da6f5a627fd278d7ead34d5d10362cce89ae4,2016-02-08 11:42:38,18wYUh73QMgrBYLbHfqFFT6WMhUFTuwaFC,5.47962934
a75cf446b777a2a636fb79f8dd128e746ebe8a72f0f8c67ec4550b0ff9682cd5,2016-02-08 11:50:09,1CyMXHFxopWEZHH8f2u7ceQVFUzxsAe7Wd,9.14484917
a7dab3c1606b4612571fb4fae9054d4e9855a274a89815843ba8186229b20502,2016-02-08 10:18:03,1JDrUQZVsCq32yDmWHHCPPLRqYYkxPrgB5,26.58129808
a80a8271e90cd1bce6139826fd170f34a94d417fc5d470c088c473ec241ff983,2016-02-08 9:44:32,1AHzdai6Ce9jggzuo1ytetHXHUqhK5CesJ,54.9902
a85264fde6949850baaf2b43290e84fccc5f7490d8657408e7b58ab6f34e2c31,2016-02-08 11:50:09,1F5Y5CgUeA4jYar5UUQWdU9yu7LNrk5uoR,5.06095749
a9161543f71e76e76a89d6632417d8341fad5370c93f131e8c43b72505f9e54c,2016-02-08 11:50:09,1GCupLTbUW8JdFNcae61HhsKPxq3vJQdra,9.2398549
a93d8cad6698aa2f6c8f8ff4424a9d090befaaf002ef7f60fa74f9256b7852ae,2016-02-08 9:02:45,14mNifRxUzLEt8RanX7BPff9NhVoQm5zUv,283.9479944
a958f4536cc9793300b02603d1bfa6564cd3ad5652e04f349b005c9d5451a0c0,2016-02-08 11:50:09,1FhACzjzgmXum13iErP6urXoiVeE6j7udJ,7.4782045
aa9a69a7aa08c67f222d9494a287d54d72601bc373696d7b5d70ccdf74d55254,2016-02-08 9:26:04,1CJ3PDcUC59tXApSLoMJ22b36Az7LMJyEc,65.63545747
ab7870bd7c7d43300177477e4e28ad88bbabf90c2430cdde1290d2881c69fb2e,2016-02-08 9:44:32,15ZbXMTCj1eWZCMMQbgjQmBg8tQeQr1KLF,48.61632181
ac0a699b5ec61fea5d4c1affd4a5abe50359ad76b4daea1fd7ee117b1591f1c2,2016-02-08 11:21:45,19JoLno6hcUvDpgWEficHik9YFvVS53j4j,9.99015996
ac84a60ab1e78c5731f482d138c38fd777a2bba40cd601e87701ec5756b1f8ed,2016-02-08 11:42:38,19NtMzkjVj9mHTX1DSSr9tyAs1TGnW7j7W,7.6344381
acac7d85a4212931f53a3e2e44181a365de194f46703393d45a4b5f0b007e6e4,2016-02-08 10:44:46,1FWcycQK26hcfKSfNwedAtzN7Zao1pv774,14.81682598
acbe26845c724a766bfe16b21b9fa039ed85d3d2a52c60e19cc7cbfaf9d6cf11,2016-02-08 12:01:35,1LuEiKiAeG9C63nYFHeL1qmF4axpNC4UpL,4.39111658
acc48125263f057c61e5a81dd35962a38150f12f8dbce5df1eceb259294b43f8,2016-02-08 11:50:09,1NksRjsi1dnxotxe8yHz4eoR8zZuBQPr8R,8.93720464
acfb91d3a90315b5023ad390d8f351567167272fff227338cf8d03580866e5fe,2016-02-08 10:18:03,14vfuY5dn2KeFs1hgBcTpm8FGKHy3X4FBM,17.7031867
ae3dbe4b8df6eb1eb9dd827b8158c9bd1a04270f39121a3bdd01a14a963fd787,2016-02-08 12:01:35,1FTCqXQXWxrimMdMz7G6TcTLPEbhrSmppR,4.64272825
ae68bd1d8bf63099850fedc59710fcc3804c3011ab87fff4b16dbc3acb739888,2016-02-08 11:42:38,1Aq371pNh23tTPJBHqerViRUo7zNQbeEa9,5.8468222
aee4a587e79ebdaf46b73aec60f323caad1a675fb2e3413d853419e0648a7c83,2016-02-08 11:50:09,1GiGKj5EysyineQ7tZ2ewNgEhVYZ3jQnh2,4.99197807
af77d5a29db546a87b0a7ab2c55811d6c91b139ea6febce0f82750540c812df6,2016-02-08 11:50:09,19iKwBrEaXd5jt5BpUhfZBP8xkRVWniUft,4.9892
b04ceab789b5f09ed344573e19c0b6bab32ea9b3528019e17279ce813764866e,2016-02-08 11:29:26,1Gq7xjhA4YnAaosoyzZsEFX2V3bSCW8ShC,6.15940729
b0a70875e84323f02a9e81890960901165ba6a132f8c21bab4921787e30f30f4,2016-02-08 10:44:46,19aHQ43xMBsnVgx5ud8E7gBEwfvd6GN2UX,11.62306044
b0cdf015b4f94e571a32d26ef5e29f71a35a0e3b97ca35ed712be07f2d30e543,2016-02-08 9:52:41,1983Y9wyRf36jAQnnkvDEASzbJmGMcjsjE,30.9902
b0f15fb0ab7a868b9d00578034b1ebaf8a892797033350de9a8dc209b652bd65,2016-02-08 12:01:35,13bHasKchp1zjmHPowr3WQwJDqyFQKmfam,4.95786343
b10013978f00824882133321434f1759256a956249b59ae7f9e36d3da26895f9,2016-02-08 11:50:09,13jx8VxbyGPVFHw8349U16NucR2wCV2Z6p,8.73438038
b18e8be158020602b1f43ee642cea9894138f0ccf2140991e9969d23e86a0400,2016-02-08 10:18:03,17WMZkQMVmKfSeCQ1yHw6dpn7jkEAfwdRP,17.84503507
b1cb673b5fced4f051ac02034d764f633a86a0e572f82d1326462e68a05c39e3,2016-02-08 11:29:26,1FFBT3F4MrrvgjjFax2EC9xMbex5sUVpGt,6.61219249
b24806f112f5d0123e015c25bab0735e94d27021d58b15c8177531729c314996,2016-02-08 9:13:09,1DgXmq1hkmwi2FatP49SkJ6M1iaGTrdDMH,114.27146
b31c2f719f90e293e59b86719bf6275b2cbd76d52a796abe059d8037f359fc8b,2016-02-08 9:44:32,18fRXxkQTPzKkPXdG8xfMZT6CXa3igo7yV,43.46544709
b32ab679cd83b13a54c982c180cf2ced5d5aabfb9cb3a9510f6869643c9aa156,2016-02-08 11:50:09,15TdxWhKQv93DQ6XGzuV8PuPyqguQCfdS2,10.03696314
b348290616f429f881e2d3d4e780c4078d38b641953de2f86fc8ad274e1607cf,2016-02-08 12:01:35,1BgjGbtDxsu9G2egPTH2Yityfq1eNF4MB8,4.5787046
b3b58ba41cc38fa186cd492016f6f6a581d4e2bf724f3c0e1915ee778d169981,2016-02-08 9:45:50,1NY5KhZ4wjKUgdwf2Ht25r68rC1SiXX7Fr,31.24109278
b3d7794220ecb03f1cc48cf0866aaef18b365f46b29908a76569b4d70d7489e0,2016-02-08 9:26:04,14mRxppcYo9iHeLU5dqyjD7HNsFW1usLEz,74.92413
b427206aa6bbe0cca57d823cb4f80c044966c6e48222c5ade4303c8e3eeafa8a,2016-02-08 12:01:35,12naiaUEEUxxTqNHiWQzEGw6rZw2jxEwM2,4.55827489
b49d09b52b70771f9ee0333a831a95da22fd242131b6e07e15c3a5396195256c,2016-02-08 11:29:26,1EdQvBVXd6EZvwK8mrQbh7FYMZJ2a2WEk6,6.49427024
b55c0277cb939dd3031a7e15dde3e82c726f733623f6739befc0cfe5d8904b36,2016-02-08 11:50:09,1KoZgri5t4CQRajexZrm2ynuPZt3TK7Fpa,5.1272054
b60ca7362a3dc744051c87fa9019148898c5529631408911cfd1f66e62771e8d,2016-02-08 11:02:46,1P1wqZaHTR7up2CUd4ZUqRhW4DUoJFBzs7,8.94623656
b663c8a47c77abbcf4d6187cf6d0724693e8ce25a618cef133bd453a6a4eb518,2016-02-08 11:50:09,17pV4fTDoVdWyA3bzAZQNXDfbzDqdZuD3p,6.9983819
b6a9c6978ed60ba19b91a93a212183276fd46c14d6b5477a40684450c7d7849a,2016-02-08 11:21:45,1HRSiZvhy7Bzfsd3ogvKtXZ28wJuFPtyWr,7.2902
b6d3ef2770e972d212916d32f41c146399d48209ae41aac433b58d4bd58a826e,2016-02-08 11:50:09,14fPiYhEKFWQ1pnt3Ds7sfhHxMFUPd8FXu,8.45709981
b6fe95008bc73dda822e5c4be64c1bab523e73d13b3b2187f6c094cb91c0e6df,2016-02-08 9:26:04,1PnJJeZYAbbNtujq4zwze7nzpxVwMnjeQe,85.9882
b770825f9fa31002a6eecae6485d248eafbae0278244c730ec901de9875a39cd,2016-02-08 11:21:45,1ABKrFNVvyKYwRgNuZkYwDgRTUmq3giqtD,7.185274
b7b612067c7d29861f4e9d70b8b5477191e159a8e2d7faef03c60f66ab330361,2016-02-08 11:50:09,1KwSX5XuqsAn7Snr5w4UStEvAi2ctLp22w,5.0143
b7f60f2d34ba346ca3c19552f711296091a8e4a1c9f79d71888ec0d403237d99,2016-02-08 10:44:46,1PsoEz4vL7iUVS98rdjV4s5zhcVn3Nbccc,13.6165966
b7fae5ffe17eaf1b7385b5157439e1776c094cf493e8f077f20411def21e5f2d,2016-02-08 11:50:09,1D69dhjEdrGALETjdDRfpJUg7zYXiR79fn,7.36637952
b87e7056d494e7df1af9af5deed5dac63dd7dd448d6547d55d4476935e075413,2016-02-08 11:42:38,1HmZyLVmkxK2Sjrg8BUY8v4RXYBUt9u5GV,5.75799659
b966fc9f85d90ee7e50734928552fa34e923e6f8556fc2fdad0462b7fc7b61a0,2016-02-08 11:29:26,1NEmGjjzvQxMzhYMRaBVQc1YndKupy9qan,6.29651273
b9dad8ee7da5a73eeadc47e79deb5616a6a61027f733b9bb16ceb19235afcfb3,2016-02-08 12:01:35,1Hg1UQa4YPfjg2fJfRFPJaga4oQDPbp2Aa,4.87104
ba69702b2290059dec466221350d5c06fb08d7ceb13b822c00f95228672899c1,2016-02-08 11:50:09,1DzA9PMpu5tHNa3AnuNdhiTd897wjbQM6E,9.9964389
ba77f5a2b0ae540b5b27a9c2926aa13400791f9c6f16fcd33807b16cbc767c3d,2016-02-08 9:02:45,1yRabUyQuAnq9GRj5zXpM48UZVsdpvrKz,600.6122009
ba7a4d7b70fe86f4f2fdfa3ffeedde35226e0b9571e95602757e061815b20a3b,2016-02-08 10:18:03,1J3qVN87DrYdMCnqj9vEUHvYQpETqJtrnp,22.4938384
baa0befd518f5288675cf6e6625117c24648e1309d253ea034a4bf95ea3926e5,2016-02-08 9:13:09,162d4Gx1z8hEsrzJc5Y93GUBLksxbZ1by6,105.6893066
bb9bd67ec29568846fef62ba3d269c258c88a08702efc9e048c8b2961c0b806b,2016-02-08 9:02:45,12GHt9GndaGZ4QKHvbGZ4JqJnyAon2W5jc,609.9349
bbadd39d11d960038beabd86d7a66b5c85df43a1c289ed3c2cc514942f8db260,2016-02-08 11:21:45,18XjZPVUA4LVr7tJgFQcDVSKchYX8dZ9ZJ,9.8458055
bbd70fa1b5a3398bdf97776ff167844779e9f2b3db144d78f94bc0226f043102,2016-02-08 10:18:03,14w17yMJBCU9Vg4S69pgJqeLbJJfXsGSDB,17.06603432
bbf2e5da0a4324a6a5e435e0fc24e9f6d9973f9481bc0d13cda45fddabcfb751,2016-02-08 10:44:46,1CYoQd8LxS6B5vciSBG2DxfLxvgQ98uyE2,11.13753036
bbf399a12ee5a1d186e66434172157923c69b8887eb26b3f9793c763ee76b053,2016-02-08 11:21:45,12w8rjLPSX4EjDDmWQE68jEK5RaNbKaJEg,9.2902
bc87c58c0e44dd2362b72354a00213ec5988e249a2e1d7f61d34c60510389e9e,2016-02-08 11:50:09,1MmG2DDxtqLVVc2qDTYicvWu4Ed3PGzmRd,9.997823
bcac45624ee005d924e4b352e9e9c36351885b61d3a68f548cb8fcccab1e807e,2016-02-08 10:44:46,1FctMJoTvqWWKW8kJJnRjRXN3uiQQetnJk,12.36127827
bd4ce6e6669f75bef9cb94a6f48376b5b144e9c002ac3436d8733b63db2d54b6,2016-02-08 11:21:45,18Kq99biMCethFtUUjS81JdiP7YerccsvS,7.46324582
bdda5f91429f43315f7dacaf45346d9cf915ae900ea40a04d202363ccdab7683,2016-02-08 11:21:45,1Jq2V3vvNhATiMJn9QcKEpzSyFPvBWoKWn,8.8164649
be16094084a81be9ca46e35e4524711f434fa38b1e571db7e09ee34afc31dd2a,2016-02-08 8:54:54,1AhHm4stMi9nVMp3LoeQtnZxg4ZLhtJWqt,914.9902
be5e3c1fb3364a6a3242f9dc72f4301f2864f18a7d0e41683ee62bbf5a7618d8,2016-02-08 12:18:35,1NfDDzQ7QttznSt6E1N5Jm9UyQfG7HL7Ln,4.00521381
be9f3d339fbad1c62556d6e1726b6a1919d1798ea957b1285be4fcd16f2f18e4,2016-02-08 9:26:04,1ExyYr1QQ4aanLkjz7msb6Uvhp6GCU7oYv,63.24951856
bf83dd9fcdd4ef063e20532ed25d69957c339af6aade2840bcbf5f34a23deb18,2016-02-08 9:52:41,1GHLjvC1W71dX7jjrvUkVhYnGrKss3VdjM,28.9912
bfa1e5e463673f461469e322cfed5ab77fbda9ebc8e69dfbdbe4db745e8ad507,2016-02-08 9:44:32,1BLfF4XXSUM4215ibCBm1d7w29soDZEqA1,43.254351
bfaf78cb57b9bcbfc3f60eafd08a10ac82bb23caf2bd3c509d550e7da031f38b,2016-02-08 10:18:03,1B6aVXcd5vNMwk5ghRGKgWRN2xjCq8cC8a,22.8848325
bfc6bfc15279eebd5cbc2e9690244e2544cab6e28370c101d572b061c2682077,2016-02-08 9:44:32,1DUAUpSSZMFwXjke5gEZfJexH3Py841Rx4,35.15444777
c0441b134a4a690109f500ca48373fe1b9f46978524ebb3e62367faa09bd241f,2016-02-08 11:42:38,19ZHapuacHX97ZqeKYQTwW5tfLLk67FHfL,5.96006314
c1573898632b27ec4dae149285607abf1019fa7fa603ce4f9fa47b519be941d7,2016-02-08 10:44:46,1Nr7WYX6uayypC2ia6izb85VMF7hUFLepq,11.8440609
c17ffdb46ccf837e515f2229b63bdb4d6c5378c41960281ba49e8564b494f542,2016-02-08 11:42:38,1Ji8byrUx9wdJy23A9nGwAGny3uCbwrRFx,5.4723124
c193523f6afb5616fba4bba7d902ea3fbad6163f3723c993a3b0a65b9dce5ecb,2016-02-08 10:18:03,1K3XwZHpNhx94GhdB5NZ3KYQTnQxzDtguP,17.43438621
c216a3028a4e779b6aa9df34c019656e12db506ef9d417e234c19a373a32c65e,2016-02-08 9:13:09,1F9iQ6un6fgHvWPbX8dNR8LyXusrbwuGfC,139.9902
c2dd38cdd715ca4552dadf06dad5ec106e830002f7ced85176c210d2a2c1c01e,2016-02-08 9:44:32,1BQ2Nygi4fC35hE5V6xrVd3vh1hXsXyQo2,48.22834643
c2df2f257b217d6c84678163795e446c4344b913e4d423838017c8cf49cc44da,2016-02-08 9:02:45,1Q4cJX6EWFV9DiknTbPbCArVhw1QvAumuC,396.9946197
c3226dd63c05f725161e8c5a40873e8b17fb7303dc06c127e13797c0636c8d4a,2016-02-08 11:50:09,1NdDARTk5QAhvLNWF24P22aaHq6henPbAk,7.1081
c37fdca3601ae4fa53d10460fded42592b6789a4a1be3afb707096aa998a1a0f,2016-02-08 11:50:09,1FcZrrAcwj3cUFxX4cKpKxaD1oik36iShr,6.87449184
c3e0db4760f5897958aabecd33d53041699dd526916415864f00b7c53b328b7f,2016-02-08 10:32:20,18mgrQcDtCoD4zK6iG1XUH71HJtDaFQBLu,13.24712172
c3f687b45bb838aa37f3d154f9c54a763a72abdcf46c263578da0fb1cff9399f,2016-02-08 11:50:09,1GGAdxAmL16VAsoox7F4yJ6HWdu9zPALjD,9.98000806
c46198a5f9bbc8d22b0ea6e6a00c666d1810cf436f28175be3827a342a48f519,2016-02-08 9:13:09,1GpQtSZuH7FWjucDfswDiKPER1risXhtDm,116.7352
c48f4e5e33bca33099781cd3c008334c5de9da0f70d8c3c7882bb95ea78d8b10,2016-02-08 12:18:35,1HCavJtzjeywHFtTBUTmPRtmy77ijpLzLJ,4.29295875
c4d3c884e10f17bc943156e0db5a12cd0d6a43d8a3beabfa677ee3561439a18e,2016-02-08 9:26:04,13YMUYzrJHfGmHfcKPkfyXeFro1aNPBYZU,65.00761096
c4da2bd6f2365e37d9f2623ea286e837b6dd9e1ade20728f9a0b9100db93cdfe,2016-02-08 12:01:35,1KnmcaS4LgvuVGqXctS4NmH4a8Y3WidFXK,4.443276
c54364577ed74bbcb9548ad3c9ba12d749117b420dc3693bbec9875c249bb027,2016-02-08 11:50:09,1NK3tejTHHDWcPsABLEH6QxhjQY1jHVywQ,7.7292142
c5bbcbed9a4b0af7cfd15b080b76ce5c2b4f324d4ea19c5a2359f82f0dad9ca9,2016-02-08 11:42:38,1NJGm8VCVXAp4UapQ6SX9eTcXvFMLG5qX4,5.72252989
c6b08549ba0b8393fb001ffb11347d77889ab3bcc8e642f5b9376d1ebbb7c510,2016-02-08 9:44:32,15HjZPW8d2ByesZkLBuG2xNm7RDD1KC6Ux,38.19084432
c6cc0c198f3dfa5d0ff8ee341ceb7b13717185bf2f6bf18caf599947e26e7b00,2016-02-08 9:02:45,1DUyQJD4WQorLND5AgrWfeWyaXexMjpiev,413.0351269
c6e6d72038d77fbe5e2c6abb46848f67db206a0a4c1e57699e028f87e8a38e50,2016-02-08 9:52:41,14mbunDNQKs3LCudX6jqizRw7V6ShmETvP,27.16582459
c7ae4f39d424fed5f730bf1c87df894a0a083e76ffd40d552992365cea97115c,2016-02-08 11:42:38,1yqLrUme2qreEA75sr8NijGu1obRScXK2,5.72880015
c7d8e05ab0acc664c05ca19f5febda003c5160a62833b6d6a2bcd485655d6d71,2016-02-08 9:44:32,163ASx5LTbYrEs3jSQj6S3GTjeZd5oVib2,54.73182513
c82ba57fb54c3a097ed0b05efb6b5f209e6e56a7665d2e9f01e67f1b69c1e955,2016-02-08 9:26:04,1Ds8JEotJZEJHhTQhMJbmKbVyrxYfxc3x8,63.24974392
c94ce25a6f2543f7f3da2e25a6d2ed4950b42aaf6fcd5ada6e273d116f8bfe32,2016-02-08 12:01:35,1DFe1uK76K6PgicwL76AimLohhPRkUJKpj,4.70680886
c973082a977b5300cb2e9f623554e35a862624e25b213cf32890bfe685419189,2016-02-08 11:50:09,15NunGfgqh7rsiDzvHa8rt4XrybViprWGy,9.95867539
c975e7d7006ddff5d25396ecd8e3bc1ee49f136f7531b569311ba38777aa9766,2016-02-08 9:02:45,19ko46Bsay9mgXKK3YLFVXhNVZ8zfs7fGU,390.930716
c9abc6a866160827c64aeae1fcdf0f98e397b11d0eaf4b918d243b21b16d22e6,2016-02-08 11:42:38,1GLwjEHZ56EEgZ8jjvQoQftEG6xSZT7nPK,5.5500349
c9cf12a54583ad516ddefb393fb974d42a29795dda6dea7c9fbceffc403d4f30,2016-02-08 10:18:03,17g61e3WHZ8K5FKShZeKqN2v6dbmk7DsPt,16.76347123
ca75d53d9ae2d687fec9e3cdd623ebcdf7262aa7de8aa573c2624c4ae993935c,2016-02-08 11:29:26,1FrLR6ZbgzeJ1dUPGZGo2jdS9ifgF5rWgY,6.2467372
cade8237a138e6191d3477e20912e2c07d8bbda14d342139f0fbaac009a6c2b7,2016-02-08 11:50:09,1BmRUZ1NNsxNC1xeYeMTze5A9SA9QGUhAr,7.48352328
cb4b1b56b337e5aff752590fd36f79f3bbf4e849a889badcb54c57852491f2ee,2016-02-08 11:50:09,1J5MsCwT5YKoHAuqHVWb14VE1t1xHTnDoD,4.98974708
cbedf5ca539aee011813dc3e6b9b22a6e64d2118dffdd84063c5811e011f033e,2016-02-08 11:29:26,13jAHbsyFhUQEc6t7pYN2wU7gjpn9Zf8NL,6.4202
cbeea457e8b4ede3d79b5be9e6095526bf5f9f8305ebc884ca083dc91e589735,2016-02-08 10:18:03,1PXJDhrUVwmNgBXq5Z2QyCME1c3TpSfCNV,17.18244021
cc67222388cad40265bcaaceb9f961d45e0eb74df6e05de80889ec938a909e07,2016-02-08 11:50:09,1KwXdmu5wJpZmtfzTrQoazM58Xqby6oUoW,10.22918957
cc8ec553e9a4ed64fb060f6ac8a2f2407a56b8281f37fca235768adc6996baf1,2016-02-08 10:32:20,1JKWN3z1fdLjQrxkU2bGv4eaCDDBJJJLTM,13.93170967
cd0e55e50760bdc87a6073a0f1e96701119243fe01ce06482fe258b2864a4fbc,2016-02-08 10:18:03,14t94n7UGQVvHmfSuNxfM4N8esLNKp4833,21.81182129
cd64962592ffa8da6d8c7fb9a3130b3ee0a1cc22c69c14841c592d9ad8aba35c,2016-02-08 10:44:46,1NykPS6vD8NLAxNvbtNYKSkCqj8NPeNW2v,10.98294136
cd73e12280996561689bfea0e29adc7031ad16c0478483ac5db8993ead4a8635,2016-02-08 11:29:26,14BETbWVHL6WeubuWJ5A5oy4SFXNL11Gxq,7.52845694
cdb0da1ec7fe8d2464c77e95794ab8d59af1a38e88f820841067f237acdf0d3c,2016-02-08 9:26:04,15noWgDgaeaQoZV4wj2nfcVGfcjeDTX4Ym,57.36064259
cdcbbf1107e5229590825091bfc900f6c484f8a4481b2c6294479c2645b8db6f,2016-02-08 10:18:03,12ss1ygVcFC2b7567zMtHDfK44WfXhyEVe,25.20486106
ce138c64cfc62ee222f6ef8bafa712ef45aa13b5f935f86c6f21903c3fabc022,2016-02-08 11:21:45,1AdPSbRHiEoeTtkGsaDeih85fA2H3sMxMD,7.32608012
ce80c50225e9c29046825f752f370b9e6d7b2dd7695ce7ba5a9ed646120bf794,2016-02-08 11:50:09,1KB4BqHsr1CTspiDQEW7LZdtcdPTHApvAM,6.9059835
ce831fca875134bb628ea3ec3fb424444a2d6fe9c6f83241a547cd06dfcc779c,2016-02-08 9:44:32,13dW6if1Lc2ywG9qfmVXuTBWYz4FLSLdQX,54.64557317
ce8493aa81bb00a23c2168a123722d77ef526a634b73ee36eba6716f4b4c2a16,2016-02-08 11:50:09,15kZfLG1ATnMa6oHZ9sdo4sZcfE4bhZHjC,5.04716536
cecc641b679bdf39a60f636651fa5de80e51c20f3dfa8c69784c63b54e75e32f,2016-02-08 10:32:20,16BPYQF3kAQVC3jujUxRLcoHDvNSbydmPq,12.76397474
cfa34753c524a20694bbbf3daac3eb0b6e0a45642097d5100950e90b2995bd08,2016-02-08 10:32:20,1M1ocgRdkhCq7Dnhh1wXemNnQdtkrepU7s,13.56878329
cfa99ec2583e9ffd04a9a9a29735c4bf9905d777df8c0de8f9d96852c4a35744,2016-02-08 11:50:09,15SREQ4bVdN8e5srfg89LZrdwA5DAGAjbr,7.53699149
d069f05f8f44140a6d0c21718cb55ec0c73a5ae570858dcfdc6c4fd84899b93b,2016-02-08 9:44:32,16iHvDAAXGnE3LcQxpXALdHpEtWAycZjZc,33.83262179
d0ce31186a6713b164deeb42560dcbc5c5e5f4e34faae88ebdacc2e269e787a0,2016-02-08 11:50:09,1E3WSrmWsEQmNQEwN7bmuhD6WpQR6QS2S1,10.66042641
d0d2e6ac10501cf876cf833f064822db575887e9a39bfa20f438e281f52c44e9,2016-02-08 9:44:32,1PLUcWk663QQgZLUQKuf9XRnLAUWuXT9EM,35.01648554
d15d2a0b21ca5abc69705bd4b280b06848becea0ac0af57686ae55aef01bb851,2016-02-08 12:01:35,17tNyb5j1M4i2x4DFruHDJDr873Lsf5Hve,4.41485467
d1d2fa095d81b71efe5bd9b6cc68e5e8ef05ea1026c1fe4e431a6db91b0d07c3,2016-02-08 10:32:20,15chSiqnhTVCKvz5Qq7Yssohj1zYBboAnt,12.71730185
d2f8513b79c252088ec685f82195c222351108e3dc6b95cbd2e31548b49cc13d,2016-02-08 12:01:35,1P5UgiUdXEXmp6mvkT3EhbLZVWA6ywqBpu,4.95650407
d34c897a44b597368278c0a1c02547aad8b3e36431bebc83d89b5378c10741a9,2016-02-08 9:02:45,16js43ZDygUY8FjNcj9mvKh8uGuXzFiVbH,1264.365515
d39a909e1a9c8585701f0617b859af14463c1f2c812408cf43671e799ee634ae,2016-02-08 11:50:09,1ECbXikNNtJbh6WNEkEa1atejkXkhx7wJk,9.84849367
d4020e01402f268720f39d236dfd515f1023adc0405a16cddd38cbf3929f37db,2016-02-08 10:44:46,16sQP7GELqw4PaAiVBno22xMCg1zBQmotN,11.59341797
d53c08dae86b36bb61aa1c4203280f2f965c05718bc1fe0ae15e97c8b6b9d66b,2016-02-08 11:42:38,1Q3nSxMGpFsuQhK9SS5Ad33JmYMtgMDTHW,5.87100636
d588a0535f44913176342f1c1ac70e256c27d9e779d173928083a309b01b929d,2016-02-08 9:44:32,13AShHHGJ1ui2NE3C8EZSBU3qcWtJHFmmB,35.35823168
d5c19a815389a4308f1eb4f4a9462e5b762b9f21e6695afb5b7b806d3469ef43,2016-02-08 11:50:09,1JEHDJVjWJ6mbde3x7SxAXnMxPJvQSB8Ve,7.44837921
d5d560f0cad575e5357860ad95d0b3b56ff8af20cd0c24a5faf62597495f0e1a,2016-02-08 11:50:09,1DJw3tYVu7ba8rBLY3kEKCdu435BLwqFZT,9.89733711
d616d96ebda4a32ba8b77f21391877a8f9514040245afaca3ebc222899d16d8c,2016-02-08 10:32:20,1EmA6JY91piiaeqtLhoxAQyCQkHkF9p3bs,14.19988177
d6e5ae61ae48e07064b215a86c650e64e8b81893dcf99cf593e2d7c03cc2188a,2016-02-08 11:42:38,1AR1UF2hNBqY1teHyVwhbW2QN2zp2MmoYp,5.74897428
d788d0a15bf9b4e1200607fc99328dc013735b54fb3c4f5b0d6d5473eb61deef,2016-02-08 9:02:45,1BprR3VRh8AsJVXFR8uNzzZJnyMhF1gyQE,271.2277958
d7b7da328a1ee4236e15531adb3ba3eb4823881448bfb8e61aad3abf2497f851,2016-02-08 11:42:38,13u47aoPMJbPTTrqLEyTYXPW1hdoJ1SSxK,6.00362092
d7d8140b698bd65b676a8fefef2eade6efa0b86995125355e132bc984fdeb591,2016-02-08 11:50:09,1CGVWT7a8ByXV9NgFLRqzkrNTbErfh9fbQ,9.94228247
d897f06fc5ad8cb99ffe5bbeda31de86191347f71a652474410c40b2bd1dbcbe,2016-02-08 11:50:09,1ByRT4MXh4u1VdNPrcwELbi7JxMeXsy9jd,5.02480683
d8be6c37c0a36f543e4b339ffb636c0b53acc179a0cf722d39171f9707a33eac,2016-02-08 12:18:35,17NNUM6F1SBDuyT7QWQ95UPExSiw1Bu176,4.2928
d92683d655041004a52afc45e074ccf696d81d3215c8178c413b0d5f98d12ce6,2016-02-08 10:32:20,1Br3pZbXvCPuBzZxFpGZU37Lh7Bbne2Rkv,12.81986986
d92c97cf8589eca2a82006b5c1d9ca077d7424efcac4c51748c529e5d8966366,2016-02-08 11:29:26,161w8Hy54KBMW56ssSBna4KYuot1APAGzD,6.56742461
d932b39d230e4b579eb6db83bdd8b95d6a4af10651276632c53b3d9f66cabd22,2016-02-08 11:29:26,1EPY7NDgkcRarSdekGbGiKyrfM1XoXvG3s,6.15412299
da84fedf2c1242a3c058c08919ac039bb2472fe6dcd700cbc085a214f5708b65,2016-02-08 10:44:46,16RkaX4GpNgmJZtnFUaWZEyr55NZLc32Kw,12.47430283
da86d0c63b7a9f3f3d602738248ad778d7e57726e55b4f66ef543bb019213953,2016-02-08 12:01:35,16etdj8TEq8ULNmHuEbTRCn6nUzpLBmJ72,4.33190093
dbc79695465419311b40e1b235d35238fc12be1bc3d1d0f675270aab69c5c477,2016-02-08 10:32:20,1P6xmYRZrTRbkrTxs4Kpmekh1Jt4kToVW6,14.993928
dbe21131b7b7a04062b1c79591a2b19d4319e4d4f2d1a44b0156ee90b3cb4006,2016-02-08 9:44:32,15AsEBHZ1bBnpEsP1J1Nprsioxwfcjc74j,55.16602244
dc1a432a891a34061fe9ebec12b3aad34cb3b1d49916812c6c0408d4d5d6d2a5,2016-02-08 9:44:32,1BMhb48Vta5gcnSi6mPuZPykaoXyyEc5XE,39.36278008
dc1db1e06f109cf7df17380b71a450accfa90e4e2cfd91a1546bd7a8d76b4750,2016-02-08 11:50:09,138dHvqcCVY5CKrnrRAHACxNqvkJFQ8DPf,8.8902
dc1ddb36090b7c26b4c10e54fde24e1d79199dc2e8c1defb473aca32a47c0e97,2016-02-08 11:50:09,17VfpvbvguUehGJNWY2RV5bUjdL4ziGLbu,8.2202
dc69ab51ec99a54af1ec30340ff71b13960ae4b519786833265f7b0822846086,2016-02-08 10:18:03,13aV6FYrothrj2xDhex85sTYqKahmsNW16,18.71612
dcb7fbbce9d1ae5a96ec20c19628764ae97891eb337cf5f104dc3185f80037b5,2016-02-08 12:01:35,19WyjFkW7Dr5MEStCZvjKKuZpDKn5uvKA6,4.85607283
dcdf528604896aa33c04a97a5d64c0bc5741f882cae270489a48bbfd046e142e,2016-02-08 9:45:50,1GxFrphNNo3poHG3WZrxCqx23PWPjbZpHb,31.77859614
dd25c544b6ca616475d835c0419156240cafdcfb534454b76cec6bba11f0f178,2016-02-08 10:18:03,1CfdyqqYiVPbVHe4hTfsx3XTRPAs2YrTLN,23.2681869
dd572874ac051f9671457a10fb050c19009bef134826e31b49f87dbd968b7d4a,2016-02-08 9:44:32,166Y2R1iskJaNzunJaDrTEkXnGGZyNw3mX,35.01999998
dd963f793e69729ce849a3f9e124876e2c382060740dfbe7172f9c3297da3829,2016-02-08 9:26:04,18geEaR3hruSrCVdH1pTjByacVL8m86H9H,79.9702
de32f1ffa81ee2b3ddf9563b08178b988ab83fade60cfcafdd70845244527631,2016-02-08 11:50:09,1EmS7zp6azdAs6G1E8yuCTqUBG91JSsQtb,7.47612346
de52748304d6405b4699f84c4504b24d082959dfd381906fc2717a2d25696d94,2016-02-08 11:29:26,16pVHS2WidfrYsJbAb83QEhTsUWRLE8aXk,8.25429961
deb02259ac189e345a5ead04fca2afa4e3114acf1c20b18743fc920e49ae211c,2016-02-08 9:45:50,1PQkLC17AYDQsJqXvHRoGmXeqz6NNV5oGH,31.66676
decced864847391d3432dc84d5790646a2a0438cb1fbb4926ba020488c14e435,2016-02-08 9:44:32,1HEW8U4vnrsfDjgvBZtwtW89v4CLZ3rTrh,49.99090867
df63699aa6a79585a2cbb48dc2610e76234bf0fee030f20416b7230625a0c63d,2016-02-08 9:26:04,18UZMVTvw6e9SCj9umQqCdHCgEfwETs8nC,96.77593674
dfa7ca56296d5c13fe6ab594f9d6679f13a36d798df2ecc1c75177ce0332cf9a,2016-02-08 11:42:38,1QAH3oT1DLnPsWQd8DV1AHPf6knnnFJFoU,5.45481564
e008f4b936f5d4b153ec02749da0fb2478225eba9c6f160a64888371515b8077,2016-02-08 11:50:09,1Edz3oK7hzPM47ddZ9DSqd1G9p5Xzm9hsy,8.394585
e012d9f276f9caebda8d2a116ce43fc4a85092d41f4e27200ed851e66f07a278,2016-02-08 9:26:04,1MPBbbBrAti9kQYwYmbw9495dAXffmKKtU,86.79875096
e03d5b83ff711a75bd601e2f403a9a6e9dd878e6a77a6b589a9dc7a66251bee6,2016-02-08 9:26:04,1PKEyCWWeZr93njpM8uwxxitT1PLQ5reHp,59.03130044
e0440408a3013440ff31f0884e079b49a164a88f6a30b0795de1ea86e0ef4fe0,2016-02-08 10:18:03,125X7znmAGv1fgL6uWGCWNyrmc5kzf1BxX,15.9192
e06fdd56aca08dd783482b805c5f25c9ea6e38ebd677fd7fe739ac3c87acf993,2016-02-08 11:50:09,175vwGMrwz61mWj6wVtjs6K2U2JWoxHDtv,5.00252075
e13acb44a8062fe4cd63ede4ff76aacc28491dccc2c65c154adff44fa3f01b57,2016-02-08 10:18:03,12B4wcZkNkgcwQtD7KyFfv8DGec7Uc5udA,23.15450912
e212c33d28cc4ffbf4658da162f0dbb714a8f23a94607e69e708cf8d8a765845,2016-02-08 11:29:26,1AbqMDS59Byx5aA87ReFj812mHsYSL4ogq,6.38785311
e241baf6cb96cf0eb7b5eb9e60388c98f8c504fd0a175e1bc3adbe2018efc1d1,2016-02-08 10:18:03,1BsBpBF5A4qZKCnsTgjy8cB9tCdwS6jL9u,24.44658265
e24feafbfc0b89fbfae759386eb89d6210baa78ac0bf997bb6d6ae4a45f79c5d,2016-02-08 10:18:03,13YAWYhMPoG5WjRonQxBrWGhVjQa2Ynsgg,19.1492
e2f73b9a04fdc4e1040d842b6ddbbb6361f0dc6befa2519a579421d14de39906,2016-02-08 9:52:41,1EkLookXSxmwpG4kQVnon9BtDHikgnvLEr,29.8248074
e36abd8461bbc97e6f8e667fa9d544bed0b69b7d9f92a032da5d2e15b3d21799,2016-02-08 11:50:09,1DbtULVZRCRnYXCQo4uV1FefvyDLEHj1ns,8.96726531
e38b3b9975304a79d082125fec29f465b4eb8b9062768cefd71536be789a8d7d,2016-02-08 10:32:20,1DHQEfpajZSuCWtTHzJpMuwuJ43eWw2oQ3,13.75543794
e38f173c0a4bb3aa72d87ccbb2185610e5b918cfd7a12b45671206aa443d368e,2016-02-08 10:32:20,1F6W77RUq2YyekysvEBL8oSSPYS5tkyjX8,14.84978109
e3beb43eb3a75b5a000564c737234b02176eeda1bbcee603ad546e3ed6ae0bcd,2016-02-08 10:18:03,18cQes4yitJYJ6pvR5cai6GSgDfJ8KtB3b,20.14467819
e3c6cabbe584ac822472f9cc4c81c36b11ae4f7988a015b71d3977bc28493ef4,2016-02-08 9:13:09,1MCf29GZSvGTXLAvxLoyWUBozbXEhfHhYw,139.0458554
e4425fd3cdc85a7e315a3ecae99e623e723e8625b774f216c8494c814040fe51,2016-02-08 11:29:26,1DC6phWCyQTSuYhHtvypThF8DhoxsGt7xV,7.01957271
e4a9147b62938119ec850dd465a882ddf378f23e94eed748d0e7e1bc4d580dac,2016-02-08 9:02:45,1PBXXzT3ajm75McVdZHaNn8iUhbtp9q7Fs,240.3507255
e4cffd1fa4154ba584ebc6f339281515680358334988ef33679c5610b4d4a04a,2016-02-08 9:44:32,1AFCe4XT5UGtgw8AkP7vQoQenyNL9Q2sr7,50.72293757
e4df4ef459548a4eaddb72d124ae9798b9cd1dc2e4a231ebd084b272bb93e5fa,2016-02-08 11:42:38,11Sgp7HGBNkcM6PCxPkFgKoUnLAmtQX7K,5.34366627
e50a18edbe6edad5aa3700ca95bb27e7cdd2ac8c5c27fcc9ab8b121f0fb5a0a6,2016-02-08 9:13:09,16Wb7732ZAnkLkhfRWjofMku7VrG2vnzsM,99.99026
e5e7c897dd77d3710dd88ff83943d711ac12e935d9ff0d5e903cf77f6cd1591d,2016-02-08 11:42:38,14PM8689JzFgSyJFx1M6UEsHi6Dae1BZvz,6.0202
e6a9df58b316fda3e27bb7027d1f41d6c3148aa384d78c6b8679e8eb73e0dd42,2016-02-08 11:29:26,1QFUE7tXR9pENe5f3mWnNv7UpDjFgsPmXB,6.51794318
e6aea4f3900c26857e06440e0baaadb2284b2b80672742e8978c5d1982c40808,2016-02-08 11:29:26,1KQAt6U6YGWwuYPvAmS9nWecurvX1DuJsu,6.60077993
e6bffa4c714f29cd2b72b9479ac106b812e21b12341bbd9a476058dd66f1fc8f,2016-02-08 11:50:09,1EnAemFTGTBzXvuCEB4FKc7wn88J2pXnKP,6.81934887
e6c0bc07b34337008cbaf8b69417cd777ab4ce35698b4171ba3ce006aa510e74,2016-02-08 10:44:46,1HuPYqjtRrLTpKRiwRqMpphgR6rHiFxxEW,11.4902
e6dbf5194e9860ee6a816717395aa511982bb45da0af78db0a835c2f4cc3396f,2016-02-08 9:26:04,16terWynSHmKKswetc8kzCdw3dCNrZm2EY,97.66073257
e6f21367bcf2b1dd7ff1888fe0d62bd264bfb746dc6f22ba08d770e7daf7140f,2016-02-08 11:42:38,1KJGC95GzEzseUCHh9FGt1SunQaFLKvfty,5.96362955
e741c7093aa06222cc9e8fc83490f78c94b4485f4f795042d52c0f7982c6a5d7,2016-02-08 10:18:03,1HWuVdBrf1iK55aTkYGLaX3om5Bw3cqAMP,18.91639836
e796bdc3f46086672bda21b95dfb96bb5eb0e68942f92a45b2c61cefcbd3adb4,2016-02-08 11:29:26,1rpj7tuQNZQyUJwTgayjcjtDxeAH5hiEM,6.06690176
e7f96b0706d6c79111c9afbeea788b69bb3ea1249b42251c79da67281f90ff37,2016-02-08 11:42:38,1H1wygm57PkiFSijTw5rtnS4vMaPb4c8P,5.7804189
e8278f8e610018555205a8115a57879a29d70c7a6abae36df829dedc1b071b42,2016-02-08 9:44:32,17UuNJumDWj4ySy9WuqjZhgnHcWmVvsV5d,45.503607
e912e4ebaf7e41e0ff65d15514cbc3646cc15db35869b81b95c654850da1b14c,2016-02-08 10:18:03,1CxrEoUEELU2tMaZ2Bg2jJKaY8f6ZHgwbi,18.59
e91c5149937674b082b3e017aa0e85ea8db768fecec91520aeeeee25d12df565,2016-02-08 11:50:09,1468qgGJrwyAtbvwDy1FV9BktovAPyLorT,6.87431722
e95e96a273b0605c009c60c9dbcd7f26e6871622cf2546d2b6424f0d55eb7c47,2016-02-08 9:26:04,1PKNDBav3KjANxCVeZhX9e8eQ4yL6XPpKT,74.9911526
e9c8d7d067fa5f96674451e7323f13c1a4c5d178c2a99661f09a634f788996a4,2016-02-08 10:18:03,1NKeX84txq7r5afTS5aFiuiQFyVQ73SKBs,16.89960312
ea197929d7b38eed70d3f0629710315acd2139fef218d7f762a520b2eb5c1a37,2016-02-08 10:18:03,19CzFHvNSUvPSoq8ttGLue6SKw821b8VJ4,26.9899
ea234d0b62aac84865692c6e13810556104e7a0fbcb959f31c8d71104b155b27,2016-02-08 9:44:32,1B3W6jvMeTR3uhkgFtgrNrcev1PxKShEPL,38.7858021
eb4646c50c26cccba844a7d099110868e7234bf8eab39f02ffb434b97c2d383c,2016-02-08 9:44:32,1EYUKrNzKgeag9zr1sSr3PLg22x6N2SZVD,54.94919985
ebbce73ecc0a0409e9d40fb12f0aef3b7b38576a3334675f24f7dd21a110ac96,2016-02-08 12:01:35,1GjTGLUHRwitCgWhJgvuhFdZ3vatTzrTcV,4.55489724
ec71f8aea35f9c382ce0e161e1f49de3c75964c39c0fa62dc55368d3ad5ec796,2016-02-08 11:50:09,1Ab1uupjKT7fGGkvvtAyVwi8G3vwM4t7Pp,9.5550402
eca1feae9524f80c1f5f0dac0b039e4d548e0d28434ff13e73891ea2e3f2a5f1,2016-02-08 11:50:09,1MSTgqiFJoLCYA36irBZDCEtMAbkT4yL3w,9.35791924
eca6e6da3192a7c4d1f20aba8113374ac0758f8f1c844748d3ef83c5ea5aab95,2016-02-08 8:54:54,13eXkygLJn3G3BiEZB5Any7Gbfg6bHwik7,448.7206278
ef94bfb27e8284ddf36b9d791cff29da8e9eec2a166f44e9b618ef34ebd685c3,2016-02-08 10:19:02,13JrCjf6Q4yJE12d2DN9mqHxp4pGG96K8c,15.7150797
f03e973a76b1585edc47beb5c292d29d7ff681d29b94b0c6bd38c8ac63f3888e,2016-02-08 11:42:38,197q1YDQtLdjm6shsscizqirXfhRNf2mUJ,10.44
f081bd9d3ae30fd6a177269a8859d158ea26aaed2379fc4c5285d287d1833c4a,2016-02-08 12:01:35,1D47azPbPQgZ8o8UHHm93HoN9TUKTi6XJT,4.983195
f0edf0ab2fcdd82e2edef25f0bc4548da1c0e33b8f880300e70ca43caaf99831,2016-02-08 11:42:38,1Ey9yt5UXEjYWueXj1FfZZw61R1MDrAzR4,9.86096894
f0ee26809300bc60b12a05ff15f060066801d89295e6ea9f51e3e3ce02d953fa,2016-02-08 9:44:32,12gr3sAXrA9L5HLyhXYpEe9ULdDN25GfBE,50.61735585
f1c589c06a3379773d64584d6cdb3ed0d886679724a9e216c871ab6a6ad4c8bf,2016-02-08 12:01:35,1CuSApc3o2Yut1MjVDHysyQkJxkY2Fv3oQ,4.78370357
f405befe7f60e9102b433fbd9100d26c33246ae82b3d0e60cd631f9360088ea8,2016-02-08 11:42:38,1MpNsWS84YU5xjbWHD54rTED6WvKkNcdgC,5.8241012
f47ffc24042cc55a4e68b00cc38e9eec9b89a14959c839cb7a5fb0d89a198ecc,2016-02-08 9:44:32,1BmqcHetgNzEcxHxuYDNWJwzNNQYRZCGhb,53.92588381
f4c991235868bbdd2f4936731d7d000be585390b5eb32b16e43dafca24cc34ae,2016-02-08 9:13:09,1PcuGqFx2ALwbiSLzZtgHexeRLZK8ebjdC,171.5499983
f4f995e2b36303e0aba446c4bc7e0cebb723cb8bcd1bed32644625edeca11908,2016-02-08 10:18:03,1HZC8msn5ycSynULbAzW1CGQAtTHs3Q6W6,22.52112995
f5321d52e79fd21b53931c40e47fa048a2b80f46e41605430b01f1d2cf6bbe79,2016-02-08 11:42:38,1M9HY4ExWUqtcEXAKec7DFGPhqUqaQ4f8E,5.85487465
f586ed758b4a085deac529cf676ed85306500cd0e91c98af1b031423d2c8a860,2016-02-08 12:18:35,1EfNL9w5muYTMnssACcQ9icwx2CahWfP7V,4.27927049
f58ee0af4cdc4a70981079c320fdf18350806b33a9cf374be46bf86e72d2ab40,2016-02-08 12:01:35,1BL2M7WfLQaZh9jMr6YHWGJSR3TS9UF43U,4.87663181
f618c078d9aaec4ff01bbcc228de50d4c0ec7596836b3944a3d115f1182ba2c9,2016-02-08 10:44:46,1FPpm6CqDJQhScdoVufkHEo9tD762E5MYq,11.69195838
f6882e252643008a877cfdec6b070e33f5630e1131a88ae3cf8d950779eb794c,2016-02-08 12:18:35,1JckXAHkfP46EWC2Ch812qyuJWh2RMEfGS,3.99937463
f704752fda63ca2f400fe596f775989513b6cba3ff68be59bc521130d6743f36,2016-02-08 11:29:26,1NN4T2bYMeS7M3xKxM2GQEfNXJdJrBWf2U,10.1858363
f737798a4aa4cd4f1af15e60d75cade67a26f1d63594f37c3a314cbaf56d48e5,2016-02-08 11:21:45,1QLSpCfnS1YkBu9uQqesGmL5duasNfeHNu,8.64715549
f762e9c7c48421414e67f1df1ca4a41aedb90a7af9d617c5ecaf718579ad55fc,2016-02-08 10:44:46,1H2gLR8MTTD1BEHuP94XLmz6tr6XDZCB68,11.55821713
f7b2999375159d2df36d99ac1954df8ce79db9e8672843e17ce1e5810e950d15,2016-02-08 10:18:03,1G93svF697FDk1D2SYiKfB3H9uqNo3tMjk,24.4964813
f7f96d56d2a5359b25656695c58e246833a8c473421addad88c40156f058f9a7,2016-02-08 10:44:46,19LJJeJeh9r7PN6whMDEWVSpUMnoU2JFqS,11.56854318
f8f969ee7ded97cc7ee73f594ca40d2d28812581026005088325e1f16d3d3544,2016-02-08 11:50:09,1L41ASz27wYhJQxNwWU587gjx4i4sx4YZP,10.8743876
f9994630e80409e652fdb18bdd0590cf637206b6e76086be62db355223fe0faa,2016-02-08 11:42:38,15ayJjazL2WHDYUkPQG1jr8CdKDYCK8r6t,5.64525141
f9e92e9edae74b9d716274775a15989ba704d329d927fd8b975259d4f82d8e18,2016-02-08 9:26:04,1QHrKMtw8PYkmTHYzSxF8NG3KyupJcvYo1,99.55046178
f9ff3f3d72cb16e3cfdbb24e98cae88e5cf6b6675f688da1b9b87b0814263309,2016-02-08 12:01:35,13Ws7zuLBkBaaJzYhfR2f2WJNgCVZk5dxp,4.5244453
fa03c26c4c9d996e7a153580df94fda23c6665441268b7ebf699717fe3aecefc,2016-02-08 12:18:35,1Ks86zFM9vaJCKyaFzEDVLpDQnQsb4JZp1,4.2717142
fa7c9ef50d1150424343a69bdd480248ab960882c29d3a2beb5bc633e3d57813,2016-02-08 10:19:02,1NJ6bSLyrWn712NPjhiaiDneNVaKpGagE7,15.5983
fbee1cb2cd231c2210356381503dd38281f5c2ef699096df6e17276a2fc077ee,2016-02-08 9:26:04,17ovciJQAumaBmUqdDc53urBEaPBwp6At9,99.99
fc1a5c2054395b15fe4425d56cc088a9414e669de213c802a6f5dce26cfb41f1,2016-02-08 11:29:26,173KnEV6EyYijNiLN5LsLezPQLoMRc5zFH,6.06720917
fc3640ff18116b6facbbd8a1b6460654404e4d6532d301d62f212e606be731cf,2016-02-08 9:44:32,18L3JLAZmJZDe3uo7p6gEFkq3t1zsw1TdY,40.68154218
fc59de9a9e69dc4e6d0c4d8c74acbad266576ee01912609422c466cce2fc8274,2016-02-08 10:44:46,17xxNZ4o6fJcsBmqBJgtoVBagYh2xeTAY8,10.9138
fcac97e1190270c6ebd244c626f424863d2875a8d1a22261d7ffd171012be148,2016-02-08 10:32:20,1C12AxpPJzkVbEC4uqoVh8XjxLHjEKBgDn,13.69077634
fce7e06638e56672a6813d84d1e723962538e3fe79a23898d8dfd8051eaad534,2016-02-08 12:01:35,1PhaGG5G4rQehbQ3ADPDafzb4k1Rqc8Vxv,4.4402
fced9d56c277b436574eba0d7f9aad763040e317b07eb3b37e3e7804058cf3d0,2016-02-08 9:13:09,1KDWEbL9XSjFHUkXQsRufQDQzM4CHWthw1,115.0064225
ff1e7d7a72646b9d148a35ae7eac5623dbab466311e530f9ded7f1c836ae9048,2016-02-08 9:44:32,1HVTxoU6ohaoyvCUGBmJsyeKn4hWmgSFrx,40.0902
ff817a5ce121d2e550f3963cd9f92d4d838456f91c6376e0b928af13ecedcf9c,2016-02-08 9:26:04,1PPDwvP4ZFpCetDrNsqhMZFsySCiF22BDt,69.54094809
062bd5e1e748be662145e035ec1b4e1547bc706a0b04bf69d5fac52cf3ad3221,2016-02-08 10:18:03,1LCkMksAGoL2ZiyGpfctoMhtxRoSuk3HA8,24.9902
0667650cdcef3f3d6e727989bd53214beed46f9e303a5fca9ed4584d038abd23,2016-02-08 11:42:38,16pNX78BAS1z2yjDZF2NYHznSnXNiG5NcY,5.9902
0cf4e47a30e2803834aecd64551b8ace76bf2a9e6f644fa3d44097ccca5b4754,2016-02-08 9:45:50,1CLDSh1qeXbVCMNN7A3wqk7TdoFJsFc6MJ,31.9902
1576594db721dc18155c36b5a3ece2bf6a85fe8a484eb33c0b1fcf279ca62396,2016-02-08 11:29:26,154ip1JTjCrMWWKX2yj69LtS8pYUHGZaot,6.9902
1f11f7de8d249845b5fd8b5be7a26e0e180e244d21cb0e6b3bbc7d753f23562e,2016-02-08 9:26:04,1AoEeNTaVvvw99Rizqq3TqJsNjrkqsnyie,99.9902
225d0c41e4c9dd3983d37a391e28266159f44f32fdf3f6f5aefb34e31dc2d492,2016-02-08 10:18:03,1NH1hhUPxZD6Q7p57eWx84Jj6ESXYX2n85,19.9902
23a5ec79713f1bd03da8c29829d7afeb1234d41cf4f8c62c2b43a6ce88ccfb2d,2016-02-08 11:50:09,1DU9xRbhPKJqDL1VpnxfH7Tdu5oqaFAP8T,4.9902
2be4951b3e56a857f34f41e6c6154a32ef1e23e91442851bce10d40be501ace6,2016-02-08 10:18:03,1BGM2GyzUyJpStb47CeeG8pXtb6pgqJ4iL,19.9902
2c121483dfda8c2e5e561af75a49b81eeb60cf88f65cbab1e9d13d1716443b61,2016-02-08 10:44:46,1ACh9rKgYXy3BBRoFaBBsXuS7BqoDEBoRn,14.9902
2f96070a4d8c7cf6277cfcf32781d4f48a2c8cb232a5432c3f25c61667b502ac,2016-02-08 11:42:38,1C8ERTP8qwxbWsNvG6rzyXPdkWt74fBqo,5.9902
345afc1ef6c40437968a17f53e547af8ed0b975c55c955507d5b8fa34e01a56f,2016-02-08 11:42:38,1JuQrrxXQV9nvEXSJDrLVPfUK7eqG8KUSn,9.9902
37be94fc21f6350d0191acbcf923e149869f0f15551df260b67932a887b99ac7,2016-02-08 9:26:04,12mTuYykyZiJq1WLC15zr1grvV1LfKY7Wi,99.9902
412936166bb2ac0fd278c0e94c6cdc4bf755d3adb6f33c7d7c1a5729ff80f8e5,2016-02-08 11:50:09,1CLoBRkcUgiRvyMgP5kaTwiwCfmntirTMo,6.9902
43dc73f56a59a800af8970594e0798c8a4e7eef812e6290c381df591dd08567a,2016-02-08 10:18:03,1EFAaBj6XSHVQYHTKdJdrAmpa4sxUk4KYN,19.9902
4775f3306bb0ef2763c7b3bbd66c9d103bb72ca1a54e383173190a52a71ec6f4,2016-02-08 11:42:38,1KvBUQgSvRPx4kfxq9yZsEKvrzWvUWbx2b,8.9902
53520cf1f2ae073f2156b34363785002010028663e09b8f89bb90d3903da88cd,2016-02-08 10:32:20,16ZnN2KsAw3ESwPEtX7YoZtFVSPVwt79aZ,14.9902
566b91a28202168258f5ba65557fb2a8af86610da94896a898acb1feffbfc4b6,2016-02-08 11:50:09,1QGuiPJDkpSpS4dJYJ2Bq5Rp6H9NHtrvJz,4.9902
5671ae606f3ab9dce4cb77f65ab20b190a6790aeef341699b5354ac62b925e26,2016-02-08 10:18:03,1J25AYaKizT7Nu7nQDjjk5PXv1k9VsvvwM,24.9902
5aea6779e1859e1aa8ad737f982b42c0338ed6e0a58a22873f8752874af54174,2016-02-08 11:50:09,13hVSGgF1BqAP8iAWc1MJq9KuUS9pxRrpF,9.9902
6ea88e01734577264a2ce0d7eed26c8367c9274762404dc2218138f3105f5162,2016-02-08 9:13:09,1CN6eaLh8UXLPGwypF3AkAynCvgGpu6oBz,99.9902
705561e26a2e2682a27e5ce5be7e76c0442fcdf860c50f45021a2b171362cccc,2016-02-08 11:50:09,18dHoDCZYtsi1ooJVZ8pX6Rn1AspMr5jJq,4.9902
713a1315283093e236d5f367dd4677c0389a5882a69ce3fed782fa535aa2195f,2016-02-08 10:32:20,1QCnBEKVocbwTW34QoeSkv5FjkNbxTN1aL,12.9902
7da35ad18b212d93aaf13ee3cb362704abb96b22a0a8ac87cd48d2fb4afb52ee,2016-02-08 9:52:41,1BtpWJAJRHKmVDyvmqeTTssXQQ6uuvhBPS,29.9902
81922b858c0babd09307577448956e3e184155ce7562064a1fc286f7c3f7e1f3,2016-02-08 11:42:38,1GkfiGVq2hioBkE5geQDW3tngmxfgzGwJg,5.9902
83b4174f017fc95712cdee0c21e9b177478e40ca270f8e352c4e89c6fc94a3b3,2016-02-08 9:26:04,1EjVmpUXAAtA815jkoxrj8RKSLATtBvo19,58.9902
8605d410967124e1ec3ecfd263c08b92e48b6e2afa3435d56c16e2dd7e80ae6e,2016-02-08 10:18:03,1Q86iEjy3v4U8WbduoyAE2k7PidqmLton5,19.9902
8bde820f79e2fa2c31ce4fac3ca7438f6cef4e036eb2a88158e530f60ca9ad44,2016-02-08 12:01:35,17EWHhgADrrmp72uFDAPVq2Uq8tjtfZA4D,4.8902
928b53b470d547ca111fabf7f0941192e61742ba7f842586127c830a4bc6ada4,2016-02-08 10:18:03,13ZgGKMi9abMt2ydD6nWXANkrwYSFzBYeA,19.9902
a014ecdf35afc598e3eb949dc40c6483d41f1dc189897e08a73e9903b639d3b1,2016-02-08 11:50:09,1JKkiMBVy2s5yT9oxLyoK5YmuAxM4SKp5C,4.9902
a02c5e3730c6031b1bac7a5775d107822ba4d6f02ad7e081f1ea001ab1d05fc7,2016-02-08 11:50:09,1DSsVZDb5SmW8cJPDrXV6Mx9BRRjtAB1Ys,4.9902
a05baecb15ce11aaf46f91757c689c319617c28329b9a74bc6b3d9f6889984e3,2016-02-08 12:01:35,182zWc6esnddFziXKYSghtfudBjWCMw3R4,4.9852
aee42c5a7047ef231ecca7a92bf0f2e12adb354cacfd5661251c855a7e127b3b,2016-02-08 9:44:32,1KTG7ohw4GnqiDNZT1CrATyzdGbRVXYobL,49.9902
b499c7fab33f8d47dab3416f9d013f6dcd56324d90b5469dbf27788e2332b284,2016-02-08 10:18:03,1Lh1YkLQgHWxSF6UpEBxpCpK3ru3knFZKT,24.9902
b695d3ad192b011802e4c6bbdf7acfec06217bed396a275666e881f09daa7d4f,2016-02-08 10:18:03,1A2anPtMoivyd2tWGGbsymntE5bZR3GJ4a,24.9902
c328654d73fd9d9433907173991e62049eca32f5ba14de7d03f6298abdeacf96,2016-02-08 11:50:09,1ZQuCn19vzAaqhsX4M9PYnXLtJ3UnQXyJ,4.9902
c984f5b12e0f63443d53ee83c521967049d32f15ec331b4f2bff20d763a21756,2016-02-08 11:50:09,1JC1UJ8drEjwAEjQXnKp9aAsaX3wyecBVR,6.9902
d39fc0ca37a3983231b9abc05dea9bc794721d69b2a49a73d3366021f78e2b1e,2016-02-08 11:50:09,14feghBuuzf2JLs3mRp9VEBMNHVdgYFx6Z,6.9902
d47415c1c712c054dbd8a39ee7d76cc3367aa75085ef368580e5038818267d21,2016-02-08 12:01:35,1FTFDURdKijYom5koKBBGNG6nEFTjiz4wa,4.8902
d581ca83e5d29c1a70d81ede0e98d2c24ce18f4d3c88d8caf3e53e3745bdca4d,2016-02-08 11:50:09,1JHRnGgu4zhWtZ7ts8RXXRFhS3cXY1YW7F,4.9902
d644142e7006ae11151b591cad9e0eb710829db221d47a08da0012925aaceead,2016-02-08 10:18:03,1ArmsBsD8X1REZddSFUwSQjVZzGRve44Q8,19.9902
dc06a56efa00e890e9386a23611728b309c395e0b06735ec267dffb92586b5a7,2016-02-08 11:29:26,19zfMi7Cq6z9r6raKR43p8BBsfCbz13oNq,7.9902
dd1d068ba4993e0d9252f50a00a280a357e9eb2fd346b91986b1e2551eb3c619,2016-02-08 10:18:03,17CTPDqhPW5Rfcsm8LzfUkEXK3ZbZdDZiM,19.9902
deaa207ba9f7327c97971ba6ed73dcbe67089305d92a526bb6e24f0cef8ee577,2016-02-08 9:44:32,1Q4Pie6ZgVYzCnn2FjoULhF167esE82kPm,49.99
df284e425382ab29c0a6b3f00b632d4698368f97747947c5ef145407a7947b64,2016-02-08 9:13:09,1MC2Dvd8P744K5Hod8EcZJkuW6o1ehPjm6,199.9902
e415a084a072d812e349732e39893907f5e71ed2ad8c5a5bcc634d825b7ce72f,2016-02-08 10:32:20,16VrrPXK66a4fxXoqkktdJmvXu88mvdsys,12.9902
e97d2e44db5a0c119dd7c4bcc2cdb429e443478d15ed70cdf2a350763060a98d,2016-02-08 11:42:38,1GEeGEHvpRzS57VaqXFMHhJVNho9Ngp5Er,5.9902
f24c2f6ce20905e8225973c696ac76d2dca8c05bb5314bd194e71485910c92dd,2016-02-08 11:50:09,13Zn8xTmUxniBn7Gi7icFn3Jb3gDcQoceC,4.9902
f36bcaae66ee8b4342809d9fbddbef0a8b19d25a9721f13f5d84b10bcafb4d12,2016-02-08 10:32:20,1BnGg1ESvVb1dFHa35pC4fjpRuG3RbjRLV,14.9902
fe44c3ffa6d96eea42bfbdb9c8db776716a2612d2362c5add9b3640ada0085bd,2016-02-08 11:42:38,1P9kpV8S2MdsSEPeLDodk4HvV8MJdVQ9em,5.9902
02e472ecf6d7bf2eea378b1e507176df9d71e884823e6dc8295386be407408e1,2016-02-08 10:44:46,1JetieoeNUFUgZWaRzvVKnaE8MWrombrzr,12.9902
0c0f2c46d93f762337bc28dcdf066539274b0d7e4d8a0c61a43ac86f5394cf12,2016-02-08 9:02:45,1G54aPDxJ5uATNZQmerUZgAbt2qUpTrYBv,299.9902
0cd7414cdca87230c7f26060ca270f6752ad227d1995d63870951f2a588d9a8a,2016-02-08 11:42:38,1CYLGSPxpskeHEaqqwmsWkWyotjse3r9Ug,5.9902
0dfd3c51ac7bc2d87e74139241d6a60a124f40acdc5d3b3c3b7612d966a92259,2016-02-08 11:21:45,1HuZeabqcpMhSsSf7rixvW2if4pQGz4yH2,9.9902
1149ae1ac4610d9b7d5c9fabe8bea52a248ec15f82dbaed1add964f700e551d1,2016-02-08 11:50:09,18Ti7hc7nXvEFKJkSJ9av2Neh568sNjm5p,7.9902
130a3b86951a2841262bb6f85a6dbe276686dc4c4c3aafdd8ce7e98ab12e1d07,2016-02-08 9:45:50,1PbES94gWffjYHu8UdgbzfLymzvipgBkxJ,31.9902
1c41b74dd66cf2ba5f05f211a51b981522ac697f04b6c8e775916d604e824379,2016-02-08 11:50:09,1EhxhNRvzRb4vDQ9JjmqqpGNQC9k2bxJNr,4.9902
23cf1c991f34c036abd276e5f2ef641fcc57f672f48f9a6907b8a66e3b07d7f1,2016-02-08 10:18:03,1Crz6LQ1JMpFb4hY8xvc2LZN3bHvvjSV4y,24.9902
24bead940a8c8eab009602807355eef1b919f9cd683eee68a72e709f72d4a937,2016-02-08 11:50:09,1A2mQ39aQK44tn1EbfeZtoXDVWqjbpcbZe,4.9902
2b965667fe2bcb34b7662dd8571e62d93f4cd3ef08a3250e45f5ed6c2ccfc258,2016-02-08 11:50:09,13ffHJeVYQAi8mdWneg8csiW2yFGpDADUE,7.9902
2e20d041989eb69a19f6e72f6a9d3fe7d505c1b57767aa83ca60b533cb7ebb07,2016-02-08 12:01:35,1Pyyeb7EAvRY4nPSRW4mXZQHGnoLsUUYVB,4.9852
3092f861d3529d70711ad4106d6793b3bfa55bb3a8925fa6de74bf4dbf4ba114,2016-02-08 11:21:45,14C4pCxmsNDV56fbXLxNnk4Awx5VrJmpYJ,9.9902
33a40f9eb45583c89e43d06fa647bde1c805fe606fdc1e78e4187f025728d48b,2016-02-08 11:42:38,1Bq9F6uvV3LSuRZZCCBRCwyTQrD5m8WXQi,5.9902
33c8173858eac00a229fedf99e0ab2a3121d017d4f6066cf353d706988012df6,2016-02-08 9:44:32,1GCDwTNfHDWHa7e9WzYc62xB8CDq8o2D2Y,49.9902
3f5d9745ae297d182a324d665d222523cef39210eb225e921718b995360b620f,2016-02-08 10:18:03,1AukX5cpb27BGLUoyRjpAnTT5SohRJXbbn,19.9902
40f8ace75c1f78309788b1746d1d25061636a2f4f7a690e77ba7fd937555cd9c,2016-02-08 11:50:09,13xXzUFweFpazfg15azSXpjcFtPJaDv1FE,9.9902
438a9669599fe10a0c8a2188a8cd341b7178be7c847f283573058e74f973665b,2016-02-08 11:50:09,1P5cJ43rLR6My413jVPpKHb5mW27Qtwdjc,4.9902
4410f19fb7f099a50611aa34c5b83f29b89e410ae21952c103c973b961e9816c,2016-02-08 11:50:09,17AUH9DLNsnwU6iVSg9sZiKjz6Wj1BRRdB,4.99
44a602edae12823afc23c3b50cb4cab9baec2e107f089b67b4d01cd42e74294b,2016-02-08 11:50:09,16gNT9MPwPnQA3iGRrVGV7vDu2GymQet2B,9.9902
4956e23c78fa421199e8b8cd8479d6b774d119b5989197c3d119afcdc5392509,2016-02-08 9:13:09,12RtrcRNqmu6AF2nHtLm7Bn6TddguMBrrk,99.9902
502121fdf85e81a9c536c59496c27d91b9ee00ccc176a8d5b0b3522e52f0bbe9,2016-02-08 11:50:09,19gEiA5Jfwtm59Q9PMjfNDoAWvvrLpKhhU,9.9902
54234ba6793d0b0593a857e56ec739f14a43cab307d39bc0f81d2ffb55ed6a73,2016-02-08 11:50:09,172n3LJzAJATcmWFQnPxW3qAvYe9Z8LMkx,9.9902
5588835c96ac2924d99d4e96b0cb6083ff49a0338bd9889deaaf93672c5b74af,2016-02-08 10:44:46,1G8NerEiF62ENvhyF8gRs5B4eGvRP2Wpzw,10.9902
577c4707906d2855d5d2dd580af23a456d3efb1f210dd3fac43b02c7c3339d12,2016-02-08 11:29:26,1NDSs6ie93fmNP3Dx8Z11SHNf6opyXeug7,9.9902
57ca6fc6c90685b84e79feea2248b6d7f2c55e2fa66eb6d7bee1b9839226181c,2016-02-08 11:50:09,1MW8XfB91iJb6rhWZ5Zvjq777LY4FsPo3y,9.9902
5824da1557639f6bf83d2b13a709c3a5b2b57a1ffdcfe1487f2a2cb2fbd2ed4a,2016-02-08 9:52:41,124cPPg1Q3Z1cRWJBQp8yNg8MLkuzJar9e,29.9902
583c77bb81c8b787db17968ece4b46ff60bd941feb86f7c741af214fe91c16da,2016-02-08 11:50:09,113BE9Ve4Mxpau7gLCk7TuE8EU84GKtyS3,9.9902
5baf51819ccdb51933b07a2469a536f79d7d0b0b4b06fd60817a1873708be4e1,2016-02-08 9:13:09,1JqkjpGsBqUnboewGSHpEEd8rgodvSodyu,99.9902
70e3f0958573c8e70fbf1fbfcb0485765caf3a90e59a4a2253cf4f45fb00cddf,2016-02-08 11:50:09,12E4CNFrVHiakMXEAYeVNEauk4w4P1ijR6,4.9902
75bdc3ce9ca7c7edf25ca81bf0652969c0864e29fbd793ca082f5cab948b261f,2016-02-08 9:02:45,1JCNRgb2muZsMnb6oph5Jr3HoGzte2MGVd,299.9902
7781511c66e565c43c0d7d6b88125d35f5aeb055ee72530c8675d0631c5b9b1f,2016-02-08 11:42:38,13yB3PjNEfvxRfsrUZJxPQr7QnHaHhdyB4,5.9892
7d7f493872fab4b8da6c42ef0780ac81af4312ede9fc673a98e8b0e31030238d,2016-02-08 11:50:09,15fMLi2YA3vhcZDvRVX3wnXL7bLQmY5CWf,4.9902
7e384678ae77301782af0bd49c92926e75f414e4bcff124205ccdd02a598b646,2016-02-08 11:42:38,1JaMEjrcBuSxS7LiaLEK2owmesxW2nHFcj,5.9902
7eafca3a07bb6b45519638c32cb64110ea798cf69673aa51a5aea33dcd318b80,2016-02-08 11:50:09,14mZaKg4wZxDwcevLbC69GkziszC1zVNnW,6.9902
7f150f9c5283a69e511b309b68d7a6118bb45f18ada59ad4e5cb88d9972465aa,2016-02-08 11:50:09,1MduvBSE3R6dET2VVstA1z2K5w52Uqgdbh,7.9902
88e470a405defeb256a8ff185d34e1745826c40aca23ce0960da6d8cdf61a89d,2016-02-08 11:50:09,16rADhxxNp5bDDAfzRKKXcrPYPjM9qYkP7,4.9902
8cb03286529e109ca3829d587de6d8a23296d4f24aea27725543de05986fd670,2016-02-08 11:50:09,1E25EoZHj7B7bfeAHT99aaLsG4CBSGdXEb,4.9902
8d33014318a227e636085dea8d65c0bf8ae108303906a21c17b5ed5b033bd07b,2016-02-08 11:50:09,1wn7wzLx59g9saZJHzLF6mDzYp3XVJVci,4.9902
8eca61ae0012c249335382e80be47ebb8b228a086d166a43d64ba4119ffef789,2016-02-08 10:44:46,1ScpLhVquQ8GKx2f1rUJQw2DzT5dDNJgT,10.9902
907a58fcb515dc9cdc33a3c3d809933a18cf64aec52499926cadaf6c42e7f4b4,2016-02-08 11:50:09,1G1bDJT52Bn6JE1zJyEeCzbKVn2coNQmad,4.9902
9173979df884dac7946e13fe3066a44f99627d19c4808a41be083ef6a0be6196,2016-02-08 11:50:09,1CckgDLz2AcLZpJKJPhzeigcyEMGnkUo3n,6.9902
96a301dda5d6f1bb0f64416d5dc7e7ed7b98fd5c635c57d4a436e35037780669,2016-02-08 11:50:09,1NGseLf4Dq8arkbn7K4aeXxLTcfQSHeZYQ,4.9902
997da43e2e03bf4ca15a47f46e82b9a4a3d509099b1896932d5b1bf05e88ad9a,2016-02-08 9:26:04,1Jha6wE61JJvcR7RetZS2tKT6Sp3C2Rog2,79.99
9ccf6765316ec34d90187af76a3daf41e6126bf7d849920a5a76ea2673134dff,2016-02-08 10:54:52,1NdbJtSsA4uPFia3YGxAikyqYUHNGuEVeu,9.9902
9ceceb87af8dd8cd5263741fec838506342134df7eeb25d928cd70c1fcdab462,2016-02-08 9:44:32,1D9gJcibfBodb79E75krfrD1uhvqRGDzP3,49.99
9ecc32c3f46a60d8c5327b377668bc653b546506b3d881104595b102a1e2d0b4,2016-02-08 11:50:09,1LyJF83keFBfm3wpA7E78V3JYAUvUEN2kk,4.9902
a598a417a1f3590b01193adbce9c32016032fbd9499c27b3c77a88e04fa2e6c5,2016-02-08 10:18:03,1PgTK9jHnEWfnuUziqsQBjXTF8GdLVALFS,19.9902
acff5bb993c4f589a594895ae09a99dc9f7ab51094431ed6e093c528ad7ba296,2016-02-08 11:50:09,18PhbuXydFPcBYC3oTTCxAMcfwPhKHc8wQ,6.9902
b17ebdf8904d6721aafe05be7ce112f5fe3a4afd5e4a8762f79efbf4c652dd53,2016-02-08 12:01:35,17vr8WnJTN9bp4uk67SsUEYzU2tEqsSwa4,4.4902
b25f567c0507847add06d3b21932ddbaebf8a6ace84faf6faa4a45c722b8c390,2016-02-08 11:50:09,1HzD9oRuCpm8PUd7aTu63sNaSYYZbEJgzh,9.9902
b35efc0895ffaa172c677b9dd8f756eef2b62254c436649269018dd4c8b2ae5e,2016-02-08 11:50:09,1GMMTcjnio1z5MXhvqpZq9ps6d38Vc86np,4.9902
b955951c6a8545427155c3cf281e2889f2927adae356392c923b17d2d9e21369,2016-02-08 11:50:09,1Ncp3jwy9pt5JgN7oQBW7rT9N6wJCzwGz,4.9902
bc9bdd308a5de4612de7a7977c7262a0185688229b5b570d79d1d7e0c2a99b02,2016-02-08 10:18:03,1LX6fSfM1HTn9ymP79U43Piwb6cemmQ99S,24.9902
c109593d2dfba4a81ccf87853c115cd4ce72dc54110dce87fd03ac749db0da6f,2016-02-08 11:50:09,1Aq9xQBkW2yBjkH7rmLavKc2z4jwyWeB2W,6.9902
c4fa842b3f955756b25fc97f4a2d7353e7ff070a614904bb0525ec0bc59e92cc,2016-02-08 10:18:03,1Q3taDs84MDtMQUcGzWzFQG6qkquqcSoaB,24.9902
ca6bb59af96f77e44adb87382fae43619af5b06c4ca395c21c03c38820d20679,2016-02-08 9:26:04,1Exv7KjuGtoGLq5jHcrpVYyvbPZSunWtM9,58.9902
cd80f907e500860b8888eee75a56fc958488fe06ee9f694fd53f8349f477911d,2016-02-08 11:50:09,1NsFcyzr5EDPBrMBJjmdTCTPGcZHLWVCFx,8.9902
d8656988f682c8ce848f0e9aba9ba3850079f72034ece2cec01e17175030fe34,2016-02-08 9:26:04,1HmTmZuTctorYNuH4bVqA1vfyhAQN7GNwG,79.99
d905fd377559356711bd4320416ca54baa956e74d9626db6fc08297a5926342e,2016-02-08 11:50:09,13koSjzt7TEKKoh9NcSy3drQtJ2EWE44s5,9.9902
de21444eb332523fed03c60c7fdd59cf546fc2a2ea87274500557f4069ed405c,2016-02-08 11:50:09,1JpkQKGqK5G2RrfCkxGNNqdec1iDcDthgq,9.9902
de5d7b20c3156c4cbbc43257fa9e5738415e6ffedd11f1610b4467624cfc68e8,2016-02-08 9:52:41,1F7zoa934YjgDRErzM36FVqbLBTyBBu8uL,29.9902
e0fdb8e13aea658aef9784245657d2bde8018f377bc52c752342308480c2b09b,2016-02-08 10:18:03,1JGqNUuUaHu8GAUWZbtJkQzy8hZeYhKmXS,24.9902
e508fdba2549a394237cce1706f7d61da78f00416fb10cd4b08a1a6ead22e6e1,2016-02-08 11:50:09,1L1tsMoGWSa7aXsgCLYAkjhcF9x7gTUdfu,4.99
ef1be27aa47b21971ca7bcb7a24170b444f586eea20c689de4a7f1ceb7784b95,2016-02-08 9:26:04,17sEmm6914cyxDTPPDYda1j2E69vpokgdJ,99.9902
f3085a0b37daa1a2da71a1b639b9ad65ce70cef34c12af0579a33b320f595deb,2016-02-08 11:42:38,1Bvk41m1PzG1cDaMHf1CuAZUd2J76nBp8c,5.9892
f6f73b1fc521e67342aaaad5111fc6c6b63f264fd99072f054ddd17f8033378e,2016-02-08 11:50:09,14GvB6s3NKJKRnQP5Fwph5jD2XLf2zeNZD,8.9902
f91688069d3c714d1a8beab6c4c302e971f7c750c60be50380aa2e08a1c81606,2016-02-08 11:50:09,13NMmG8LAxv9zeLMqfPd5FUMStqBnmYnRb,4.9902
fb730bce7c6615b5f84d915807538b16ef89316a5cf2f493eb1c4cbc6b0a58c1,2016-02-08 12:01:35,1L17D2pq7a36jhNg4dTz4sqpYmHxRP4Yu4,4.4902
fb754232d4e574646bd23a2cb33992d81b6e1926eaa9b39a2fdc35c1ea487a2f,2016-02-08 11:50:09,1Q3GLeZ44pyEof1AvduLMZVTNu3evbWcbS,7.9902
fcc8497b2512e6816c4c432dfc0083b5f74e255025f1211f7f9a9038ae65127b,2016-02-08 11:50:09,1Q9ZrVENYdJ7pbtNsivEnmGD8SxbjXwit9,9.9902
fccaaa08a2c688afe036839329914e43a5212f03b41ea97cd2cfe907a9cbba20,2016-02-08 10:18:03,13J1Xv7Q4dVJM4vWxoLuzR5Lu8gsWkNdVw,24.9902
fee9b11f73d59ed6355c7cf8d8c88ed339784b1e5f470117b3c565fc030ef899,2016-02-08 9:02:45,17RDMFAeERQfmtYhdDkq61SGBE5WY8rxcU,199.9902
ff18851074a822feb61a028039d75d61c1f15cd9f28c9fe0183b69364422d96c,2016-02-08 9:44:32,1KtynizUyEQEuq4RKKb11tfWXSFt4tuwBn,49.9902